drugbank_id	atlas_id	inchi_key
DB00091	ciclosporin	PMATZTZNYRCHOR-CGLBZJNRSA-N
DB00091	cyclosporin A	PMATZTZNYRCHOR-CGLBZJNRSA-N
DB00091	cyclosporine A	PMATZTZNYRCHOR-CGLBZJNRSA-N
DB00130	glutamine	ZDXPYRJPNDTMRX-VKHMYHEASA-N
DB00131	adenosine monophosphate	UDMBCSSLTHHNCD-KQYNXXCUSA-N
DB00133	D-serine	MTCFGRXMJLQNBG-REOHCLBHSA-N
DB00134	methionine	FFEARJCKVFRZRR-BYPYZUCNSA-N
DB00136	1,25-dihydroxyvitamin D3	GMRQFYUYWCNGIN-NKMMMXOESA-N
DB00136	1alpha,25-Dihydroxyvitamin D3	GMRQFYUYWCNGIN-NKMMMXOESA-N
DB00143	glutathione	RWSXRVCMGQZWBV-WDSKDSINSA-N
DB00148	creatine	CVSVTCORWBXHQV-UHFFFAOYSA-N
DB00151	cysteine	XUJNEKJLAYXESH-REOHCLBHSA-N
DB00159	eicosapantaenoic acid	JAZBEHYOTPTENJ-JLNKQSITSA-N
DB00162	vitamin A	FPIPGXGPPPQFEQ-OVSJKPMPSA-N
DB00163	alpha-tocopherol	GVJHHUAWPYXKBD-IEOSBIPESA-N
DB00163	vitamin E	GVJHHUAWPYXKBD-IEOSBIPESA-N
DB00172	L-proline	ONIBWKKTOPOVIA-BYPYZUCNSA-N
DB00179	nordihydroguaiaretic acid	HCZKYJDFEPMADG-TXEJJXNPSA-N
DB00184	nicotine	SNICXCGAKADSCV-JTQLQIEISA-N
DB00188	bortezomib	GXJABQQUPOEUTA-RDJZCZTQSA-N
DB00197	troglitazone	GXPHKUHSUJUWKP-UHFFFAOYSA-N
DB00200	Distilled Water	YOZNUFWCRFCGIH-WZHZPDAFSA-K
DB00200	water	YOZNUFWCRFCGIH-WZHZPDAFSA-K
DB00200	water (vehicle)	YOZNUFWCRFCGIH-WZHZPDAFSA-K
DB00201	caffeine	RYYVLZVUVIJVGH-UHFFFAOYSA-N
DB00208	ticlopidine	PHWBOXQYWZNQIN-UHFFFAOYSA-N
DB00244	mesalazine	KBOPZPXVLCULAV-UHFFFAOYSA-N
DB00252	phenytoin	CXOFVDLJLONNDW-UHFFFAOYSA-N
DB00254	doxycycline	JBIWCJUYHHGXTC-AKNGSSGZSA-N
DB00254	mibolerone and doxycycline	JBIWCJUYHHGXTC-AKNGSSGZSA-N
DB00255	diethylstilbestrol	RGLYKWWBQGJZGM-ISLYRVAYSA-N
DB00257	clotrimazole	VNFPBHJOKIVQEB-UHFFFAOYSA-N
DB00264	metoprolol	IUBSYMUCCVWXPE-UHFFFAOYSA-N
DB00273	topiramate	KJADKKWYZYXHBB-XBWDGYHZSA-N
DB00275	olmesartan	VTRAEEWXHOVJFV-UHFFFAOYSA-N
DB00277	theophylline	ZFXYFBGIUFBOJW-UHFFFAOYSA-N
DB00279	triiodothyronine	AUYYCJSJGJYCDS-LBPRGKRZSA-N
DB00280	disopyramide	UVTNFZQICZKOEM-UHFFFAOYSA-N
DB00290	bleomycin	OYVAGSVQBOHSSS-WXFSZRTFSA-O
DB00295	morphine	BQJCRHHNABKAKU-KBQPJGBKSA-N
DB00301	flucloxacillin	UIOFUWFRIANQPC-JKIFEVAISA-N
DB00305	mitomycin C	NWIBSHFKIJFRCO-WUDYKRTCSA-N
DB00307	targretin	NAVMQTYZDKMPEU-UHFFFAOYSA-N
DB00313	valproic acid	NIJJYAXOARWZEE-UHFFFAOYSA-N
DB00316	acetaminophen	RZVAJINKPMORJF-UHFFFAOYSA-N
DB00316	paracetamol	RZVAJINKPMORJF-UHFFFAOYSA-N
DB00317	gefitinib	XGALLCVXEZPNRQ-UHFFFAOYSA-N
DB00321	amitriptyline	KRMDCWKBEZIMAB-UHFFFAOYSA-N
DB00328	indometacin	CGIGDMFJXJATDK-UHFFFAOYSA-N
DB00328	indomethacin	CGIGDMFJXJATDK-UHFFFAOYSA-N
DB00330	ethambutol	AEUTYOVWOVBAKS-UWVGGRQHSA-N
DB00331	metformin	XZWYZXLIPXDOLR-UHFFFAOYSA-N
DB00334	olanzapine	KVWDHTXUZHCGIO-UHFFFAOYSA-N
DB00336	nitrofurazone	IAIWVQXQOWNYOU-FPYGCLRLSA-N
DB00338	omeprazole	SUBDBMMJDZJVOS-UHFFFAOYSA-N
DB00343	diltiazem	HSUGRBWQSSZJOP-RTWAWAEBSA-N
DB00347	trimethadione	IRYJRGCIQBGHIV-UHFFFAOYSA-N
DB00352	tioguanine	WYWHKKSPHMUBEB-UHFFFAOYSA-N
DB00358	mefloquine	XEEQGYMUWCZPDN-UHFFFAOYSA-N
DB00360	tetrahydrobiopterin	FNKQXYHWGSIFBK-RPDRRWSUSA-N
DB00363	clozapine	QZUDBNBUXVUHMW-UHFFFAOYSA-N
DB00364	Distilled Water	IPLJAZDIICJQEL-JTJNLBSYSA-A
DB00364	water	IPLJAZDIICJQEL-JTJNLBSYSA-A
DB00364	water (vehicle)	IPLJAZDIICJQEL-JTJNLBSYSA-A
DB00379	mexiletine	VLPIATFUUWWMKC-UHFFFAOYSA-N
DB00382	tacrine	YLJREFDVOIBQDA-UHFFFAOYSA-N
DB00384	triamterene	FNYLWPVRPXGIIP-UHFFFAOYSA-N
DB00391	sulpiride	BGRJTUBHPOOWDU-UHFFFAOYSA-N
DB00396	progesterone	RJKFOVLPORLFTN-LEKSSAKUSA-N
DB00398	BAY-43-9006	MLDQJTXFUGDVEO-UHFFFAOYSA-N
DB00400	griseofulvin	DDUHZTYCFQRHIY-RBHXEPJQSA-N
DB00403	caerulein	YRALAIOMGQZKOW-HYAOXDFASA-N
DB00412	rosiglitazone	YASAKCUCGLMORW-UHFFFAOYSA-N
DB00412	rosiglitazone + carboplatin	YASAKCUCGLMORW-UHFFFAOYSA-N
DB00412	rosiglitazone and AGN193109	YASAKCUCGLMORW-UHFFFAOYSA-N
DB00428	streptozotocin	ZSJLQEPLLKMAKR-GKHCUFPYSA-N
DB00433	prochlorperazine	WIKYUJGCLQQFNW-UHFFFAOYSA-N
DB00437	allopurinol	OFCNXPDARWKPPY-UHFFFAOYSA-N
DB00443	dexamethasone	UREBDLICKHMUKA-DVTGEIKXSA-N
DB00445	doxorubicin	AOJJSUZBOXZQNB-VTZDEGQISA-N
DB00446	chloramphenicol	WIIZWVCIJKGZOK-RKDXNWHRSA-N
DB00456	cephalothin	XIURVHNZVLADCM-IUODEOHRSA-N
DB00457	prazosin	IENZQIKPVFGBNW-UHFFFAOYSA-N
DB00458	imipramine	BCGWQEUPMDMJNV-UHFFFAOYSA-N
DB00468	quinidine	LOUPRKONTZGTKE-WZBLMQSHSA-N
DB00477	chlorpromazine	ZPEIMTDSQAKGNT-UHFFFAOYSA-N
DB00481	raloxifene	GZUITABIAKMVPG-UHFFFAOYSA-N
DB00482	celecoxib	RZEKVGVHFLEQIL-UHFFFAOYSA-N
DB00499	flutamide	MKXKFYHWDHIYRV-UHFFFAOYSA-N
DB00501	cimetidine	AQIXAKUUQRKLND-UHFFFAOYSA-N
DB00502	haloperidol	LNEPOXFFQSENCJ-UHFFFAOYSA-N
DB00515	ammonium	LXZZYRPGZAFOLE-UHFFFAOYSA-L
DB00515	chloride	LXZZYRPGZAFOLE-UHFFFAOYSA-L
DB00523	13-cis retinoic acid	SHGAZHPCJJPHSC-ZVCIMWCZSA-N
DB00523	9-cis retinoic-acid	SHGAZHPCJJPHSC-ZVCIMWCZSA-N
DB00523	all-trans retinoic acid	SHGAZHPCJJPHSC-ZVCIMWCZSA-N
DB00523	dexamethasone and retinoic acid	SHGAZHPCJJPHSC-ZVCIMWCZSA-N
DB00523	retinoic acid	SHGAZHPCJJPHSC-ZVCIMWCZSA-N
DB00523	tretinoin	SHGAZHPCJJPHSC-ZVCIMWCZSA-N
DB00531	cyclophosphamide	CMSMOCZEIVJLDB-UHFFFAOYSA-N
DB00533	rofecoxib	RZJQGNCSTQAWON-UHFFFAOYSA-N
DB00534	chloride	BJFGVYCULWBXKF-UHFFFAOYSA-M
DB00537	ciprofloxacin	MYSWGUAQZAJSOK-UHFFFAOYSA-N
DB00541	vincristine	OGWKCGZFUXNPDA-CFWMRBGOSA-N
DB00544	5-fluorouracil	GHASVSINZRGABV-UHFFFAOYSA-N
DB00544	5-fluourouracil	GHASVSINZRGABV-UHFFFAOYSA-N
DB00550	propylthiouracil	KNAHARQHSZJURB-UHFFFAOYSA-N
DB00557	hydroxyzine	ZQDWXGKKHFNSQK-UHFFFAOYSA-N
DB00563	methotrexate	FBOZXECLQNJBKD-ZDUSSCGKSA-N
DB00564	carbamazepine	FFGPTBGBLSHEPO-UHFFFAOYSA-N
DB00584	enalapril	GBXSMTUPTTWBMN-XIRDDKMYSA-N
DB00586	diclofenac	DCOPUUMXTXDBNB-UHFFFAOYSA-N
DB00598	labetalol	SGUAFYQXFOLMHL-UHFFFAOYSA-N
DB00603	estradiol and medroxy progesterone acetate	PSGAAPLEWMOORI-PEINSRQWSA-N
DB00605	sulindac	MLKXDPUZXIRXEP-MFOYZWKCSA-N
DB00609	ethionamide	AEOCXXJPGCBFJA-UHFFFAOYSA-N
DB00619	imatinib	KTUFNOKKBVMGRW-UHFFFAOYSA-N
DB00619	imatinib mesylate	KTUFNOKKBVMGRW-UHFFFAOYSA-N
DB00623	fluphenazine	PLDUPXSUYLZYBN-UHFFFAOYSA-N
DB00624	testosterone	MUMGGOZAMZWBJJ-DYKIIFRCSA-N
DB00627	nicotinic acid	PVNIIMVLHYAWGP-UHFFFAOYSA-N
DB00630	alendronate	OGSPWJRAVKPPFI-UHFFFAOYSA-N
DB00636	clofibrate	KNHUKKLJHYUCFP-UHFFFAOYSA-N
DB00641	simvastatin	RYMZZMVNJRMUDD-HGQWONQESA-N
DB00653	sulfate	CSNNHWWHGAXBCP-UHFFFAOYSA-L
DB00661	dexverapamil	SGTNSNPWRIOYBX-UHFFFAOYSA-N
DB00661	verapamil	SGTNSNPWRIOYBX-UHFFFAOYSA-N
DB00672	chlorpropamide	RKWGIWYCVPQPMF-UHFFFAOYSA-N
DB00675	tamoxifen	NKANXQFJJICGDU-QPLCGJKRSA-N
DB00679	thioridazine	KLBQZWRITKRQQV-UHFFFAOYSA-N
DB00687	fludrocortisone	AAXVEMMRQDVLJB-BULBTXNYSA-N
DB00692	phentolamine	MRBDMNSDAVCSSF-UHFFFAOYSA-N
DB00695	furosemide	ZZUFCTLCJUWOSV-UHFFFAOYSA-N
DB00698	nitrofurantoin	NXFQHRVNIOXGAQ-YCRREMRBSA-N
DB00715	paroxetine	AHOUBRCZNHFOSL-YOEHRIQHSA-N
DB00722	lisinopril	RLAWWYSOJDYHDC-BZSNNMDCSA-N
DB00736	omeprazole	SUBDBMMJDZJVOS-DEOSSOPVSA-N
DB00738	pentamidine	XDRYMKDFEDOLFX-UHFFFAOYSA-N
DB00741	cortisol	JYGXADMDTFJGBT-VWUMJDOOSA-N
DB00741	hydrocortisone	JYGXADMDTFJGBT-VWUMJDOOSA-N
DB00742	mannitol	FBPFZTCFMRRESA-KVTDHHQDSA-N
DB00746	DFO	UBQYURCVBFRUQT-UHFFFAOYSA-N
DB00746	deferoxamine	UBQYURCVBFRUQT-UHFFFAOYSA-N
DB00747	scopolamine	STECJAGHUSJQJN-FWXGHANASA-N
DB00753	isoflurane	PIWKPBJCKXDKJR-UHFFFAOYSA-N
DB00755	13-cis retinoic acid	SHGAZHPCJJPHSC-YCNIQYBTSA-N
DB00755	9-cis retinoic-acid	SHGAZHPCJJPHSC-YCNIQYBTSA-N
DB00755	all-trans retinoic acid	SHGAZHPCJJPHSC-YCNIQYBTSA-N
DB00755	dexamethasone and retinoic acid	SHGAZHPCJJPHSC-YCNIQYBTSA-N
DB00755	retinoic acid	SHGAZHPCJJPHSC-YCNIQYBTSA-N
DB00755	tretinoin	SHGAZHPCJJPHSC-YCNIQYBTSA-N
DB00759	tetracycline	OFVLGDICTFRJMM-WESIUVDSSA-N
DB00761	KCl	WCUXLLCKKVVCTQ-UHFFFAOYSA-M
DB00761	chloride	WCUXLLCKKVVCTQ-UHFFFAOYSA-M
DB00763	methimazole	PMRYVIKBURPHAH-UHFFFAOYSA-N
DB00772	Malathion	JXSJBGJIGXNWCI-UHFFFAOYSA-N
DB00773	etoposide	VJJPUSNTGOMMGY-MRVIYFEKSA-N
DB00783	17-beta-estradiol	VOXZDWNPVJITMN-ZBRFXRBCSA-N
DB00783	17beta-estradiol	VOXZDWNPVJITMN-ZBRFXRBCSA-N
DB00783	alpha-estradiol	VOXZDWNPVJITMN-ZBRFXRBCSA-N
DB00783	beta-estradiol	VOXZDWNPVJITMN-ZBRFXRBCSA-N
DB00783	estradiol	VOXZDWNPVJITMN-ZBRFXRBCSA-N
DB00784	mefenamic acid	HYYBABOKPJLUIN-UHFFFAOYSA-N
DB00788	naproxen	CMWTZPSULFXXJA-VIFPVBQESA-N
DB00792	tripelennamine	UFLGIAIHIAPJJC-UHFFFAOYSA-N
DB00795	sulfasalazine	NCEXYHBECQHGNR-QZQOTICOSA-N
DB00798	gentamicin	CEAZRRDELHUEMR-UHFFFAOYSA-N
DB00811	Ribavirin	IWUCXVSUMQZMFG-AFCXAGJDSA-N
DB00812	phenylbutazone	VYMDGNCVAMGZFE-UHFFFAOYSA-N
DB00814	meloxicam	ZRVUJXDFFKFLMG-UHFFFAOYSA-N
DB00818	baseline propofol	OLBCVFGFOZPWHH-UHFFFAOYSA-N
DB00818	propofol	OLBCVFGFOZPWHH-UHFFFAOYSA-N
DB00819	acetazolamide	BZKPWHYZMXOIDC-UHFFFAOYSA-N
DB00822	disulfiram	AUZONCFQVSMFAP-UHFFFAOYSA-N
DB00829	diazepam	AAOVKJBEBIDNHE-UHFFFAOYSA-N
DB00831	trifluoperazine	ZEWQUBUPAILYHI-UHFFFAOYSA-N
DB00857	terbinafine	DOMXUEMWDBAQBQ-WEVVVXLNSA-N
DB00859	D-penicillamine	VVNCNSJFMMFHPL-VKHMYHEASA-N
DB00859	penicillamine	VVNCNSJFMMFHPL-VKHMYHEASA-N
DB00860	prednisolone	OIGNJSKKLXVSLS-VWUMJDOOSA-N
DB00863	ranitidine	VMXUWOKSQNHOCA-UHFFFAOYSA-N
DB00864	tacrolimus	QJJXYPPXXYFBGM-LFZNUXCKSA-N
DB00877	rapamycin	QFJCIRLUMZQUOT-HPLJOQBZSA-N
DB00877	sirolimus	QFJCIRLUMZQUOT-HPLJOQBZSA-N
DB00884	risedronate	IIDJRNMFWXDHID-UHFFFAOYSA-N
DB00897	triazolam	JOFWLTCLBGQGBO-UHFFFAOYSA-N
DB00898	alcohol	LFQSCWFLJHTTHZ-UHFFFAOYSA-N
DB00898	ethanol	LFQSCWFLJHTTHZ-UHFFFAOYSA-N
DB00908	quinidine	LOUPRKONTZGTKE-LHHVKLHASA-N
DB00914	phenformin	ICFJFFQQTFMIBG-UHFFFAOYSA-N
DB00927	famotidine	XUFQPHANEAPEMJ-UHFFFAOYSA-N
DB00936	salicylic acid	YGSDEFSMJLZEOE-UHFFFAOYSA-N
DB00945	acetylsalicylic acid	BSYNRYMUTXBXSQ-UHFFFAOYSA-N
DB00945	aspirin	BSYNRYMUTXBXSQ-UHFFFAOYSA-N
DB00947	fulvestrant	VWUXBMIQPBEWFH-WCCTWKNTSA-N
DB00951	isoniazid	QRXWMOHMRWLFEY-UHFFFAOYSA-N
DB00958	ammonium	OLESAACUTLOWQZ-UHFFFAOYSA-L
DB00959	methylprednisolone	VHRSUDSXCMQTMA-PJHHCJLFSA-N
DB00968	methyldopa	CJCSPKMFHVPWAR-JTQLQIEISA-N
DB00970	Actinomycin D	RJURFGZVJUQBHK-IIXSONLDSA-N
DB00974	EDTA	KCXVZYZYPLLWCC-UHFFFAOYSA-N
DB00977	17 alpha-ethynylestradiol (EE2)	BFPYWIDHMRZLRN-SLHNCBLASA-N
DB00977	17-alpha-ethynylestradiol	BFPYWIDHMRZLRN-SLHNCBLASA-N
DB00977	17a-ethynylestradiol	BFPYWIDHMRZLRN-SLHNCBLASA-N
DB00977	ethinylestradiol	BFPYWIDHMRZLRN-SLHNCBLASA-N
DB00982	13-cis retinoic acid	SHGAZHPCJJPHSC-XFYACQKRSA-N
DB00982	9-cis retinoic-acid	SHGAZHPCJJPHSC-XFYACQKRSA-N
DB00982	all-trans retinoic acid	SHGAZHPCJJPHSC-XFYACQKRSA-N
DB00982	dexamethasone and retinoic acid	SHGAZHPCJJPHSC-XFYACQKRSA-N
DB00982	retinoic acid	SHGAZHPCJJPHSC-XFYACQKRSA-N
DB00982	tretinoin	SHGAZHPCJJPHSC-XFYACQKRSA-N
DB00987	Ara-C	UHDGCWIWMRVCDJ-CCXZUQQUSA-N
DB00987	cytarabine	UHDGCWIWMRVCDJ-CCXZUQQUSA-N
DB00988	dopamine	VYFYYTLLBUKUHU-UHFFFAOYSA-N
DB00990	exemestane	BFYIZQONLCFLEV-DAELLWKTSA-N
DB00991	oxaprozin	OFPXSFXSNFPTHF-UHFFFAOYSA-N
DB00993	azathioprine	LMEKQMALGUDUQG-UHFFFAOYSA-N
DB00997	doxorubicin	AOJJSUZBOXZQNB-TZSSRYMLSA-N
DB01005	hydroxyurea	VSNHCAURESNICA-UHFFFAOYSA-N
DB01016	glibenclamide	ZNNLBTZKUZBEKO-UHFFFAOYSA-N
DB01023	felodipine	RZTAMFZIAATZDJ-UHFFFAOYSA-N
DB01026	ketoconazole	XMAYWYJOQHXEEK-UHFFFAOYSA-N
DB01033	mercaptopurine	GLVAUDGFNGKCSF-UHFFFAOYSA-N
DB01039	fenofibrate	YMTINGFKWWXKFG-UHFFFAOYSA-N
DB01041	thalidomide	UEJJHQNACJXSKW-UHFFFAOYSA-N
DB01045	rifampicin	JQXXHWHPUNPDRT-WLSIYKJHSA-N
DB01050	ibuprofen	HEFNNWSXXWATRW-UHFFFAOYSA-N
DB01051	novobiocin	YJQPYGGHQPGBLI-KGSXXDOSSA-N
DB01053	Penicillin G	JGSARLDLIJGVTE-MBNYWOFBSA-N
DB01054	nitrendipine	PVHUJELLJLJGLN-UHFFFAOYSA-N
DB01058	Praziquantel	FSVJFNAIGNNGKK-UHFFFAOYSA-N
DB01060	amoxicillin	LSQZJLSUYDQPKJ-NJBDSQKTSA-N
DB01067	glipizide	ZJJXGWJIGJFDTL-UHFFFAOYSA-N
DB01067	glipizide + metformin	ZJJXGWJIGJFDTL-UHFFFAOYSA-N
DB01069	promethazine	PWWVAXIEGOYWEE-UHFFFAOYSA-N
DB01074	perhexiline	CYXKNKQEMFBLER-UHFFFAOYSA-N
DB01076	atorvastatin	XUKUURHRXDUEBC-KAYWLYCHSA-N
DB01088	iloprost	HIFJCPQKFCZDDL-ACWOEMLNSA-N
DB01093	DMSO	IAZDPXIOMUYVGZ-UHFFFAOYSA-N
DB01093	DMSO control	IAZDPXIOMUYVGZ-UHFFFAOYSA-N
DB01093	dimethyl sulfoxide	IAZDPXIOMUYVGZ-UHFFFAOYSA-N
DB01098	Rosuvastatin	BPRHUIZQVSMCRT-VEUZHWNKSA-N
DB01113	papaverine	XQYZDYMELSJDRZ-UHFFFAOYSA-N
DB01114	chlorpheniramine	SOYKEARSMXGVTM-UHFFFAOYSA-N
DB01115	nifedipine	HYIMSNHJOBLJNT-UHFFFAOYSA-N
DB01118	amiodarone	IYIKLHRQXLHMJQ-UHFFFAOYSA-N
DB01124	tolbutamide	JLRGJRBPOGGCBT-UHFFFAOYSA-N
DB01128	bicalutamide	LKJPYSCBVHEWIU-UHFFFAOYSA-N
DB01132	pioglitazone	HYAFETHFCAUJAY-UHFFFAOYSA-N
DB01142	adapin	ODQWQRRAPPTVAG-UHFFFAOYSA-N
DB01159	halothane	BCQZXOMGPXTTIC-UHFFFAOYSA-N
DB01160	prostaglandin F2alpha	IYGXEHDCSOYNKY-RZHHZEQLSA-N
DB01164	1 millimolar CaCl2 +	UXVMQQNJUSDDNG-UHFFFAOYSA-L
DB01164	12.5mM CaCl2	UXVMQQNJUSDDNG-UHFFFAOYSA-L
DB01164	CaCl2	UXVMQQNJUSDDNG-UHFFFAOYSA-L
DB01164	chloride	UXVMQQNJUSDDNG-UHFFFAOYSA-L
DB01169	arsenic oxide	IKWTVSLWAPBBKU-UHFFFAOYSA-N
DB01169	arsenic trioxide	IKWTVSLWAPBBKU-UHFFFAOYSA-N
DB01174	phenobarbital	DDBREPKUVSBGFI-UHFFFAOYSA-N
DB01178	chlormezanone	WEQAYVWKMWHEJO-UHFFFAOYSA-N
DB01197	captopril	FAKRSMQSSFJEIM-RQJHMYQMSA-N
DB01202	levetiracetam	HPHUVLMMVZITSG-LURJTMIESA-N
DB01206	lomustine	GQYIWUVLTXOXAJ-UHFFFAOYSA-N
DB01219	dantrolene	OZOMQRBLCMDCEG-VIZOYTHASA-N
DB01223	theophylline	FQPFAHBPWDRTLU-UHFFFAOYSA-N
DB01229	paclitaxel	RCINICONZNJXQF-MZXODVADSA-N
DB01230	pemoline	NRNCYVBFPDDJNE-UHFFFAOYSA-N
DB01234	dexamethasone	UREBDLICKHMUKA-CXSFZGCWSA-N
DB01236	baseline sevoflurane	DFEYYRMXOJXZRJ-UHFFFAOYSA-N
DB01236	sevoflurane	DFEYYRMXOJXZRJ-UHFFFAOYSA-N
DB01241	gemfibrozil	HEMJJKBWTPKOJG-UHFFFAOYSA-N
DB01242	clomipramine	GDLIGKIOYRNHDA-UHFFFAOYSA-N
DB01254	Dasatinib	ZBNZXTGUTAYRHI-UHFFFAOYSA-N
DB01259	lapatinib	BCFGMOOMADDAQU-UHFFFAOYSA-N
DB01262	2'-deoxy-5-azacytidine	XAUDJQYHKZQPEU-KVQBGUIXSA-N
DB01262	5-aza-2'-deoxycytidine	XAUDJQYHKZQPEU-KVQBGUIXSA-N
DB01262	5-aza-2'-deoxycytidine + trichostatin A	XAUDJQYHKZQPEU-KVQBGUIXSA-N
DB01262	5-aza-2-deoxycytidine	XAUDJQYHKZQPEU-KVQBGUIXSA-N
DB01262	decitabine	XAUDJQYHKZQPEU-KVQBGUIXSA-N
DB01262	trichostatin A;5-aza-2'-deoxycytidine	XAUDJQYHKZQPEU-KVQBGUIXSA-N
DB01294	Distilled Water	ZREIPSZUJIFJNP-UHFFFAOYSA-K
DB01294	salicylic acid	ZREIPSZUJIFJNP-UHFFFAOYSA-K
DB01294	water	ZREIPSZUJIFJNP-UHFFFAOYSA-K
DB01294	water (vehicle)	ZREIPSZUJIFJNP-UHFFFAOYSA-K
DB01296	glucosamine	MSWZFWKMSRAUBD-IVMDWMLBSA-N
DB01296	glucosamine,	MSWZFWKMSRAUBD-IVMDWMLBSA-N
DB01296	glucosamine, steady state	MSWZFWKMSRAUBD-IVMDWMLBSA-N
DB01346	phenobarbital	YHRUERMOPBDCFD-UHFFFAOYSA-N
DB01346	quinidine	YHRUERMOPBDCFD-UHFFFAOYSA-N
DB01375	Distilled Water	UGMCXQCYOVCMTB-UHFFFAOYSA-K
DB01375	water	UGMCXQCYOVCMTB-UHFFFAOYSA-K
DB01375	water (vehicle)	UGMCXQCYOVCMTB-UHFFFAOYSA-K
DB01392	yohimbine	BLGXFZZNTVWLAY-SCYLSFHTSA-N
DB01393	bezafibrate	IIBYAHWJQTYFKB-UHFFFAOYSA-N
DB01394	colchicine	IAKHMKGGTNLKSZ-UHFFFAOYSA-N
DB01397	salicylic acid	MQHWFIOJQSCFNM-UHFFFAOYSA-L
DB01401	salicylic acid	FQCQGOZEWWPOKI-UHFFFAOYSA-K
DB01406	danazol	POZRVZJJTULAOH-LHZXLZLDSA-N
DB01420	androgen	PDMMFKSKQVNJMI-BLQWBTBKSA-N
DB01426	ajmaline	CJDRUOGAGYHKKD-HEFSZTOGSA-N
DB01485	ZnSO4 + 4OHT	BQOIJSIMMIDHMO-FBPKJDBXSA-N
DB01574	Distilled Water	IXWIAFSBWGYQOE-UHFFFAOYSA-M
DB01574	water	IXWIAFSBWGYQOE-UHFFFAOYSA-M
DB01574	water (vehicle)	IXWIAFSBWGYQOE-UHFFFAOYSA-M
DB01575	Distilled Water	KGOIAFZMMLWXLM-UHFFFAOYSA-N
DB01575	water	KGOIAFZMMLWXLM-UHFFFAOYSA-N
DB01575	water (vehicle)	KGOIAFZMMLWXLM-UHFFFAOYSA-N
DB01577	methamphetamine	MYWUZJCMWCOHBA-VIFPVBQESA-N
DB01583	triiodothyronine	LKYWLLWWYBVUPP-XOCLESOZSA-L
DB01590	RAD001	HKVAMNSJSFKALM-GKUWKFKPSA-N
DB01593	zinc	HCHKCACWOHOZIP-UHFFFAOYSA-N
DB01599	probucol	FYPMFJGVHOHGLL-UHFFFAOYSA-N
DB01627	lincomycin	OJMMVQQUTAEWLP-KIDUDLJLSA-N
DB01638	mannitol	FBPFZTCFMRRESA-JGWLITMVSA-N
DB01645	genestein	TZBJGXHYKVUXJN-UHFFFAOYSA-N
DB01645	genistein	TZBJGXHYKVUXJN-UHFFFAOYSA-N
DB01671	Distilled Water	WMHRYLDWLOGHSG-UHFFFAOYSA-M
DB01671	water	WMHRYLDWLOGHSG-UHFFFAOYSA-M
DB01671	water (vehicle)	WMHRYLDWLOGHSG-UHFFFAOYSA-M
DB01676	2,4,6-trinitrotoluene	SPSSULHKWOKEEL-UHFFFAOYSA-N
DB01700	AICAR	NOTGFIUVDGNKRI-UUOKFMHZSA-N
DB01700	dexamethasone + AICAR	NOTGFIUVDGNKRI-UUOKFMHZSA-N
DB01750	naphthalene-1-acetic	PRPINYUDVPFIRX-UHFFFAOYSA-N
DB01750	naphthalene-1-acetic acid	PRPINYUDVPFIRX-UHFFFAOYSA-N
DB01844	dimethylformamide	ZMXDDKWLCZADIW-UHFFFAOYSA-N
DB01912	chloride	XTQMQLRZXBEQCS-UHFFFAOYSA-M
DB01941	LG100268	SLXTWXQUEZSSTJ-UHFFFAOYSA-N
DB01944	blebbistatin	LZAXPYOBKSJSEX-GOSISDBHSA-N
DB01954	forskolin + rolipram in Mg2+-free ACSF	HJORMJIFDVBMOB-UHFFFAOYSA-N
DB01972	CpG	RQFCJASXJCIDSX-UUOKFMHZSA-N
DB02010	staurosporine	HKSZLNNOFSGOKW-FYTWVXJKSA-N
DB02013	Distilled Water	RZHWLGRUSMSXRP-UHFFFAOYSA-N
DB02013	water	RZHWLGRUSMSXRP-UHFFFAOYSA-N
DB02013	water (vehicle)	RZHWLGRUSMSXRP-UHFFFAOYSA-N
DB02032	captopril	FAKRSMQSSFJEIM-BQBZGAKWSA-N
DB02067	TGF	ZLOMJLIQXBKNHU-VJANTYMQSA-N
DB02097	Ara-C	UHDGCWIWMRVCDJ-XVFCMESISA-N
DB02097	cytarabine	UHDGCWIWMRVCDJ-XVFCMESISA-N
DB02165	Distilled Water	JKKHGFKPEJPPQG-UHFFFAOYSA-N
DB02165	water	JKKHGFKPEJPPQG-UHFFFAOYSA-N
DB02165	water (vehicle)	JKKHGFKPEJPPQG-UHFFFAOYSA-N
DB02165	zinc	JKKHGFKPEJPPQG-UHFFFAOYSA-N
DB02174	glutamine	ZDXPYRJPNDTMRX-GSVOUGTGSA-N
DB02262	orotic acid	PXQPEWDEAKTCGB-UHFFFAOYSA-N
DB02266	flufenamic acid	LPEPZBJOKDYZAD-UHFFFAOYSA-N
DB02373	Distilled Water	FJSJQPRHXPUMLC-LRDMJOKZSA-L
DB02373	water	FJSJQPRHXPUMLC-LRDMJOKZSA-L
DB02373	water (vehicle)	FJSJQPRHXPUMLC-LRDMJOKZSA-L
DB02379	glucose	WQZGKKKJIJFFOK-VFUOTHLCSA-N
DB02379	mannose	WQZGKKKJIJFFOK-VFUOTHLCSA-N
DB02424	geldanamycin	QTQAWLPCGQOSGP-KSRBKZBZSA-N
DB02453	Distilled Water	SZOADBKOANDULT-UHFFFAOYSA-K
DB02453	water	SZOADBKOANDULT-UHFFFAOYSA-K
DB02453	water (vehicle)	SZOADBKOANDULT-UHFFFAOYSA-K
DB02515	glycerol-3-phosphate	AWUCVROLDVIAJX-GSVOUGTGSA-N
DB02527	cAMP	IVOMOUWHDPKRLL-KQYNXXCUSA-N
DB02546	R1881 + SAHA	WAEXFXRVDQXREF-UHFFFAOYSA-N
DB02546	SAHA	WAEXFXRVDQXREF-UHFFFAOYSA-N
DB02546	vorinostat	WAEXFXRVDQXREF-UHFFFAOYSA-N
DB02587	colforsin	OHCQJHSOBUTRHG-KGGHGJDLSA-N
DB02587	forskolin	OHCQJHSOBUTRHG-KGGHGJDLSA-N
DB02587	forskolin + rolipram in Mg2+-free ACSF	OHCQJHSOBUTRHG-KGGHGJDLSA-N
DB02656	2-(4-Morpholinyl)-8-phenyl-4H-1-benzopyran-4-one	CZQHHVNHHHRRDU-UHFFFAOYSA-N
DB02656	LY294002	CZQHHVNHHHRRDU-UHFFFAOYSA-N
DB02678	glucosamine	MSWZFWKMSRAUBD-VFUOTHLCSA-N
DB02678	glucosamine,	MSWZFWKMSRAUBD-VFUOTHLCSA-N
DB02678	glucosamine, steady state	MSWZFWKMSRAUBD-VFUOTHLCSA-N
DB02690	8-Hydroxy-2-methylquinazoline-4-one	YJDAOHJWLUNFLX-UHFFFAOYSA-N
DB02709	resveratrol	LUKBXSAWLPMMSZ-OWOJBTEDSA-N
DB02750	cysteine	OMYFBIZVJYGJJA-YBBRRFGFSA-M
DB02772	sucrose	CZMRCDWAGMRECN-UGDNZRGBSA-N
DB02853	L-proline	ONIBWKKTOPOVIA-SCSAIBSYSA-N
DB02877	arotinoid acid	FOIVPCKZDPCJJY-JQIJEIRASA-N
DB02890	BMP	UDOBICLZEKUKCV-YXZULKJRSA-N
DB02893	methionine	FFEARJCKVFRZRR-SCSAIBSYSA-N
DB02901	17beta-hydroxy-5alpha-androstan-3-one	NVKAWKQGWWIWPM-ABEVXSGRSA-N
DB02932	bicalutamide	LKJPYSCBVHEWIU-KRWDZBQOSA-N
DB02998	R1881	CCCIJQPRIXGQOE-XWSJACJDSA-N
DB02998	R1881 + LBH589	CCCIJQPRIXGQOE-XWSJACJDSA-N
DB02998	R1881 + SAHA	CCCIJQPRIXGQOE-XWSJACJDSA-N
DB02998	R1881 + trichostatin A	CCCIJQPRIXGQOE-XWSJACJDSA-N
DB03007	(9R,13R)-12-oxo-phytodienoic acid	PMTMAFAPLCGXGK-HZPDHXFCSA-N
DB03066	lactic acid	JVTAAEKCZFNVCJ-UWTATZPHSA-N
DB03073	3-methoxybenzamide	VKPLPDIMEREJJF-UHFFFAOYSA-N
DB03201	cysteine	XUJNEKJLAYXESH-UWTATZPHSA-N
DB03255	phenol	ISWSIDIOOBJBQZ-UHFFFAOYSA-N
DB03350	ammonium	DYLMFCCYOUSRTK-UHFFFAOYSA-N
DB03366	imidazole	RAXXELZNTBOGNW-UHFFFAOYSA-N
DB03389	xylose	SRBFZHDQGSBBOR-LECHCGJUSA-N
DB03492	dipyridyl	LHAHECCJWGXHOW-UHFFFAOYSA-N
DB03496	flavopiridol	BIIVYFLTOXDAOV-YVEFUNNKSA-N
DB03512	Distilled Water	JSPAHXDHRUTBDP-VKTKOMAXSA-L
DB03512	water	JSPAHXDHRUTBDP-VKTKOMAXSA-L
DB03512	water (vehicle)	JSPAHXDHRUTBDP-VKTKOMAXSA-L
DB03518	atorvastatin + mevalonate	KJTLQQUUPVSXIM-ZCFIWIBFSA-N
DB03518	mevalonate	KJTLQQUUPVSXIM-ZCFIWIBFSA-N
DB03568	butyrate	FERIUCNNQQJTOY-UHFFFAOYSA-N
DB03606	forskolin + rolipram in Mg2+-free ACSF	HJORMJIFDVBMOB-GFCCVEGCSA-N
DB03651	TNF	OXNIZHLAWKMVMX-UHFFFAOYSA-N
DB03756	arachidonic acid + docosahexaenoic acid	MBMBGCFOFBJSGT-KUBAVDMBSA-N
DB03756	docosahexaenoic acid	MBMBGCFOFBJSGT-KUBAVDMBSA-N
DB03758	monorden	WYZWZEOGROVVHK-GTMNPGAYSA-N
DB03758	radicicol	WYZWZEOGROVVHK-GTMNPGAYSA-N
DB03783	phenacetin	CPJSUEIXXCENMM-UHFFFAOYSA-N
DB03796	palmitate	IPCSVZSSVZVIGE-UHFFFAOYSA-N
DB03825	chloride	XFKVYXCRNATCOO-UHFFFAOYSA-M
DB03840	Distilled Water	QHMVDLPUUJNKGZ-UHFFFAOYSA-N
DB03840	water	QHMVDLPUUJNKGZ-UHFFFAOYSA-N
DB03840	water (vehicle)	QHMVDLPUUJNKGZ-UHFFFAOYSA-N
DB03843	formaldehyde	WSFSSNUMVMOOMR-UHFFFAOYSA-N
DB03871	dipyridyl	ZSRBWSVKDUMHBO-UHFFFAOYSA-N
DB03904	Urea	XSQUKJJJFZCRTK-UHFFFAOYSA-N
DB03911	xylose	SRBFZHDQGSBBOR-CZBDKTQLSA-N
DB03918	tetrahydrobiopterin	FNKQXYHWGSIFBK-ZMIZWQJLSA-N
DB03929	D-serine	MTCFGRXMJLQNBG-UWTATZPHSA-N
DB03934	hemin	FUTVBRXUIKZACV-RGGAHWMASA-L
DB03940	oxamic acid	SOWBFZRMHSNYGE-UHFFFAOYSA-N
DB03989	glucose	WQZGKKKJIJFFOK-IVMDWMLBSA-N
DB03989	mannose	WQZGKKKJIJFFOK-IVMDWMLBSA-N
DB04031	Distilled Water	SYKYEBJDHHGBFL-PUAMRSTPSA-M
DB04031	water	SYKYEBJDHHGBFL-PUAMRSTPSA-M
DB04031	water (vehicle)	SYKYEBJDHHGBFL-PUAMRSTPSA-M
DB04149	forskolin + rolipram in Mg2+-free ACSF	HJORMJIFDVBMOB-LBPRGKRZSA-N
DB04179	2,3-benzofuran	IANQTJSKSUMEQM-UHFFFAOYSA-N
DB04194	chitin	WZZVUHWLNMNWLW-VFCSDQTKSA-N
DB04216	quercetin	REFJWTPEDVJJIY-UHFFFAOYSA-N
DB04231	Distilled Water	HBZDUNQUBNOQIC-UHFFFAOYSA-N
DB04231	imidazole	HBZDUNQUBNOQIC-UHFFFAOYSA-N
DB04231	water	HBZDUNQUBNOQIC-UHFFFAOYSA-N
DB04231	water (vehicle)	HBZDUNQUBNOQIC-UHFFFAOYSA-N
DB04263	geniticine	BRZYSWJRSDMWLG-DJWUNRQOSA-N
DB04286	xylose	SRBFZHDQGSBBOR-TXICZTDVSA-N
DB04297	5-aza-2'-deoxycytidine + trichostatin A	RTKIYFITIVXBLE-QEQCGCAPSA-N
DB04297	R1881 + trichostatin A	RTKIYFITIVXBLE-QEQCGCAPSA-N
DB04297	trichostatin A	RTKIYFITIVXBLE-QEQCGCAPSA-N
DB04297	trichostatin A and dipyridyl	RTKIYFITIVXBLE-QEQCGCAPSA-N
DB04297	trichostatin A;5-aza-2'-deoxycytidine	RTKIYFITIVXBLE-QEQCGCAPSA-N
DB04331	monastrol	LOBCDGHHHHGHFA-LBPRGKRZSA-N
DB04397	Distilled Water	SYRDAPWACIANBN-DPXSRCRQSA-M
DB04397	water	SYRDAPWACIANBN-DPXSRCRQSA-M
DB04397	water (vehicle)	SYRDAPWACIANBN-DPXSRCRQSA-M
DB04398	lactic acid	JVTAAEKCZFNVCJ-UHFFFAOYSA-N
DB04414	Distilled Water	PJSKUNJZAAFMGT-UHFFFAOYSA-H
DB04414	water	PJSKUNJZAAFMGT-UHFFFAOYSA-H
DB04414	water (vehicle)	PJSKUNJZAAFMGT-UHFFFAOYSA-H
DB04468	4-hydroxytamoxifen	TXUZVZSFRXZGTL-QPLCGJKRSA-N
DB04468	4OH-tamoxifen	TXUZVZSFRXZGTL-QPLCGJKRSA-N
DB04494	Distilled Water	GKDPEXRCAVYDOG-UHFFFAOYSA-L
DB04494	water	GKDPEXRCAVYDOG-UHFFFAOYSA-L
DB04494	water (vehicle)	GKDPEXRCAVYDOG-UHFFFAOYSA-L
DB04528	dinitrophenol	UFBJCMHMOXMLKC-UHFFFAOYSA-N
DB04539	glyphosate	XDDAORKBJWWYJS-UHFFFAOYSA-O
DB04540	cholesterol	HVYWMOMLDIMFJA-DPAQBDIFSA-N
DB04557	arachidonic acid	YZXBAPSDXZZRGB-DOFZRALJSA-N
DB04557	arachidonic acid + docosahexaenoic acid	YZXBAPSDXZZRGB-DOFZRALJSA-N
DB04630	aldosterone	PQSUYGKTWSAVDQ-ZVIOFETBSA-N
DB04665	coumarin	ZYGHJZDHTFUPRJ-UHFFFAOYSA-N
DB04669	triazolopyrimidine	YWBFPKPWMSWWEA-UHFFFAOYSA-O
DB04690	camptothecin	VSJKWCGYPAHWDS-FQEVSTJZSA-N
DB04729	gentamicin	VEGXETMJINRLTH-BOZYPMBZSA-N
DB04741	myxothiazol	XKTFQMCPGMTBMD-FYHMSGCOSA-N
DB04743	nimesulide	HYWYRSMBCFDLJT-UHFFFAOYSA-N
DB04815	clioquinol	QCDFBFJGMNKBDO-UHFFFAOYSA-N
DB04818	iproniazid	NYMGNSNKLVNMIA-UHFFFAOYSA-N
DB04819	methapyrilene	HNJJXZKZRAWDPF-UHFFFAOYSA-N
DB04830	buformin	XSEUMFJMFFMCIU-UHFFFAOYSA-N
DB04861	nebivolol	KOHIRBRYDXPAMZ-UHFFFAOYSA-N
DB04868	Nilotinib	HHZIURLSWUIHRB-UHFFFAOYSA-N
DB04874	ammonium	IIMIOEBMYPRQGU-UHFFFAOYSA-L
DB04874	chloride	IIMIOEBMYPRQGU-UHFFFAOYSA-L
DB04912	chloride	LLDZJTIZVZFNCM-UHEVNVKKSA-J
DB04996	ammonium	CKNPWBAXEKSCRG-UHFFFAOYSA-J
DB04996	chloride	CKNPWBAXEKSCRG-UHFFFAOYSA-J
DB05076	4-hydroxyphenylretinamide	AKJHMTWEGVYYSE-FXILSDISSA-N
DB05134	17-allylamino-17-demethoxygeldanamycin	AYUNIORJHRXIBJ-TXHRRWQRSA-N
DB05134	17-allylamino-geldanamycin	AYUNIORJHRXIBJ-TXHRRWQRSA-N
DB05296	motexafin gadolinium	ZCISRIHHEXSWIR-WRIGXHCHSA-L
DB05339	chloride	GGNCUSDIUUCNKE-RSAXXLAASA-N
DB05389	Distilled Water	VOWOEBADKMXUBU-UHFFFAOYSA-J
DB05389	O2 2%	VOWOEBADKMXUBU-UHFFFAOYSA-J
DB05389	O2 20%	VOWOEBADKMXUBU-UHFFFAOYSA-J
DB05389	water	VOWOEBADKMXUBU-UHFFFAOYSA-J
DB05389	water (vehicle)	VOWOEBADKMXUBU-UHFFFAOYSA-J
DB05416	GW501516	YDBLKRPLXZNVNB-UHFFFAOYSA-N
DB05428	motexafin gadolinium	VAZLWPAHMORDGR-WRIGXHCHSA-L
DB05461	Distilled Water	QRNMKZJPTYRAIL-UHFFFAOYSA-N
DB05461	chloride	QRNMKZJPTYRAIL-UHFFFAOYSA-N
DB05461	water	QRNMKZJPTYRAIL-UHFFFAOYSA-N
DB05461	water (vehicle)	QRNMKZJPTYRAIL-UHFFFAOYSA-N
DB05476	chloride	FMHIVIJVVYYSRN-JCOPYZAKSA-N
DB05630	Distilled Water	YQDGWZZYGYKDLR-UZVLBLASSA-K
DB05630	water	YQDGWZZYGYKDLR-UZVLBLASSA-K
DB05630	water (vehicle)	YQDGWZZYGYKDLR-UZVLBLASSA-K
DB05642	Distilled Water	SAURKKOJWIFYSR-UHFFFAOYSA-N
DB05642	chloride	SAURKKOJWIFYSR-UHFFFAOYSA-N
DB05642	water	SAURKKOJWIFYSR-UHFFFAOYSA-N
DB05642	water (vehicle)	SAURKKOJWIFYSR-UHFFFAOYSA-N
DB05667	ketoconazole	XMAYWYJOQHXEEK-ZEQKJWHPSA-N
DB05790	chloride	NQHFSECYQAQZBN-SJYHNBSJSA-M
DB05792	chloride	HKHPCMBPASXYGP-KVVVOXFISA-N
DB05837	chloride	RCWYXGAOCMUXHG-ZXBIKLPVSA-N
DB05956	chloride	OJBLXSPBJMGZDN-UHFFFAOYSA-N
DB05993	chloride	PILCQJJJAFRKHO-UHFFFAOYSA-N
DB06082	chloride	GIGCDIVNDFQKRA-LTCKWSDVSA-N
DB06151	N-acetyl-L-cysteine	PWKSKIMOESPYIA-BYPYZUCNSA-N
DB06179	darinaparsin	JGDXFQORBMPJGR-YUMQZZPRSA-N
DB06246	exisulind	MVGSNCBCUWPVDA-MFOYZWKCSA-N
DB06523	Ribavirin	IWUCXVSUMQZMFG-RGDLXGNYSA-N
DB06530	R848	BXNMTOQRYBFHNZ-UHFFFAOYSA-N
DB06603	LBH589	FPOHNWQLNRZRFC-ZHACJKMWSA-N
DB06603	R1881 + LBH589	FPOHNWQLNRZRFC-ZHACJKMWSA-N
DB06659	chloride	DMAHZCZCPVOYGS-ZLSDMPCXSA-L
DB06710	methyltestosterone	GCKMFJBGXUYNAG-HLXURNFRSA-N
DB06723	Distilled Water	WNROFYMDJYEPJX-UHFFFAOYSA-K
DB06723	water	WNROFYMDJYEPJX-UHFFFAOYSA-K
DB06723	water (vehicle)	WNROFYMDJYEPJX-UHFFFAOYSA-K
DB06767	ammonium	NLXLAEXVIDQMFP-UHFFFAOYSA-N
DB06767	chloride	NLXLAEXVIDQMFP-UHFFFAOYSA-N
DB06768	ammonium	RZOBLYBZQXQGFY-UHFFFAOYSA-N
DB06768	lactic acid	RZOBLYBZQXQGFY-UHFFFAOYSA-N
DB06778	copper sulfate	ARUVKPQLZAKDPS-UHFFFAOYSA-L
DB06778	sulfate	ARUVKPQLZAKDPS-UHFFFAOYSA-L
DB06816	pyrvinium	QMHSXPLYMTVAMK-UHFFFAOYSA-N
DB06819	sodium phenylbutyrate	OBKXEAXTFZPCHS-UHFFFAOYSA-N
DB06823	tiopronin	YTGJWQPHMWSCST-UHFFFAOYSA-N
DB06973	bisphenol A	IISBACLAFKSPIT-UHFFFAOYSA-N
DB07031	BMS961	AANFHDFOMFRLLR-LJQANCHMSA-N
DB07080	N-(2,2,2-trifluoroethyl)-N-[4-[2,2,2-trifluoro-1-hydroxy-1-(trifluoromethyl)ethyl]phenyl]-benzenesulfonamide	SGIWFELWJPNFDH-UHFFFAOYSA-N
DB07101	PD-0325901	SUDAHWBOROXANE-SECBINFHSA-N
DB07129	mexiletine	VLPIATFUUWWMKC-SNVBAGLBSA-N
DB07294	BMS961	AANFHDFOMFRLLR-IBGZPJMESA-N
DB07447	17beta-hydroxy-5alpha-androstan-3-one	NVKAWKQGWWIWPM-MISPCMORSA-N
DB07768	testosterone	MUMGGOZAMZWBJJ-KZYORJDKSA-N
DB07795	fisetin	XHEFDIBZLJXQHF-UHFFFAOYSA-N
DB07814	GA3	IXORZMNAPKEEDV-OBDJNFEBSA-N
DB07814	gibberellin	IXORZMNAPKEEDV-OBDJNFEBSA-N
DB07815	GA4	RSQSQJNRHICNNH-NFMPGMCNSA-N
DB07950	indole-3-acetic acid	SEOVTRFCIGRIMH-UHFFFAOYSA-N
DB07950	indole-3-acetic acid + dexamethasone	SEOVTRFCIGRIMH-UHFFFAOYSA-N
DB07954	dexamethasone/8-bromo cyclic AMP/isobutylmethylxanthine (DCI)	APIXJSLKIYYUKG-UHFFFAOYSA-N
DB08059	wortmannin	QDLHCMPXEPAAMD-QAIWCSMKSA-N
DB08094	R547	JRNJNYBQQYBCLE-UHFFFAOYSA-N
DB08162	fasudil	NGOGFTYYXHNFQH-UHFFFAOYSA-N
DB08313	nocodazole	KYRVNWMVYQXFEU-UHFFFAOYSA-N
DB08607	troglitazone	GXPHKUHSUJUWKP-NTKDMRAZSA-N
DB08756	R)-(+)-trans-N-(4-Pyridyl)-4-(1-aminoethyl)-cyclohexanecarboxamide	IYOZTVGMEWJPKR-IJLUTSLNSA-N
DB08809	dichloroacetate	JXTHNDFMNIQAHM-UHFFFAOYSA-N
DB08858	ammonium	RUGJYCHQQOPHCW-UHFFFAOYSA-L
DB08858	chloride	RUGJYCHQQOPHCW-UHFFFAOYSA-L
DB08913	chloride	RWRDJVNMSZYMDV-SIUYXFDKSA-L
DB08938	Distilled Water	SPPNVMTVMQOKSC-UHFFFAOYSA-A
DB08938	sulfate	SPPNVMTVMQOKSC-UHFFFAOYSA-A
DB08938	water	SPPNVMTVMQOKSC-UHFFFAOYSA-A
DB08938	water (vehicle)	SPPNVMTVMQOKSC-UHFFFAOYSA-A
DB09001	phenobarbital	MJCBWPMBFCUHBP-NPULLEENSA-N
DB09015	canrenoate	PBKZPPIHUVSDNM-WNHSNXHDSA-N
DB09064	ciprofibrate	KPSRODZRAIWAKH-UHFFFAOYSA-N
DB09070	tibolone	WZDGZWOAQTVYBX-XOINTXKNSA-N
DB09087	sulfate	GRLPQNLYRHEGIJ-UHFFFAOYSA-J
DB09104	Distilled Water	VTHJTEIRLNZDEV-UHFFFAOYSA-L
DB09104	water	VTHJTEIRLNZDEV-UHFFFAOYSA-L
DB09104	water (vehicle)	VTHJTEIRLNZDEV-UHFFFAOYSA-L
DB09129	chloride	QSWDMMVNRMROPK-UHFFFAOYSA-K
DB09131	chloride	ORTQZVOHEJQUHG-UHFFFAOYSA-L
DB09138	Distilled Water	IUPNVOAUFBLQME-SGNQUONSSA-J
DB09138	water	IUPNVOAUFBLQME-SGNQUONSSA-J
DB09138	water (vehicle)	IUPNVOAUFBLQME-SGNQUONSSA-J
DB09140	O2 2%	MYMOFIZGZYHOMD-UHFFFAOYSA-N
DB09140	O2 20%	MYMOFIZGZYHOMD-UHFFFAOYSA-N
DB09145	Distilled Water	XLYOFNOQVPJJNP-UHFFFAOYSA-N
DB09145	water	XLYOFNOQVPJJNP-UHFFFAOYSA-N
DB09145	water (vehicle)	XLYOFNOQVPJJNP-UHFFFAOYSA-N
DB09146	Distilled Water	FWZTTZUKDVJDCM-CEJAUHOTSA-M
DB09146	sucrose	FWZTTZUKDVJDCM-CEJAUHOTSA-M
DB09146	water	FWZTTZUKDVJDCM-CEJAUHOTSA-M
DB09146	water (vehicle)	FWZTTZUKDVJDCM-CEJAUHOTSA-M
DB09152	nitrogen	IJGRMHOSHXDMSA-UHFFFAOYSA-N
DB09153	NaCl	FAPWRFPIFSIZLT-UHFFFAOYSA-M
DB09153	chloride	FAPWRFPIFSIZLT-UHFFFAOYSA-M
DB09160	Distilled Water	HBJYDUADMKVTGP-RCUQKECRSA-N
DB09160	water	HBJYDUADMKVTGP-RCUQKECRSA-N
DB09160	water (vehicle)	HBJYDUADMKVTGP-RCUQKECRSA-N
DB09205	moxisylyte	VRYMTAVOXVTQEF-UHFFFAOYSA-N
DB09213	ibuprofen	HEFNNWSXXWATRW-JTQLQIEISA-N
DB09241	chloride	CXKWCBBOMKCUKX-UHFFFAOYSA-M
DB09277	chloride	SGMZJAMFUVOLNK-ULWFUOSBSA-M
DB09314	Distilled Water	ZTFPRNKAHXDALS-RCUQKECRSA-N
DB09314	water	ZTFPRNKAHXDALS-RCUQKECRSA-N
DB09314	water (vehicle)	ZTFPRNKAHXDALS-RCUQKECRSA-N
DB09316	chloride	GBECUEIQVRDUKB-UHFFFAOYSA-M
DB09320	Penicillin G	WHRVRSCEWKLAHX-LQDWTQKMSA-N
DB09321	zinc	XLOMVQKBTHCTTD-UHFFFAOYSA-N
DB09322	ZnSO4	NWONKYPBYAMBJT-UHFFFAOYSA-L
DB09322	sulfate	NWONKYPBYAMBJT-UHFFFAOYSA-L
DB09326	ammonium	QGZKDVFQNNGYKY-BJUDXGSMSA-N
DB09338	Distilled Water	HQRSUIDICNOLPX-UHFFFAOYSA-M
DB09338	water	HQRSUIDICNOLPX-UHFFFAOYSA-M
DB09338	water (vehicle)	HQRSUIDICNOLPX-UHFFFAOYSA-M
DB09364	Distilled Water	XRCLWOYOVQUZLE-UHFFFAOYSA-M
DB09364	water	XRCLWOYOVQUZLE-UHFFFAOYSA-M
DB09364	water (vehicle)	XRCLWOYOVQUZLE-UHFFFAOYSA-M
DB09372	tannic acid	LRBQNJMCXXYXIU-YIILYMKVSA-N
DB09407	chloride	TWRXJAOTZQYOKJ-UHFFFAOYSA-L
DB09409	Distilled Water	XKPKPGCRSHFTKM-UHFFFAOYSA-L
DB09409	water	XKPKPGCRSHFTKM-UHFFFAOYSA-L
DB09409	water (vehicle)	XKPKPGCRSHFTKM-UHFFFAOYSA-L
DB09472	sulfate	PMZURENOXWZQFD-UHFFFAOYSA-L
DB09483	lactic acid	PHZLMBHDXVLRIX-UHFFFAOYSA-M
DB09490	chloride	PSCMQHVBLHHWTO-FZTWWWDYSA-K
DB09498	chloride	AHBGXTDRMVNFER-FCHARDOESA-L
DB09501	ammonium	FRHBOQMZUOWXQL-UHFFFAOYSA-N
DB09510	Urea	XSQUKJJJFZCRTK-OUBTZVSYSA-N
DB09513	Urea	XSQUKJJJFZCRTK-NJFSPNSNSA-N
DB09517	sucrose	MQBDAEHWGRMADS-XNHLMZCASA-M
DB09546	sulfate	XNACDNPGABUBFR-FKNPGSCZSA-N
DB09555	chlorpheniramine	DBAKFASWICGISY-DASCVMRKSA-N
DB09561	glycerol-3-phosphate	GEKBIENFFVFKRG-UHFFFAOYSA-L
DB09571	methamphetamine	MYWUZJCMWCOHBA-SECBINFHSA-N
DB11056	chloride	AXZWODMDQAVCJE-UHFFFAOYSA-L
DB11068	selenate	QYHFIVBSNOWOCQ-UHFFFAOYSA-N
DB11079	salicylic acid	UEVAMYPIMMOEFW-UHFFFAOYSA-N
DB11081	chloride	VSCWAEJMTAWNJL-UHFFFAOYSA-K
DB11090	KNO3	FGIUAXJPYTZDNR-UHFFFAOYSA-N
DB11091	Hydrogen Peroxide (H2O2)	MHAJPDPJQMAIIY-UHFFFAOYSA-N
DB11091	hydrogen peroxide	MHAJPDPJQMAIIY-UHFFFAOYSA-N
DB11128	Distilled Water	FZDJSHPVOMNEIF-UHFFFAOYSA-T
DB11128	ammonium	FZDJSHPVOMNEIF-UHFFFAOYSA-T
DB11128	water	FZDJSHPVOMNEIF-UHFFFAOYSA-T
DB11128	water (vehicle)	FZDJSHPVOMNEIF-UHFFFAOYSA-T
DB11129	Hydrogen Peroxide (H2O2)	AQLJVWUFPCUVLO-UHFFFAOYSA-N
DB11129	Urea	AQLJVWUFPCUVLO-UHFFFAOYSA-N
DB11129	hydrogen peroxide	AQLJVWUFPCUVLO-UHFFFAOYSA-N
DB11150	sulfate	TZCXTZWJZNENPQ-UHFFFAOYSA-L
DB11151	Distilled Water	HEMHJVSKTPXQMS-UHFFFAOYSA-M
DB11151	water	HEMHJVSKTPXQMS-UHFFFAOYSA-M
DB11151	water (vehicle)	HEMHJVSKTPXQMS-UHFFFAOYSA-M
DB11153	Distilled Water	KWYUFKZDYYNOTN-UHFFFAOYSA-M
DB11153	water	KWYUFKZDYYNOTN-UHFFFAOYSA-M
DB11153	water (vehicle)	KWYUFKZDYYNOTN-UHFFFAOYSA-M
DB11171	Distilled Water	YHGPYBQVSJBGHH-UHFFFAOYSA-H
DB11171	sulfate	YHGPYBQVSJBGHH-UHFFFAOYSA-H
DB11171	water	YHGPYBQVSJBGHH-UHFFFAOYSA-H
DB11171	water (vehicle)	YHGPYBQVSJBGHH-UHFFFAOYSA-H
DB11197	cysteine	NIBOCUPOPAKNJE-NVKWYWNSSA-L
DB11200	Distilled Water	WYANSMZYIOPJFV-UHFFFAOYSA-L
DB11200	chloride	WYANSMZYIOPJFV-UHFFFAOYSA-L
DB11200	water	WYANSMZYIOPJFV-UHFFFAOYSA-L
DB11200	water (vehicle)	WYANSMZYIOPJFV-UHFFFAOYSA-L
DB11205	Distilled Water	IMZDRXBSGZPLDE-UHFFFAOYSA-H
DB11205	chloride	IMZDRXBSGZPLDE-UHFFFAOYSA-H
DB11205	water	IMZDRXBSGZPLDE-UHFFFAOYSA-H
DB11205	water (vehicle)	IMZDRXBSGZPLDE-UHFFFAOYSA-H
DB11239	sulfate	DIZPMCHEQGEION-UHFFFAOYSA-H
DB11255	niacin-bound chromium	CBDQOLKNTOMMTL-UHFFFAOYSA-K
DB11268	Protocatechuic aldehyde	IBGBGRVKPALMCQ-UHFFFAOYSA-N
DB11309	sulfate	QAOWNCQODCNURD-UHFFFAOYSA-N
DB11336	kinetin	QANMHLXAZMSUEX-UHFFFAOYSA-N
DB11337	t-zeatin	UZKQTCBAMSWPJD-FARCUNLSSA-N
DB11337	trans-zeatin	UZKQTCBAMSWPJD-FARCUNLSSA-N
DB11417	Hydrogen Peroxide (H2O2)	QPUPHFVWBIOERP-MXIFXDQUSA-M
DB11417	hydrogen peroxide	QPUPHFVWBIOERP-MXIFXDQUSA-M
DB11421	imidacloprid	YWTYJOPNNQFBPC-UHFFFAOYSA-N
DB11429	mibolerone and doxycycline	PTQMMNYJKCSPET-OMHQDGTGSA-N
DB11430	monensin	GAOZTHIDHYLHMS-KEOBGNEYSA-N
DB11451	Ethylene Oxide	RVGRUAULSDPKGF-UHFFFAOYSA-N
DB11457	rotenone	JUVIOZPCNVVQFO-HBGVWJBISA-N
DB11525	ammonium	WQGJEAMPBSZCIF-HKSLRPGUSA-N
DB11562	bicuculline	IYGYMKDQCDOMRE-ZWKOTPCHSA-N
DB11573	Distilled Water	ZLVPDILYQLCEJO-UHFFFAOYSA-H
DB11573	chloride	ZLVPDILYQLCEJO-UHFFFAOYSA-H
DB11573	water	ZLVPDILYQLCEJO-UHFFFAOYSA-H
DB11573	water (vehicle)	ZLVPDILYQLCEJO-UHFFFAOYSA-H
DB11663	1mM GDC-0941	LHNIIDJUOCFXAP-UHFFFAOYSA-N
DB11749	Praziquantel	FSVJFNAIGNNGKK-KRWDZBQOSA-N
DB11842	Angiotensin II	CZGUSIXMZVURDU-JZXHSEFVSA-N
DB11858	LTD4	YEESKJGWJFYOOK-IJHYULJSSA-N
DB11868	levetiracetam	HPHUVLMMVZITSG-UHFFFAOYSA-N
DB12007	isoflavone	GOMNOOKGLZYEJT-UHFFFAOYSA-N
DB12025	Triptolide	DFBIRQPKNDILPW-CIVMWXNOSA-N
DB12039	(-)-catechin	PFTAWBLQPZVEMU-UKRRQHHQSA-N
DB12191	obatoclax 3x 72h EC50	RFTSSZJZXOSICM-GRSHGNNSSA-N
DB12191	obatoclax 72h EC50	RFTSSZJZXOSICM-GRSHGNNSSA-N
DB12319	benzbromarone	WHQCHUCQKNIQEC-UHFFFAOYSA-N
DB12418	saccharine solution alone (control)	CVHZOJJKTDOEJC-UHFFFAOYSA-N
DB12425	triiodothyronine	AUYYCJSJGJYCDS-UMVFHIKJSA-N
DB12442	17-(dimethylaminoethylamino)-17-demethoxygeldanamycin	KUFRQPKVAWMTJO-LMZWQJSESA-N
DB12449	tempol	UZFMOKQJFYMBGY-UHFFFAOYSA-N
DB12510	500ppb ozone	CBENFWSGALASAD-UHFFFAOYSA-N
DB12510	ozone	CBENFWSGALASAD-UHFFFAOYSA-N
DB12575	4-amino tetrahydrobiopterin	NDSDGUULXHNXGA-RPDRRWSUSA-N
DB12783	benserazide	BNQDCRGUHNALGH-UHFFFAOYSA-N
DB12789	prostaglandin F2alpha	PXGPLTODNUVGFL-YNNPMVKQSA-N
DB13116	Tetrafluororethane	LVGUZGTVOIAKKC-UHFFFAOYSA-N
DB13145	ammonium	GYAVMUDJCHAASE-UHFFFAOYSA-M
DB13163	Distilled Water	JGKJMBOJWVAMIJ-OFAZAQPOSA-N
DB13163	water	JGKJMBOJWVAMIJ-OFAZAQPOSA-N
DB13163	water (vehicle)	JGKJMBOJWVAMIJ-OFAZAQPOSA-N
DB13209	Distilled Water	QGWDKKHSDXWPET-UHFFFAOYSA-E
DB13209	water	QGWDKKHSDXWPET-UHFFFAOYSA-E
DB13209	water (vehicle)	QGWDKKHSDXWPET-UHFFFAOYSA-E
DB13231	lactic acid	MKJXYGKVIBWPFZ-UHFFFAOYSA-L
DB13236	Distilled Water	ZDDUXABBRATYFS-UHFFFAOYSA-F
DB13236	water	ZDDUXABBRATYFS-UHFFFAOYSA-F
DB13236	water (vehicle)	ZDDUXABBRATYFS-UHFFFAOYSA-F
DB13242	S-nitrosoglutathione plus dibutyryl cAMP	CJGYSWNGNKCJSB-YVLZZHOMSA-N
DB13242	bucladesine	CJGYSWNGNKCJSB-YVLZZHOMSA-N
DB13242	dibutyryl cAMP	CJGYSWNGNKCJSB-YVLZZHOMSA-N
DB13242	glutathione plus dibutyryl cAMP	CJGYSWNGNKCJSB-YVLZZHOMSA-N
DB13250	chloride	MYGVPKMVGSXPCQ-JEDNCBNOSA-N
DB13257	sulfate	BAUYGSIQEAFULO-UHFFFAOYSA-L
DB13261	Distilled Water	MPORYQCGWFQFLA-ONPDANIMSA-N
DB13261	water	MPORYQCGWFQFLA-ONPDANIMSA-N
DB13261	water (vehicle)	MPORYQCGWFQFLA-ONPDANIMSA-N
DB13277	benziodarone	CZCHIEJNWPNBDE-UHFFFAOYSA-N
DB13278	bucetin	LIAWQASKBFCRNR-UHFFFAOYSA-N
DB13318	demecolcine	NNJPGOLRFBJNIW-HNNXBMFYSA-N
DB13322	Distilled Water	BEBILBPAQKONJS-UHFFFAOYSA-L
DB13322	water	BEBILBPAQKONJS-UHFFFAOYSA-L
DB13322	water (vehicle)	BEBILBPAQKONJS-UHFFFAOYSA-L
DB13326	chloride	KKAJSJJFBSOMGS-UHFFFAOYSA-N
DB13344	chloride	WRWRKDRWMURIBI-UHFFFAOYSA-M
DB13366	chloride	VEXZGXHMUGYJMC-UHFFFAOYSA-N
DB13381	EDTA	MKWYFZFMAMBPQK-UHFFFAOYSA-J
DB13387	Distilled Water	BMUDPLZKKRQECS-HXFTUNQESA-K
DB13387	hemin	BMUDPLZKKRQECS-HXFTUNQESA-K
DB13387	water	BMUDPLZKKRQECS-HXFTUNQESA-K
DB13387	water (vehicle)	BMUDPLZKKRQECS-HXFTUNQESA-K
DB13392	Distilled Water	SQFDQLBYJKFDDO-UHFFFAOYSA-K
DB13392	water	SQFDQLBYJKFDDO-UHFFFAOYSA-K
DB13392	water (vehicle)	SQFDQLBYJKFDDO-UHFFFAOYSA-K
DB13404	EDTA	UEUXEKPTXMALOB-UHFFFAOYSA-J
DB13423	Distilled Water	MSNWSDPPULHLDL-UHFFFAOYSA-K
DB13423	water	MSNWSDPPULHLDL-UHFFFAOYSA-K
DB13423	water (vehicle)	MSNWSDPPULHLDL-UHFFFAOYSA-K
DB13501	bendazac	BYFMCKSPFYVMOU-UHFFFAOYSA-N
DB13509	acetylsalicylic acid	MXCPYJZDGPQDRA-UHFFFAOYSA-N
DB13509	aspirin	MXCPYJZDGPQDRA-UHFFFAOYSA-N
DB13528	chlormadinone	VUHJZBBCZGVNDZ-TTYLFXKOSA-N
DB13569	chloride	NMCUIPGRVMDVDB-UHFFFAOYSA-L
DB13576	nicotinic acid	NSFYKDVWNTWJOK-UHFFFAOYSA-K
DB13595	Distilled Water	XFKLULFTFNRQOX-UHFFFAOYSA-N
DB13595	water	XFKLULFTFNRQOX-UHFFFAOYSA-N
DB13595	water (vehicle)	XFKLULFTFNRQOX-UHFFFAOYSA-N
DB13612	Urea	VYMUGTALCSPLDM-UHFFFAOYSA-L
DB13612	acetylsalicylic acid	VYMUGTALCSPLDM-UHFFFAOYSA-L
DB13612	aspirin	VYMUGTALCSPLDM-UHFFFAOYSA-L
DB13615	Distilled Water	NGIYLSFJGRLEMI-MHTUOZSYSA-M
DB13615	water	NGIYLSFJGRLEMI-MHTUOZSYSA-M
DB13615	water (vehicle)	NGIYLSFJGRLEMI-MHTUOZSYSA-M
DB13626	Distilled Water	UTUUIUQHGDRVPU-UHFFFAOYSA-K
DB13626	water	UTUUIUQHGDRVPU-UHFFFAOYSA-K
DB13626	water (vehicle)	UTUUIUQHGDRVPU-UHFFFAOYSA-K
DB13650	Distilled Water	GJJYZOBRHIMORS-GQOAHPRESA-K
DB13650	water	GJJYZOBRHIMORS-GQOAHPRESA-K
DB13650	water (vehicle)	GJJYZOBRHIMORS-GQOAHPRESA-K
DB13654	Distilled Water	GUJOJGAPFQRJSV-UHFFFAOYSA-N
DB13654	water	GUJOJGAPFQRJSV-UHFFFAOYSA-N
DB13654	water (vehicle)	GUJOJGAPFQRJSV-UHFFFAOYSA-N
DB13679	chlorpheniramine	SOYKEARSMXGVTM-HNNXBMFYSA-N
DB13705	chloride	LRQIWRXCHWNNEA-MWZFJMJKSA-L
DB13732	Distilled Water	XOGYVDXPYVPAAQ-SESJOKTNSA-M
DB13732	water	XOGYVDXPYVPAAQ-SESJOKTNSA-M
DB13732	water (vehicle)	XOGYVDXPYVPAAQ-SESJOKTNSA-M
DB13743	Distilled Water	KZNBHWLDPGWJMM-UHFFFAOYSA-J
DB13743	water	KZNBHWLDPGWJMM-UHFFFAOYSA-J
DB13743	water (vehicle)	KZNBHWLDPGWJMM-UHFFFAOYSA-J
DB13749	Distilled Water	HJWFTNWQKDPLAS-SYAJEJNSSA-L
DB13749	water	HJWFTNWQKDPLAS-SYAJEJNSSA-L
DB13749	water (vehicle)	HJWFTNWQKDPLAS-SYAJEJNSSA-L
DB13765	Mercury (II) chloride	LWJROJCJINYWOX-UHFFFAOYSA-L
DB13765	chloride	LWJROJCJINYWOX-UHFFFAOYSA-L
DB13780	Distilled Water	USWVMPGQVYZHCA-UHFFFAOYSA-K
DB13780	clofibric acid	USWVMPGQVYZHCA-UHFFFAOYSA-K
DB13780	water	USWVMPGQVYZHCA-UHFFFAOYSA-K
DB13780	water (vehicle)	USWVMPGQVYZHCA-UHFFFAOYSA-K
DB13786	orotic acid	QWLHYYKDLOVBNV-UHFFFAOYSA-L
DB13812	theophylline	SEIRRUDMPNNSCY-UHFFFAOYSA-N
DB13813	Iodoform	OKJPEAGHQZHRQV-UHFFFAOYSA-N
DB13818	Distilled Water	VTAVFIZOZUAKKE-UHFFFAOYSA-K
DB13818	water	VTAVFIZOZUAKKE-UHFFFAOYSA-K
DB13818	water (vehicle)	VTAVFIZOZUAKKE-UHFFFAOYSA-K
DB13828	cyfluthrin	QQODLKZGRKWIFG-UHFFFAOYSA-N
DB13834	Distilled Water	OASPSZUQLPQSSC-UHFFFAOYSA-M
DB13834	water	OASPSZUQLPQSSC-UHFFFAOYSA-M
DB13834	water (vehicle)	OASPSZUQLPQSSC-UHFFFAOYSA-M
DB13860	imidazole	XCHHJFVNQPPLJK-UHFFFAOYSA-N
DB13860	salicylic acid	XCHHJFVNQPPLJK-UHFFFAOYSA-N
DB13909	Distilled Water	JAONZGLTYYUPCT-UHFFFAOYSA-K
DB13909	water	JAONZGLTYYUPCT-UHFFFAOYSA-K
DB13909	water (vehicle)	JAONZGLTYYUPCT-UHFFFAOYSA-K
DB13910	valproic acid	YZDVVHSLIPLZLO-UHFFFAOYSA-K
DB13919	candesartan	HTQMVQVXFRQIKW-UHFFFAOYSA-N
DB13969	chloride	SCXCDVTWABNWLW-UHFFFAOYSA-M
DB13971	Vanadium Pentoxide	LEONUFNNVUYDNQ-UHFFFAOYSA-N
DB13971	divanadium pentaoxide	LEONUFNNVUYDNQ-UHFFFAOYSA-N
DB13971	vanadium	LEONUFNNVUYDNQ-UHFFFAOYSA-N
DB13972	methionine	FFEARJCKVFRZRR-UHFFFAOYSA-N
DB13987	chloride	AHBGXTDRMVNFER-UHFFFAOYSA-L
DB14006	salicylic acid	UDKCHVLMFQVBAA-UHFFFAOYSA-M
DB14063	dexverapamil	SGTNSNPWRIOYBX-HHHXNRCGSA-N
DB14063	verapamil	SGTNSNPWRIOYBX-HHHXNRCGSA-N
DB14080	N-acetyl-L-cysteine	CDIFCTOKYOUYOT-SCGRZTRASA-L
DB14085	cadmium	BDOSMKKIYDKNTQ-UHFFFAOYSA-N
DB14086	(-)-catechin	PFTAWBLQPZVEMU-DZGCQCFKSA-N
DB14093	testosterone	MUMGGOZAMZWBJJ-JQSYSRDDSA-N
DB14116	Distilled Water	JAUGGEIKQIHSMF-UHFFFAOYSA-N
DB14116	water	JAUGGEIKQIHSMF-UHFFFAOYSA-N
DB14116	water (vehicle)	JAUGGEIKQIHSMF-UHFFFAOYSA-N
DB14138	Distilled Water	LRCFXGAMWKDGLA-UHFFFAOYSA-N
DB14138	water	LRCFXGAMWKDGLA-UHFFFAOYSA-N
DB14138	water (vehicle)	LRCFXGAMWKDGLA-UHFFFAOYSA-N
DB14180	sulfate	LGQLOGILCSXPEA-UHFFFAOYSA-L
DB14193	zinc	NRKWVSAGIOWUJK-UHFFFAOYSA-P
DB14194	zinc	UFBKSWVHJMDCMH-UHFFFAOYSA-P
DB14206	chloride	GVPFVAHMJGGAJG-UHFFFAOYSA-L
DB14206	cobalt chloride	GVPFVAHMJGGAJG-UHFFFAOYSA-L
DB14475	lactic acid	JVTAAEKCZFNVCJ-REOHCLBHSA-N
DB14476	alpha-tocopherol	GVJHHUAWPYXKBD-UHFFFAOYSA-N
DB14476	vitamin E	GVJHHUAWPYXKBD-UHFFFAOYSA-N
DB14479	N-acetyl-L-cysteine	KNVKDNCWDNRTOE-SCGRZTRASA-L
DB14481	Distilled Water	XAAHAAMILDNBPS-UHFFFAOYSA-L
DB14481	water	XAAHAAMILDNBPS-UHFFFAOYSA-L
DB14481	water (vehicle)	XAAHAAMILDNBPS-UHFFFAOYSA-L
DB14494	Distilled Water	UOURRHZRLGCVDA-UHFFFAOYSA-D
DB14494	water	UOURRHZRLGCVDA-UHFFFAOYSA-D
DB14494	water (vehicle)	UOURRHZRLGCVDA-UHFFFAOYSA-D
DB14497	Distilled Water	RUGQTQJQCSDUFS-UHFFFAOYSA-H
DB14497	chloride	RUGQTQJQCSDUFS-UHFFFAOYSA-H
DB14497	water	RUGQTQJQCSDUFS-UHFFFAOYSA-H
DB14497	water (vehicle)	RUGQTQJQCSDUFS-UHFFFAOYSA-H
DB14499	sulfate	OTYBMLCTZGSZBG-UHFFFAOYSA-L
DB14500	high potassium	NTTOTNSKUYCDAV-UHFFFAOYSA-N
DB14501	sulfate	YJYOLOWXCPIBSY-UHFFFAOYSA-L
DB14506	Distilled Water	WMFOQBRAJBCJND-UHFFFAOYSA-M
DB14506	water	WMFOQBRAJBCJND-UHFFFAOYSA-M
DB14506	water (vehicle)	WMFOQBRAJBCJND-UHFFFAOYSA-M
DB14520	Distilled Water	UISKQNNAQKPSDO-UHFFFAOYSA-E
DB14520	water	UISKQNNAQKPSDO-UHFFFAOYSA-E
DB14520	water (vehicle)	UISKQNNAQKPSDO-UHFFFAOYSA-E
DB14522	Distilled Water	XLYOFNOQVPJJNP-UHFFFAOYSA-M
DB14522	water	XLYOFNOQVPJJNP-UHFFFAOYSA-M
DB14522	water (vehicle)	XLYOFNOQVPJJNP-UHFFFAOYSA-M
DB14529	nicotinic acid	MSPQQAUTCRWLGR-UHFFFAOYSA-K
DB14530	sulfate	RYPRIXSYXLDSOA-UHFFFAOYSA-L
DB14533	chloride	JIAARYAFYJHUJI-UHFFFAOYSA-L
DB14546	sulfate	QAOWNCQODCNURD-UHFFFAOYSA-L
DB14547	chloride	VEXZGXHMUGYJMC-UHFFFAOYSA-M
DB14550	chloride	UPWPDUACHOATKO-MPZFSRPWSA-K
DB14598	EDTA	SHWNNYZBHZIQQV-UHFFFAOYSA-J
DB14599	EDTA	KCFCAUKZKOSSBI-UHFFFAOYSA-J
DB14600	EDTA	ZGTMUACCHSMWAC-UHFFFAOYSA-L
DB14622	Distilled Water	ASTWEMOBIXQPPV-UHFFFAOYSA-K
DB14622	water	ASTWEMOBIXQPPV-UHFFFAOYSA-K
DB14622	water (vehicle)	ASTWEMOBIXQPPV-UHFFFAOYSA-K
DB14695	Distilled Water	IEECXTSVVFWGSE-UHFFFAOYSA-M
DB14695	water	IEECXTSVVFWGSE-UHFFFAOYSA-M
DB14695	water (vehicle)	IEECXTSVVFWGSE-UHFFFAOYSA-M
DB14750	adapin	ODQWQRRAPPTVAG-BOPFTXTBSA-N
DB15392	caesium-137	TVFDJXOCXUVLDH-UHFFFAOYSA-N
DB15394	alpha-tocopherol + gamma-tocopherol	QUEDXNHFTDJVIY-DQCZWYHMSA-N
DB15414	BAY-43-9006	MLDQJTXFUGDVEO-FIBGUPNXSA-N
DB15479	Distilled Water	BLKLTTCUAPDQEG-UHFFFAOYSA-L
DB15479	chloride	BLKLTTCUAPDQEG-UHFFFAOYSA-L
DB15479	water	BLKLTTCUAPDQEG-UHFFFAOYSA-L
DB15479	water (vehicle)	BLKLTTCUAPDQEG-UHFFFAOYSA-L
DB15533	sulfate	OSGAYBCDTDRGGQ-UHFFFAOYSA-L
DB15535	chloride	OXBLHERUFWYNTN-UHFFFAOYSA-M
DB15536	chloride	RBTARNINKXHZNM-UHFFFAOYSA-K
DB15582	echinomycin	AUJXLBOHYWTPFV-VITLIGDRSA-N
DB15585	Org 31710	HFDGABTZPISMDD-IEVXGSBISA-N
DB15587	Bis [(+)-tartrato] diantimonate (III) dipotassium trihydrate	WBTCZEPSIIFINA-MSFWTACDSA-J
DB15587	Distilled Water	WBTCZEPSIIFINA-MSFWTACDSA-J
DB15587	water	WBTCZEPSIIFINA-MSFWTACDSA-J
DB15587	water (vehicle)	WBTCZEPSIIFINA-MSFWTACDSA-J
