drugbank_id	lipidmaps_id	inchi_key
DB00091	LMPK14000003	PMATZTZNYRCHOR-CGLBZJNRSA-N
DB00119	LMFA01060077	LCTONWCANYUPML-UHFFFAOYSA-N
DB00129	LMFA01100057	AHLPHDHHMVZTML-BYPYZUCNSA-N
DB00132	LMFA01030152	DTOSIQBPPRVQHS-PDBXOOCHSA-N
DB00132	LMFA01030153	DTOSIQBPPRVQHS-PDBXOOCHSA-N
DB00132	LMFA01030348	DTOSIQBPPRVQHS-PDBXOOCHSA-N
DB00132	LMFA01030349	DTOSIQBPPRVQHS-PDBXOOCHSA-N
DB00132	LMFA01030350	DTOSIQBPPRVQHS-PDBXOOCHSA-N
DB00132	LMFA01030351	DTOSIQBPPRVQHS-PDBXOOCHSA-N
DB00132	LMFA01030352	DTOSIQBPPRVQHS-PDBXOOCHSA-N
DB00132	LMFA01030353	DTOSIQBPPRVQHS-PDBXOOCHSA-N
DB00133	LMFA01100045	MTCFGRXMJLQNBG-REOHCLBHSA-N
DB00136	LMST03020258	GMRQFYUYWCNGIN-NKMMMXOESA-N
DB00136	LMST03020259	GMRQFYUYWCNGIN-NKMMMXOESA-N
DB00136	LMST03020260	GMRQFYUYWCNGIN-NKMMMXOESA-N
DB00136	LMST03020262	GMRQFYUYWCNGIN-NKMMMXOESA-N
DB00136	LMST03020265	GMRQFYUYWCNGIN-NKMMMXOESA-N
DB00136	LMST03020266	GMRQFYUYWCNGIN-NKMMMXOESA-N
DB00136	LMST03020267	GMRQFYUYWCNGIN-NKMMMXOESA-N
DB00137	LMPR01070029	KBPHJBAIARWVSC-RGZFRNHPSA-N
DB00137	LMPR01070030	KBPHJBAIARWVSC-RGZFRNHPSA-N
DB00137	LMPR01070031	KBPHJBAIARWVSC-RGZFRNHPSA-N
DB00137	LMPR01070043	KBPHJBAIARWVSC-RGZFRNHPSA-N
DB00137	LMPR01070274	KBPHJBAIARWVSC-RGZFRNHPSA-N
DB00139	LMFA01170043	KDYFGRWQOYBRFD-UHFFFAOYSA-N
DB00146	LMST03020246	JWUBBDSIWDLEOM-DTOXIADCSA-N
DB00146	LMST03020247	JWUBBDSIWDLEOM-DTOXIADCSA-N
DB00146	LMST03020646	JWUBBDSIWDLEOM-DTOXIADCSA-N
DB00146	LMST03020655	JWUBBDSIWDLEOM-DTOXIADCSA-N
DB00146	LMST03030005	JWUBBDSIWDLEOM-DTOXIADCSA-N
DB00149	LMFA01100048	ROHFNLRQFUQHCH-YFKPBYRVSA-N
DB00153	LMST03010001	MECHNRXZTMCUDQ-RKHKHRCZSA-N
DB00153	LMST03010014	MECHNRXZTMCUDQ-RKHKHRCZSA-N
DB00154	LMFA01030158	HOBAELRKJCKHQD-QNEBEIHSSA-N
DB00159	LMFA01030759	JAZBEHYOTPTENJ-JLNKQSITSA-N
DB00159	LMFA01031116	JAZBEHYOTPTENJ-JLNKQSITSA-N
DB00159	LMFA01031117	JAZBEHYOTPTENJ-JLNKQSITSA-N
DB00161	LMFA01100046	KZSNJWFQEVHDMF-BYPYZUCNSA-N
DB00162	LMPR01090001	FPIPGXGPPPQFEQ-OVSJKPMPSA-N
DB00162	LMPR01090005	FPIPGXGPPPQFEQ-OVSJKPMPSA-N
DB00162	LMPR01090009	FPIPGXGPPPQFEQ-OVSJKPMPSA-N
DB00162	LMPR01090011	FPIPGXGPPPQFEQ-OVSJKPMPSA-N
DB00163	LMPR02020001	GVJHHUAWPYXKBD-IEOSBIPESA-N
DB00166	LMFA01130001	AGBQKNBQESQNJD-SSDOTTSWSA-N
DB00167	LMFA01100047	AGPKZVBTJJNPAG-WHFBIAKZSA-N
DB00169	LMST03020001	QYSXJUFSXHHAJI-YRZJJWOYSA-N
DB00169	LMST03020219	QYSXJUFSXHHAJI-YRZJJWOYSA-N
DB00169	LMST03020220	QYSXJUFSXHHAJI-YRZJJWOYSA-N
DB00169	LMST03020221	QYSXJUFSXHHAJI-YRZJJWOYSA-N
DB00169	LMST03020648	QYSXJUFSXHHAJI-YRZJJWOYSA-N
DB00175	LMFA05000695	TUZYXOIXSAXUGO-PZAWKZKUSA-N
DB00199	LMPK04000006	ULGZDMOVFRHVEP-RWJQBGPGSA-N
DB00207	LMPK04000013	MQTOSJVFKKJCRP-BICOPXKESA-N
DB00254	LMPK07000001	JBIWCJUYHHGXTC-AKNGSSGZSA-N
DB00258	LMFA01010002	VSGNNIFQASZAOI-UHFFFAOYSA-L
DB00260	LMPK14000007	DYDCUQKUCUHJBH-UWTATZPHSA-N
DB00290	LMPK14000006	OYVAGSVQBOHSSS-WXFSZRTFSA-O
DB00304	LMST02030104	RPLCPCMSCLEKRS-BPIQYHPVSA-N
DB00313	LMFA01020291	NIJJYAXOARWZEE-UHFFFAOYSA-N
DB00351	LMST02030118	RQZAXGRLVPAYTJ-GQFGMJRRSA-N
DB00367	LMST02030119	WWYNJERNGUHSAO-XUDSTZEESA-N
DB00390	LMST01120023	LTMHDMANZUZIPE-PUGKRICDSA-N
DB00396	LMST02030159	RJKFOVLPORLFTN-LEKSSAKUSA-N
DB00400	LMPK13060001	DDUHZTYCFQRHIY-RBHXEPJQSA-N
DB00429	LMFA03010080	UMMADZJLZAPZAW-OVXHCKHTSA-N
DB00429	LMFA03010121	UMMADZJLZAPZAW-OVXHCKHTSA-N
DB00445	LMPK13050001	AOJJSUZBOXZQNB-VTZDEGQISA-N
DB00466	LMPR0103540001	VJKUPQSHOVKBCO-ZTYBEOBUSA-N
DB00512	LMPK14000004	MYPYJXKWCTUITO-LYRMYLQWSA-N
DB00513	LMFA01100035	SLXKOJJOQWFEFD-UHFFFAOYSA-N
DB00523	LMPR01090019	SHGAZHPCJJPHSC-ZVCIMWCZSA-N
DB00523	LMPR01090021	SHGAZHPCJJPHSC-ZVCIMWCZSA-N
DB00523	LMPR01090022	SHGAZHPCJJPHSC-ZVCIMWCZSA-N
DB00523	LMPR01090023	SHGAZHPCJJPHSC-ZVCIMWCZSA-N
DB00523	LMPR01090024	SHGAZHPCJJPHSC-ZVCIMWCZSA-N
DB00548	LMFA01170054	BDJRBEYXGGNYIS-UHFFFAOYSA-N
DB00595	LMPK07000005	IWVCMVBTMGNXQD-PXOLEDIWSA-N
DB00624	LMST02020002	MUMGGOZAMZWBJJ-DYKIIFRCSA-N
DB00624	LMST02020051	MUMGGOZAMZWBJJ-DYKIIFRCSA-N
DB00632	LMFA05000008	NOPFSRXAKWQILS-UHFFFAOYSA-N
DB00635	LMST02030180	XOFYZVNMUHMLCC-ZPOLXVRWSA-N
DB00646	LMPK06000004	VQOXZBDYSJBXMA-RKEBNKJGSA-N
DB00655	LMST02010004	DNXHEGUUPJUMQT-CBZIJGRNSA-N
DB00655	LMST02010021	DNXHEGUUPJUMQT-CBZIJGRNSA-N
DB00681	LMPK06000002	APKFDSVGJQXUKY-INPOYWNPSA-N
DB00687	LMST02030103	AAXVEMMRQDVLJB-BULBTXNYSA-N
DB00694	LMPK13050002	STQGQHZAVUOBTE-VGBVRHCVSA-N
DB00717	LMST02030097	VIKNJXKGJWUCNN-XGXHKTLJSA-N
DB00741	LMST02030001	JYGXADMDTFJGBT-VWUMJDOOSA-N
DB00746	LMFA08020169	UBQYURCVBFRUQT-UHFFFAOYSA-N
DB00746	LMFA08020175	UBQYURCVBFRUQT-UHFFFAOYSA-N
DB00755	LMPR01090019	SHGAZHPCJJPHSC-YCNIQYBTSA-N
DB00755	LMPR01090021	SHGAZHPCJJPHSC-YCNIQYBTSA-N
DB00755	LMPR01090022	SHGAZHPCJJPHSC-YCNIQYBTSA-N
DB00755	LMPR01090023	SHGAZHPCJJPHSC-YCNIQYBTSA-N
DB00755	LMPR01090024	SHGAZHPCJJPHSC-YCNIQYBTSA-N
DB00770	LMFA03010055	GMVPRGQOIOIIMI-DWKJAMRDSA-N
DB00770	LMFA03010106	GMVPRGQOIOIIMI-DWKJAMRDSA-N
DB00770	LMFA03010134	GMVPRGQOIOIIMI-DWKJAMRDSA-N
DB00770	LMFA03110002	GMVPRGQOIOIIMI-DWKJAMRDSA-N
DB00783	LMST02010001	VOXZDWNPVJITMN-ZBRFXRBCSA-N
DB00783	LMST02010013	VOXZDWNPVJITMN-ZBRFXRBCSA-N
DB00783	LMST02010029	VOXZDWNPVJITMN-ZBRFXRBCSA-N
DB00823	LMST02030124	ONKUMRGIYFNPJW-KIEAKMPYSA-N
DB00825	LMPR0102090001	NOOLISFMXDJSKH-KXUCPTDWSA-N
DB00825	LMPR0102090003	NOOLISFMXDJSKH-KXUCPTDWSA-N
DB00825	LMPR0102090057	NOOLISFMXDJSKH-KXUCPTDWSA-N
DB00855	LMFA01100055	ZGXJTSGNIOSYLO-UHFFFAOYSA-N
DB00860	LMST02030179	OIGNJSKKLXVSLS-VWUMJDOOSA-N
DB00864	LMPK04000003	QJJXYPPXXYFBGM-LFZNUXCKSA-N
DB00877	LMPK06000003	QFJCIRLUMZQUOT-HPLJOQBZSA-N
DB00894	LMST02020084	BPEWUONYVDABNZ-DZBHQSCQSA-N
DB00910	LMST04030163	BPKAHTKRCLCHEA-UBFJEZKGSA-N
DB00917	LMFA03010003	XEYBRNLFEZDVAW-ARSRFYASSA-N
DB00917	LMFA03010060	XEYBRNLFEZDVAW-ARSRFYASSA-N
DB00917	LMFA03010094	XEYBRNLFEZDVAW-ARSRFYASSA-N
DB00917	LMFA03010148	XEYBRNLFEZDVAW-ARSRFYASSA-N
DB00917	LMFA03110003	XEYBRNLFEZDVAW-ARSRFYASSA-N
DB00917	LMFA03110106	XEYBRNLFEZDVAW-ARSRFYASSA-N
DB00917	LMFA03110115	XEYBRNLFEZDVAW-ARSRFYASSA-N
DB00917	LMFA03110116	XEYBRNLFEZDVAW-ARSRFYASSA-N
DB00917	LMFA03110117	XEYBRNLFEZDVAW-ARSRFYASSA-N
DB00917	LMFA03110120	XEYBRNLFEZDVAW-ARSRFYASSA-N
DB00917	LMFA03110121	XEYBRNLFEZDVAW-ARSRFYASSA-N
DB00917	LMFA03110122	XEYBRNLFEZDVAW-ARSRFYASSA-N
DB00917	LMFA03110124	XEYBRNLFEZDVAW-ARSRFYASSA-N
DB00917	LMFA03110125	XEYBRNLFEZDVAW-ARSRFYASSA-N
DB00917	LMFA03110126	XEYBRNLFEZDVAW-ARSRFYASSA-N
DB00917	LMFA03110127	XEYBRNLFEZDVAW-ARSRFYASSA-N
DB00926	LMPR01090046	HQMNCQVAMBCHCO-DJRRULDNSA-N
DB00959	LMST02030158	VHRSUDSXCMQTMA-PJHHCJLFSA-N
DB00959	LMST02030178	VHRSUDSXCMQTMA-PJHHCJLFSA-N
DB00970	LMPK14000005	RJURFGZVJUQBHK-IIXSONLDSA-N
DB00977	LMST02010036	BFPYWIDHMRZLRN-SLHNCBLASA-N
DB00982	LMPR01090019	SHGAZHPCJJPHSC-XFYACQKRSA-N
DB00982	LMPR01090021	SHGAZHPCJJPHSC-XFYACQKRSA-N
DB00982	LMPR01090022	SHGAZHPCJJPHSC-XFYACQKRSA-N
DB00982	LMPR01090023	SHGAZHPCJJPHSC-XFYACQKRSA-N
DB00982	LMPR01090024	SHGAZHPCJJPHSC-XFYACQKRSA-N
DB00997	LMPK13050001	AOJJSUZBOXZQNB-TZSSRYMLSA-N
DB01017	LMPK07000002	DYKFCLLONBREIL-KVUCHLLUSA-N
DB01022	LMPR02030028	MBWXNTAXLNYFJB-NKFFZRIASA-N
DB01034	LMFA08010013	GVEZIHKRYBHEFX-NQQPLRFYSA-N
DB01070	LMST03010056	ILYCWAKSDCYMBB-OPCMSESCSA-N
DB01070	LMST03010057	ILYCWAKSDCYMBB-OPCMSESCSA-N
DB01092	LMST01120022	LPMXVESGRSUGHW-HBYQJFLCSA-N
DB01094	LMPK12140003	AIONOLUJZLIMTK-AWEZNQCLSA-N
DB01160	LMFA03010002	IYGXEHDCSOYNKY-RZHHZEQLSA-N
DB01160	LMFA03010025	IYGXEHDCSOYNKY-RZHHZEQLSA-N
DB01160	LMFA03010036	IYGXEHDCSOYNKY-RZHHZEQLSA-N
DB01160	LMFA03010041	IYGXEHDCSOYNKY-RZHHZEQLSA-N
DB01160	LMFA03010077	IYGXEHDCSOYNKY-RZHHZEQLSA-N
DB01160	LMFA03110001	IYGXEHDCSOYNKY-RZHHZEQLSA-N
DB01160	LMFA03110006	IYGXEHDCSOYNKY-RZHHZEQLSA-N
DB01160	LMFA03110026	IYGXEHDCSOYNKY-RZHHZEQLSA-N
DB01160	LMFA03110027	IYGXEHDCSOYNKY-RZHHZEQLSA-N
DB01160	LMFA03110028	IYGXEHDCSOYNKY-RZHHZEQLSA-N
DB01160	LMFA03110029	IYGXEHDCSOYNKY-RZHHZEQLSA-N
DB01160	LMFA03110030	IYGXEHDCSOYNKY-RZHHZEQLSA-N
DB01160	LMFA03110031	IYGXEHDCSOYNKY-RZHHZEQLSA-N
DB01160	LMFA03110032	IYGXEHDCSOYNKY-RZHHZEQLSA-N
DB01160	LMFA03110108	IYGXEHDCSOYNKY-RZHHZEQLSA-N
DB01160	LMFA03110109	IYGXEHDCSOYNKY-RZHHZEQLSA-N
DB01160	LMFA03110110	IYGXEHDCSOYNKY-RZHHZEQLSA-N
DB01160	LMFA03110111	IYGXEHDCSOYNKY-RZHHZEQLSA-N
DB01160	LMFA03110112	IYGXEHDCSOYNKY-RZHHZEQLSA-N
DB01160	LMFA03110113	IYGXEHDCSOYNKY-RZHHZEQLSA-N
DB01185	LMST02020025	YLRFCQOZQXIBAB-RBZZARIASA-N
DB01196	LMST02010038	FRPJXPJMRWBBIH-RBRWEJTLSA-N
DB01211	LMPK04000014	AGOYDEPGAOXOCK-KCBOHYOISA-N
DB01229	LMPR0104390001	RCINICONZNJXQF-MZXODVADSA-N
DB01240	LMFA03010087	KAQKFAOMNZTLHT-OZUDYXHBSA-N
DB01375	LMFA01010018	UGMCXQCYOVCMTB-UHFFFAOYSA-K
DB01380	LMST02030120	ITRJWOMZKQRYTA-RFZYENFJSA-N
DB01396	LMST01120018	WDJUZGPOPHTGOT-XUDUSOBPSA-N
DB01420	LMST02020076	PDMMFKSKQVNJMI-BLQWBTBKSA-N
DB01431	LMST02030125	ATXHVCQZZJYMCF-XUDSTZEESA-N
DB01436	LMST03020231	OFHCOWSQAMBJIW-AVJTYSNKSA-N
DB01436	LMST03020232	OFHCOWSQAMBJIW-AVJTYSNKSA-N
DB01436	LMST03020233	OFHCOWSQAMBJIW-AVJTYSNKSA-N
DB01436	LMST03020234	OFHCOWSQAMBJIW-AVJTYSNKSA-N
DB01436	LMST03020235	OFHCOWSQAMBJIW-AVJTYSNKSA-N
DB01436	LMST03020236	OFHCOWSQAMBJIW-AVJTYSNKSA-N
DB01436	LMST03020237	OFHCOWSQAMBJIW-AVJTYSNKSA-N
DB01436	LMST03020238	OFHCOWSQAMBJIW-AVJTYSNKSA-N
DB01436	LMST03020661	OFHCOWSQAMBJIW-AVJTYSNKSA-N
DB01440	LMFA01050006	SJZRECIVHVDYJC-UHFFFAOYSA-N
DB01455	LMST02010050	VVUQRXPUVKXAIO-XFUVECHXSA-N
DB01471	LMST02020010	IVFYLRMMHVYGJH-VLOLGRDOSA-N
DB01471	LMST02020017	IVFYLRMMHVYGJH-VLOLGRDOSA-N
DB01481	LMST02020110	OKJCFMUGMSVJBG-ABEVXSGRSA-N
DB01485	LMST02020102	BQOIJSIMMIDHMO-FBPKJDBXSA-N
DB01521	LMST02020019	KCZCIYZKSLLNNH-FBPKJDBXSA-N
DB01524	LMST02020005	QADHLRWLCPCEKT-LOVVWNRFSA-N
DB01526	LMST02020105	BTTWKVFKBPAFDK-LOVVWNRFSA-N
DB01530	LMST02020052	CBMYJHIOYJEBSB-KHOSGYARSA-N
DB01530	LMST02020053	CBMYJHIOYJEBSB-KHOSGYARSA-N
DB01530	LMST02020077	CBMYJHIOYJEBSB-KHOSGYARSA-N
DB01530	LMST02020078	CBMYJHIOYJEBSB-KHOSGYARSA-N
DB01530	LMST02020080	CBMYJHIOYJEBSB-KHOSGYARSA-N
DB01530	LMST02020093	CBMYJHIOYJEBSB-KHOSGYARSA-N
DB01530	LMST02020096	CBMYJHIOYJEBSB-KHOSGYARSA-N
DB01536	LMST02020007	AEMFNILZOJDQLW-QAGGRKNESA-N
DB01541	LMST02020018	RSIHSRDYCUFFLA-DYKIIFRCSA-N
DB01561	LMST02020058	RAJWOBJTTGJROA-WZNAKSSCSA-N
DB01561	LMST02020085	RAJWOBJTTGJROA-WZNAKSSCSA-N
DB01564	LMST02020010	IVFYLRMMHVYGJH-PVPPCFLZSA-N
DB01564	LMST02020017	IVFYLRMMHVYGJH-PVPPCFLZSA-N
DB01569	LMST02020026	AMVODTGMYSRMNP-GNIMZFFESA-N
DB01586	LMST04010032	RUDATBOHQWOJDD-UZVSRGJWSA-N
DB01586	LMST04010033	RUDATBOHQWOJDD-UZVSRGJWSA-N
DB01586	LMST04010034	RUDATBOHQWOJDD-UZVSRGJWSA-N
DB01586	LMST04010035	RUDATBOHQWOJDD-UZVSRGJWSA-N
DB01586	LMST04010036	RUDATBOHQWOJDD-UZVSRGJWSA-N
DB01586	LMST04010037	RUDATBOHQWOJDD-UZVSRGJWSA-N
DB01586	LMST04010038	RUDATBOHQWOJDD-UZVSRGJWSA-N
DB01586	LMST04010039	RUDATBOHQWOJDD-UZVSRGJWSA-N
DB01631	LMFA07010963	IJXHLVMUNBOGRR-UHFFFAOYSA-N
DB01637	LMPR0104010006	AJAKLDUGVSKVDG-UFYCRDLUSA-N
DB01637	LMPR0104010026	AJAKLDUGVSKVDG-UFYCRDLUSA-N
DB01645	LMPK12050218	TZBJGXHYKVUXJN-UHFFFAOYSA-N
DB01675	LMFA07050350	NPALUEYCDZWBOV-NDZSKPAWSA-N
DB01698	LMPK12112050	IKGXIBQEEMLURG-NVPNHPEKSA-N
DB01698	LMPK12112098	IKGXIBQEEMLURG-NVPNHPEKSA-N
DB01707	LMGP01050009	BWKILASWCLJPBO-UHFFFAOYSA-O
DB01708	LMST02020021	FMGSKLZLMKYGDP-USOAJAOKSA-N
DB01708	LMST02020103	FMGSKLZLMKYGDP-USOAJAOKSA-N
DB01715	LMFA01100062	KCEGBPIYGIWCDH-JGVFFNPUSA-N
DB01728	LMGP02010037	SLKDGVPOSSLUAI-PGUFJCEWSA-N
DB01739	LMFA01100047	AGPKZVBTJJNPAG-UHNVWZDZSA-N
DB01744	LMPR0102120001	DSSYKIVIOFKYAU-XCBNKYQSSA-N
DB01746	LMFA01100048	ROHFNLRQFUQHCH-RXMQYKEDSA-N
DB01762	LMFA01060003	WDJHALXBUFZDSR-UHFFFAOYSA-N
DB01785	LMPR01010001	CBIDRCWHNCKSTO-UHFFFAOYSA-N
DB01852	LMPK12110003	IYRMWMYZSQPJKC-UHFFFAOYSA-N
DB01856	LMFA01170051	WLJVNTCWHIRURA-UHFFFAOYSA-N
DB01873	LMPK04000001	XOZIUKBZLSUILX-GIQCAXHBSA-N
DB01889	LMST02020008	KRVXMNNRSSQZJP-PHFHYRSDSA-N
DB01919	LMFA06000251	HGBOYTHUEUWSSQ-UHFFFAOYSA-N
DB01966	LMGP02010097	LVNGJLRDBYCPGB-KDXMTYKHSA-N
DB01990	LMST05020016	BHYOQNUELFTYRT-DPAQBDIFSA-N
DB02043	LMGP04010986	BIABMEZBCHDPBV-UHFFFAOYSA-N
DB02056	LMFA03010004	BHMBVRSPMRCCGG-OUTUXVNYSA-N
DB02056	LMFA03010102	BHMBVRSPMRCCGG-OUTUXVNYSA-N
DB02056	LMFA03110092	BHMBVRSPMRCCGG-OUTUXVNYSA-N
DB02056	LMFA03110093	BHMBVRSPMRCCGG-OUTUXVNYSA-N
DB02056	LMFA03110094	BHMBVRSPMRCCGG-OUTUXVNYSA-N
DB02056	LMFA03110095	BHMBVRSPMRCCGG-OUTUXVNYSA-N
DB02056	LMFA03110096	BHMBVRSPMRCCGG-OUTUXVNYSA-N
DB02056	LMFA03110097	BHMBVRSPMRCCGG-OUTUXVNYSA-N
DB02056	LMFA03110098	BHMBVRSPMRCCGG-OUTUXVNYSA-N
DB02056	LMFA03110099	BHMBVRSPMRCCGG-OUTUXVNYSA-N
DB02056	LMFA03110107	BHMBVRSPMRCCGG-OUTUXVNYSA-N
DB02056	LMFA03110128	BHMBVRSPMRCCGG-OUTUXVNYSA-N
DB02056	LMFA03110129	BHMBVRSPMRCCGG-OUTUXVNYSA-N
DB02056	LMFA03110130	BHMBVRSPMRCCGG-OUTUXVNYSA-N
DB02056	LMFA03110131	BHMBVRSPMRCCGG-OUTUXVNYSA-N
DB02056	LMFA03110132	BHMBVRSPMRCCGG-OUTUXVNYSA-N
DB02068	LMFA01100040	JJMDCOVWQOJGCB-UHFFFAOYSA-O
DB02074	LMFA01030194	LDHQCZJRKDOVOX-NSCUHMNNSA-N
DB02074	LMFA01030195	LDHQCZJRKDOVOX-NSCUHMNNSA-N
DB02074	LMFA01030925	LDHQCZJRKDOVOX-NSCUHMNNSA-N
DB02092	LMST01020008	NAACPBBQTFFYQB-LJAITQKLSA-N
DB02115	LMPK12050013	KYQZWONCHDNPDP-QNDFHXLGSA-N
DB02121	LMFA08010018	DNSISZSEWVHGLH-UHFFFAOYSA-N
DB02123	LMST05030003	GHCZAUBVMUEKKP-GYPHWSFCSA-N
DB02123	LMST05030008	GHCZAUBVMUEKKP-GYPHWSFCSA-N
DB02123	LMST05030016	GHCZAUBVMUEKKP-GYPHWSFCSA-N
DB02144	LMGP06010001	PDLAMJKMOKWLAJ-OJERQSHOSA-M
DB02145	LMFA05000109	LRHPLDYGYMQRHN-UHFFFAOYSA-N
DB02175	LMFA01170041	OFOBLEOULBTSOW-UHFFFAOYSA-N
DB02176	LMFA01010002	QWSOAYZXYZDDPB-UHFFFAOYSA-M
DB02180	LMFA07050352	DUAFKXOFBZQTQE-QSGBVPJFSA-N
DB02187	LMST02010026	WKRLQDKEXYKHJB-HFTRVMKXSA-N
DB02196	LMSL01010002	LFTYTUAZOPRMMI-NESSUJCYSA-N
DB02198	LMFA01090074	KDPAWGWELVVRCH-UHFFFAOYSA-N
DB02201	LMFA01170041	OFOBLEOULBTSOW-UHFFFAOYSA-L
DB02238	LMFA01060170	SXFSQZDSUWACKX-UHFFFAOYSA-N
DB02239	LMFA01060006	JOOXCMJARBKPKM-UHFFFAOYSA-N
DB02261	LMGP01020046	HVAUUPRFYPCOCA-AREMUKBSSA-N
DB02274	LMFA01060168	GUAHPAJOXVYFON-ZETCQYMHSA-N
DB02296	LMFA05000108	PHTQWCKDNZKARW-UHFFFAOYSA-N
DB02300	LMST03020105	LWQQLNNNIPYSNX-UROSTWAQSA-N
DB02300	LMST03020106	LWQQLNNNIPYSNX-UROSTWAQSA-N
DB02300	LMST03020107	LWQQLNNNIPYSNX-UROSTWAQSA-N
DB02300	LMST03020108	LWQQLNNNIPYSNX-UROSTWAQSA-N
DB02304	LMFA03010018	PRFXRIUZNKLRHM-HKVRTXJWSA-N
DB02306	LMGP01010592	JLPULHDHAOZNQI-ZTIMHPMXSA-N
DB02306	LMGP01010594	JLPULHDHAOZNQI-ZTIMHPMXSA-N
DB02342	LMST02010035	CQOQDQWUFQDJMK-SSTWWWIQSA-N
DB02375	LMPK12110001	IKMDFBPHZNJCSN-UHFFFAOYSA-N
DB02399	LMFA05000598	SKCKOFZKJLZSFA-BXKVDMCESA-N
DB02405	LMFA01090007	YYKBWYBUCFHYPR-UHFFFAOYSA-N
DB02406	LMFA01010005	NQPDZGIKBAWPEJ-UHFFFAOYSA-N
DB02448	LMFA01010013	SZHOJFHSIKHZHA-UHFFFAOYSA-N
DB02509	LMPR0103010001	CRDAMVZIKSXKFV-FBXUGWQNSA-N
DB02509	LMPR0103010006	CRDAMVZIKSXKFV-FBXUGWQNSA-N
DB02509	LMPR0103010008	CRDAMVZIKSXKFV-FBXUGWQNSA-N
DB02509	LMPR0103010013	CRDAMVZIKSXKFV-FBXUGWQNSA-N
DB02513	LMPR0102090029	MGSRCZKZVOBKFT-UHFFFAOYSA-N
DB02516	LMFA07050150	BBRISSLDTUHWKG-PVMHLSDZSA-N
DB02516	LMFA07050162	BBRISSLDTUHWKG-PVMHLSDZSA-N
DB02516	LMFA07050341	BBRISSLDTUHWKG-PVMHLSDZSA-N
DB02530	LMFA01100039	BTCSSZJGUNDROE-UHFFFAOYSA-N
DB02531	LMFA01020071	KQNPFQTWMSNSAP-UHFFFAOYSA-N
DB02552	LMPR0102010001	GVVPGTZRZFNKDS-JXMROGBWSA-N
DB02552	LMPR0102010002	GVVPGTZRZFNKDS-JXMROGBWSA-N
DB02563	LMFA07050328	OEXFMSFODMQEPE-HDRQGHTBSA-N
DB02579	LMFA01030193	NIXOWILDQLNWCW-UHFFFAOYSA-N
DB02587	LMPR0104030004	OHCQJHSOBUTRHG-KGGHGJDLSA-N
DB02637	LMFA01170120	KHPXUQMNIQBQEV-UHFFFAOYSA-M
DB02640	LMPR0103060003	NGGMYCMLYOUNGM-CSDLUJIJSA-N
DB02659	LMST04010001	BHQCQFFYRZLCQQ-OELDTZBJSA-N
DB02659	LMST04010085	BHQCQFFYRZLCQQ-OELDTZBJSA-N
DB02659	LMST04010086	BHQCQFFYRZLCQQ-OELDTZBJSA-N
DB02659	LMST04010087	BHQCQFFYRZLCQQ-OELDTZBJSA-N
DB02659	LMST04010088	BHQCQFFYRZLCQQ-OELDTZBJSA-N
DB02659	LMST04010089	BHQCQFFYRZLCQQ-OELDTZBJSA-N
DB02659	LMST04010090	BHQCQFFYRZLCQQ-OELDTZBJSA-N
DB02659	LMST04010091	BHQCQFFYRZLCQQ-OELDTZBJSA-N
DB02659	LMST04010092	BHQCQFFYRZLCQQ-OELDTZBJSA-N
DB02659	LMST04010093	BHQCQFFYRZLCQQ-OELDTZBJSA-N
DB02659	LMST04010094	BHQCQFFYRZLCQQ-OELDTZBJSA-N
DB02659	LMST04010095	BHQCQFFYRZLCQQ-OELDTZBJSA-N
DB02659	LMST04010096	BHQCQFFYRZLCQQ-OELDTZBJSA-N
DB02659	LMST04010097	BHQCQFFYRZLCQQ-OELDTZBJSA-N
DB02659	LMST04010098	BHQCQFFYRZLCQQ-OELDTZBJSA-N
DB02659	LMST04010099	BHQCQFFYRZLCQQ-OELDTZBJSA-N
DB02691	LMST05030001	RFDAIACWWDREDC-FRVQLJSFSA-M
DB02691	LMST05030007	RFDAIACWWDREDC-FRVQLJSFSA-M
DB02703	LMPR0106040001	IECPWNUMDGFDKC-MZJAQBGESA-N
DB02709	LMPK13090005	LUKBXSAWLPMMSZ-OWOJBTEDSA-N
DB02767	LMFA01050175	ATRNZOYKSNPPBF-CYBMUJFWSA-N
DB02767	LMFA01050322	ATRNZOYKSNPPBF-CYBMUJFWSA-N
DB02767	LMFA01050323	ATRNZOYKSNPPBF-CYBMUJFWSA-N
DB02777	LMGP01010429	IJFVSSZAOYLHEE-SSEXGKCCSA-O
DB02788	LMFA12000020	ROWKJAVDOGWPAT-VKHMYHEASA-N
DB02788	LMFA12000064	ROWKJAVDOGWPAT-VKHMYHEASA-N
DB02789	LMST02030088	ORNBQBCIOKFOEO-QGVNFLHTSA-N
DB02817	LMPR0102120048	DJQYBVLXBVJHMU-PJKMHFRUSA-N
DB02854	LMST02020001	QGXBDMJGAMFCBF-BNSUEQOYSA-N
DB02854	LMST02020023	QGXBDMJGAMFCBF-BNSUEQOYSA-N
DB02854	LMST02020059	QGXBDMJGAMFCBF-BNSUEQOYSA-N
DB02854	LMST02020104	QGXBDMJGAMFCBF-BNSUEQOYSA-N
DB02901	LMST02020042	NVKAWKQGWWIWPM-ABEVXSGRSA-N
DB02901	LMST02020069	NVKAWKQGWWIWPM-ABEVXSGRSA-N
DB02910	LMFA07050355	KQMZYOXOBSXMII-CECATXLMSA-N
DB02912	LMFA07050364	QAQREVBBADEHPA-IEXPHMLFSA-N
DB02924	LMPR0102090015	CCEFMUBVSUDRLG-KXUCPTDWSA-N
DB02924	LMPR0102090048	CCEFMUBVSUDRLG-KXUCPTDWSA-N
DB02938	LMFA01010007	MNWFXJYAOYHMED-UHFFFAOYSA-N
DB02952	LMFA01100053	FUOOLUPWFVMBKG-UHFFFAOYSA-N
DB02955	LMFA02000150	WBHHMMIMDMUBKC-QJWNTBNXSA-N
DB02955	LMFA02000184	WBHHMMIMDMUBKC-QJWNTBNXSA-N
DB02955	LMFA02000212	WBHHMMIMDMUBKC-QJWNTBNXSA-N
DB02955	LMFA02000213	WBHHMMIMDMUBKC-QJWNTBNXSA-N
DB02955	LMFA02000214	WBHHMMIMDMUBKC-QJWNTBNXSA-N
DB02955	LMFA02000354	WBHHMMIMDMUBKC-QJWNTBNXSA-N
DB02982	LMFA05000007	CIVIWCVVOFNUST-SCFJQAPRSA-N
DB02982	LMFA05000196	CIVIWCVVOFNUST-SCFJQAPRSA-N
DB03001	LMPR01070007	UYRDHEJRPVSJFM-VSWVFQEASA-N
DB03007	LMFA02010001	PMTMAFAPLCGXGK-HZPDHXFCSA-N
DB03010	LMPK04000041	QXRSDHAAWVKZLJ-PVYNADRNSA-N
DB03017	LMFA01010012	POULHZVOKOAJMA-UHFFFAOYSA-N
DB03025	LMFA01050367	VSMOENVRRABVKN-MRVPVSSYSA-N
DB03025	LMFA05000090	VSMOENVRRABVKN-MRVPVSSYSA-N
DB03025	LMFA05000093	VSMOENVRRABVKN-MRVPVSSYSA-N
DB03025	LMFA05000712	VSMOENVRRABVKN-MRVPVSSYSA-N
DB03059	LMFA07050030	OJFDKHTZOUZBOS-CITAKDKDSA-N
DB03143	LMFA05000092	ZWRUINPWMLAQRD-UHFFFAOYSA-N
DB03166	LMFA01010002	QTBSBXVTEAMEQO-UHFFFAOYSA-N
DB03169	LMFA07050116	CABVTRNMFUVUDM-VRHQGPGLSA-I
DB03169	LMFA07050209	CABVTRNMFUVUDM-VRHQGPGLSA-I
DB03170	LMFA07050315	KDTSHFARGAKYJN-IBOSZNHHSA-N
DB03175	LMFA05000101	BDERNNFJNOPAEC-UHFFFAOYSA-N
DB03193	LMFA01010018	QIQXTHQIDYTFRH-UHFFFAOYSA-N
DB03203	LMSP01010001	WWUZIQQURGPMPG-KRWOKUGFSA-N
DB03264	LMFA07050340	YMCXGHLSVALICC-GMHMEAMDSA-N
DB03285	LMPK12120096	DXDRHHKMWQZJHT-FPYGCLRLSA-N
DB03320	LMFA01100051	PECYZEOJVXMISF-REOHCLBHSA-O
DB03381	LMFA06000088	NIOYUNMRJMEDGI-UHFFFAOYSA-N
DB03397	LMSL01010002	LFTYTUAZOPRMMI-CFRASDGPSA-N
DB03415	LMFA07050258	JMFXDZKFFYUOAN-SVHODSNWSA-N
DB03429	LMGP12010266	XVTUQDWPJJBEHJ-KZCWQMDCSA-N
DB03432	LMFA01100049	QCHPKSFMDHPSNR-GSVOUGTGSA-M
DB03432	LMFA01100050	QCHPKSFMDHPSNR-GSVOUGTGSA-M
DB03432	LMFA01100054	QCHPKSFMDHPSNR-GSVOUGTGSA-M
DB03438	LMGP04050008	BVJSKAUUFXBDOB-SFTDATJTSA-M
DB03440	LMFA08020079	KVTFEOAKFFQCCX-UHFFFAOYSA-N
DB03451	LMST03020430	KLZOTDOJMRMLDX-YBBVPDDNSA-N
DB03451	LMST03020432	KLZOTDOJMRMLDX-YBBVPDDNSA-N
DB03460	LMPR01070282	SZCBXWMUOPQSOX-WVJDLNGLSA-N
DB03460	LMPR01070284	SZCBXWMUOPQSOX-WVJDLNGLSA-N
DB03467	LMPK12140001	FTVWIRXFELQLPI-ZDUSSCGKSA-N
DB03489	LMFA01050475	WPAMZTWLKIDIOP-UCORVYFPSA-N
DB03489	LMFA01050486	WPAMZTWLKIDIOP-UCORVYFPSA-N
DB03500	LMFA01010023	XEZVDURJDFGERA-UHFFFAOYSA-N
DB03515	LMST02010007	PDRGHUMCVRDZLQ-WMZOPIPTSA-N
DB03518	LMFA01050352	KJTLQQUUPVSXIM-ZCFIWIBFSA-N
DB03568	LMFA01010004	FERIUCNNQQJTOY-UHFFFAOYSA-N
DB03590	LMFA01170102	GMKMEZVLHJARHF-WHFBIAKZSA-N
DB03600	LMFA01010010	GHVNFZFCNZKVNT-UHFFFAOYSA-N
DB03601	LMPK12140061	FURUXTVZLHCCNA-AWEZNQCLSA-N
DB03603	LMFA01170107	DSLZVSRJTYRBFB-LLEIAEIESA-N
DB03603	LMFA01170108	DSLZVSRJTYRBFB-LLEIAEIESA-N
DB03612	LMFA07050148	QHHKKMYHDBRONY-RMNRSTNRSA-N
DB03612	LMFA07050153	QHHKKMYHDBRONY-RMNRSTNRSA-N
DB03612	LMFA07050212	QHHKKMYHDBRONY-RMNRSTNRSA-N
DB03619	LMST04010040	KXGVEGMKQFWNSR-LLQZFEROSA-N
DB03619	LMST04010041	KXGVEGMKQFWNSR-LLQZFEROSA-N
DB03619	LMST04010042	KXGVEGMKQFWNSR-LLQZFEROSA-N
DB03619	LMST04010043	KXGVEGMKQFWNSR-LLQZFEROSA-N
DB03619	LMST04010044	KXGVEGMKQFWNSR-LLQZFEROSA-N
DB03619	LMST04010045	KXGVEGMKQFWNSR-LLQZFEROSA-N
DB03619	LMST04010046	KXGVEGMKQFWNSR-LLQZFEROSA-N
DB03619	LMST04010047	KXGVEGMKQFWNSR-LLQZFEROSA-N
DB03633	LMGP01060014	XKBJVQHMEXMFDZ-AREMUKBSSA-O
DB03646	LMGL02030035	ISDBCJSGCHUHFI-UMZPFTBHSA-N
DB03671	LMST01120008	SHIBSTMRCDJXLN-KCZCNTNESA-N
DB03675	LMFA01050452	PDGXJDXVGMHUIR-UJURSFKZSA-N
DB03675	LMFA01050469	PDGXJDXVGMHUIR-UJURSFKZSA-N
DB03690	LMGP01010876	SNKAWJBJQDLSFF-NVKMUCNASA-O
DB03690	LMGP01010890	SNKAWJBJQDLSFF-NVKMUCNASA-O
DB03696	LMPR0106090001	CAHGCLMLTWQZNJ-BQNIITSRSA-N
DB03696	LMPR0106090002	CAHGCLMLTWQZNJ-BQNIITSRSA-N
DB03696	LMST01010017	CAHGCLMLTWQZNJ-BQNIITSRSA-N
DB03699	LMFA07050370	VNOYUJKHFWYWIR-ITIYDSSPSA-N
DB03704	LMFA01050039	ZDHCZVWCTKTBRY-UHFFFAOYSA-N
DB03741	LMFA01020072	WLAMNBDJUVNPJU-SCSAIBSYSA-N
DB03750	LMFA01020181	GWYFCOCPABKNJV-UHFFFAOYSA-N
DB03756	LMFA01030185	MBMBGCFOFBJSGT-KUBAVDMBSA-N
DB03760	LMFA01130003	IZFHEQBZOYJLPK-SSDOTTSWSA-N
DB03766	LMFA01010003	XBDQKXXYIPTUBI-UHFFFAOYSA-N
DB03784	LMFA08010004	FATBGEAMYMYZAF-MDZDMXLPSA-N
DB03784	LMFA08010011	FATBGEAMYMYZAF-MDZDMXLPSA-N
DB03796	LMFA01010001	IPCSVZSSVZVIGE-UHFFFAOYSA-N
DB03815	LMFA05000598	SKCKOFZKJLZSFA-KCDKBNATSA-N
DB03817	LMFA01100052	OGNSCSPNOLGXSM-VKHMYHEASA-N
DB03823	LMPK12020002	XMOCLSLCDHWDHP-IUODEOHRSA-N
DB03823	LMPK12020004	XMOCLSLCDHWDHP-IUODEOHRSA-N
DB03832	LMFA07070002	CXTATJFJDMJMIY-CYBMUJFWSA-O
DB03832	LMFA07070095	CXTATJFJDMJMIY-CYBMUJFWSA-O
DB03852	LMPR0102090019	WEEGYLXZBRQIMU-WAAGHKOSSA-N
DB03866	LMFA03010009	SGUKUZOVHSFKPH-YNNPMVKQSA-N
DB03882	LMST02020052	CBMYJHIOYJEBSB-YSZCXEEOSA-N
DB03882	LMST02020053	CBMYJHIOYJEBSB-YSZCXEEOSA-N
DB03882	LMST02020077	CBMYJHIOYJEBSB-YSZCXEEOSA-N
DB03882	LMST02020078	CBMYJHIOYJEBSB-YSZCXEEOSA-N
DB03882	LMST02020080	CBMYJHIOYJEBSB-YSZCXEEOSA-N
DB03882	LMST02020093	CBMYJHIOYJEBSB-YSZCXEEOSA-N
DB03882	LMST02020096	CBMYJHIOYJEBSB-YSZCXEEOSA-N
DB03915	LMFA01060172	SAUCHDKDCUROAO-VKHMYHEASA-N
DB03923	LMFA07050268	ILSPFIPSQSFPCN-VYBUCKLUSA-N
DB03926	LMST02020052	CBMYJHIOYJEBSB-MFXFBURESA-N
DB03926	LMST02020053	CBMYJHIOYJEBSB-MFXFBURESA-N
DB03926	LMST02020077	CBMYJHIOYJEBSB-MFXFBURESA-N
DB03926	LMST02020078	CBMYJHIOYJEBSB-MFXFBURESA-N
DB03926	LMST02020080	CBMYJHIOYJEBSB-MFXFBURESA-N
DB03926	LMST02020093	CBMYJHIOYJEBSB-MFXFBURESA-N
DB03926	LMST02020096	CBMYJHIOYJEBSB-MFXFBURESA-N
DB03929	LMFA01100045	MTCFGRXMJLQNBG-UWTATZPHSA-N
DB03979	LMGP04010990	JWIOKCJPLNKYBQ-JIZALCTLSA-N
DB03993	LMFA01020076	FGKJLKRYENPLQH-UHFFFAOYSA-N
DB04038	LMST01030093	DNVPQKQSNYMLRS-APGDWVJJSA-N
DB04039	LMFA01060103	CJTNJZWHYGHVCD-UHFFFAOYSA-N
DB04045	LMFA07050152	MZFOKIKEPGUZEN-AGCMQPJKSA-N
DB04045	LMFA07050164	MZFOKIKEPGUZEN-AGCMQPJKSA-N
DB04070	LMPK04000002	HQZOLNNEQAKEHT-IBBGRPSASA-N
DB04072	LMFA01050444	HHKPKXCSHMJWCF-WVBDSBKLSA-N
DB04074	LMFA01020274	QHKABHOOEWYVLI-UHFFFAOYSA-N
DB04079	LMFA05000549	HXYCHJFUBNTKQR-RNFRBKRXSA-N
DB04079	LMFA05000665	HXYCHJFUBNTKQR-RNFRBKRXSA-N
DB04093	LMFA06000064	KMPQYAYAQWNLME-UHFFFAOYSA-N
DB04177	LMST01120001	XZTUSOXSLKTKJQ-CESUGQOBSA-N
DB04178	LMGP01010006	NRJAVPSFFCBXDT-HUESYALOSA-O
DB04183	LMFA01170118	ZIYVHBGGAOATLY-UHFFFAOYSA-N
DB04185	LMFA01100041	SNDPXSYFESPGGJ-BYPYZUCNSA-N
DB04202	LMPK12050039	LNIQZRIHAMVRJA-UHFFFAOYSA-N
DB04216	LMPK12110004	REFJWTPEDVJJIY-UHFFFAOYSA-N
DB04224	LMFA01030002	ZQPPMHVWECSIRJ-MDZDMXLPSA-N
DB04224	LMFA01030073	ZQPPMHVWECSIRJ-MDZDMXLPSA-N
DB04257	LMFA01030056	SECPZKHBENQXJG-FPLPWBNLSA-N
DB04257	LMFA01030057	SECPZKHBENQXJG-FPLPWBNLSA-N
DB04258	LMST03020449	LVLLALCJVJNGQQ-SEODYNFXSA-N
DB04258	LMST03020642	LVLLALCJVJNGQQ-SEODYNFXSA-N
DB04274	LMPK12140018	SWAJPHCXKPCPQZ-AWEZNQCLSA-N
DB04297	LMPK01000055	RTKIYFITIVXBLE-QEQCGCAPSA-N
DB04327	LMGP02010097	LVNGJLRDBYCPGB-KDXMTYKHSA-O
DB04348	LMST05040001	WBWWGRHZICKQGZ-HZAMXZRMSA-N
DB04348	LMST05040014	WBWWGRHZICKQGZ-HZAMXZRMSA-N
DB04348	LMST05040016	WBWWGRHZICKQGZ-HZAMXZRMSA-N
DB04348	LMST05040019	WBWWGRHZICKQGZ-HZAMXZRMSA-N
DB04364	LMFA12000020	ROWKJAVDOGWPAT-GSVOUGTGSA-N
DB04364	LMFA12000064	ROWKJAVDOGWPAT-GSVOUGTGSA-N
DB04372	LMGP01010937	FVXDQWZBHIXIEJ-LNDKUQBDSA-N
DB04376	LMPR0104330003	SDSVJYOOAPRSDA-RPCQODIISA-N
DB04419	LMFA01100042	LRQKBLKVPFOOQJ-RXMQYKEDSA-N
DB04454	LMFA01100034	QWCKQJZIFLGMSD-GSVOUGTGSA-N
DB04454	LMFA01100043	QWCKQJZIFLGMSD-GSVOUGTGSA-N
DB04501	LMPR0102120000	BEWYHVAWEKZDPP-WAAGHKOSSA-N
DB04519	LMFA01010008	WWZKQHOCKIZLMA-UHFFFAOYSA-N
DB04524	LMFA07050345	LTYOQGRJFJAKNA-DVVLENMVSA-N
DB04540	LMST01010001	HVYWMOMLDIMFJA-DPAQBDIFSA-N
DB04540	LMST01010081	HVYWMOMLDIMFJA-DPAQBDIFSA-N
DB04553	LMFA01060002	TYEYBOSBBBHJIV-UHFFFAOYSA-N
DB04557	LMFA01030001	YZXBAPSDXZZRGB-DOFZRALJSA-N
DB04557	LMFA01030393	YZXBAPSDXZZRGB-DOFZRALJSA-N
DB04557	LMFA01030817	YZXBAPSDXZZRGB-DOFZRALJSA-N
DB04573	LMST02010003	PROQIPRRNZUXQM-ZXXIGWHRSA-N
DB04573	LMST02010006	PROQIPRRNZUXQM-ZXXIGWHRSA-N
DB04573	LMST02010045	PROQIPRRNZUXQM-ZXXIGWHRSA-N
DB04573	LMST02010049	PROQIPRRNZUXQM-ZXXIGWHRSA-N
DB04574	LMST02010043	JKKFKPJIXZFSSB-CBZIJGRNSA-N
DB04575	LMST02010037	PWZUUYSISTUNDW-VAFBSOEGSA-N
DB04630	LMST02030026	PQSUYGKTWSAVDQ-ZVIOFETBSA-N
DB04652	LMST02030186	OMFXVFTZEKFJBZ-HJTSIMOOSA-N
DB04661	LMSP06020015	ZZQWQNAZXFNSEP-JCOQVFCVSA-N
DB04680	LMFA13010150	ZJZBQHWSENWEMY-DZQJYWQESA-N
DB04683	LMGP04010881	QGIXWNRQEFVVRM-CTDKCSBDSA-N
DB04699	LMFA07040004	YEJRWHAVMIAJKC-UHFFFAOYSA-N
DB04703	LMPK12140451	QUQPHWDTPGMPEX-QJBIFVCTSA-N
DB04704	LMST01010134	MCKLJFJEQRYRQT-MGNSQDQZSA-N
DB04704	LMST01010201	MCKLJFJEQRYRQT-MGNSQDQZSA-N
DB04704	LMST01010211	MCKLJFJEQRYRQT-MGNSQDQZSA-N
DB04705	LMST01010018	INBGSXNNRGWLJU-ZHHJOTBYSA-N
DB04706	LMST01010013	OYXZMSRRJOYLLO-KGZHIOMZSA-N
DB04706	LMST01010047	OYXZMSRRJOYLLO-KGZHIOMZSA-N
DB04714	LMPR01010008	NUHSROFQTUXZQQ-UHFFFAOYSA-N
DB04734	LMFA01170099	HNEGQIOMVPPMNR-IHWYPQMZSA-N
DB04734	LMFA01170116	HNEGQIOMVPPMNR-IHWYPQMZSA-N
DB04746	LMFA01030124	GKJZMAHZJGSBKD-NMMTYZSQSA-N
DB04746	LMFA01030125	GKJZMAHZJGSBKD-NMMTYZSQSA-N
DB04746	LMFA01030126	GKJZMAHZJGSBKD-NMMTYZSQSA-N
DB04746	LMFA01031059	GKJZMAHZJGSBKD-NMMTYZSQSA-N
DB04747	LMFA01030777	ZSXWVPXJLXTOQQ-ZRGCPWHVSA-N
DB04780	LMSP06020014	QTTLKKFUOJQIRB-JOLIRYOJSA-N
DB04781	LMFA01050010	PHOJOSOUIAQEDH-UHFFFAOYSA-N
DB04796	LMST03020645	HHGRMHMXKPQNGF-WNSNRMDMSA-N
DB04796	LMST03020649	HHGRMHMXKPQNGF-WNSNRMDMSA-N
DB04801	LMFA01030076	UWHZIFQPPBDJPM-FPLPWBNLSA-N
DB04801	LMFA01030077	UWHZIFQPPBDJPM-FPLPWBNLSA-N
DB04891	LMST03020650	QSLUXQQUPXBIHH-YHSKWIAJSA-N
DB04996	LMFA01010002	CKNPWBAXEKSCRG-UHFFFAOYSA-J
DB05013	LMFA07010911	VDJHFHXMUKFKET-UXMMOKKRSA-N
DB05295	LMST03020477	FZEXGDDBXLBRTD-AYIMTCTASA-N
DB05295	LMST03020478	FZEXGDDBXLBRTD-AYIMTCTASA-N
DB05295	LMST03020675	FZEXGDDBXLBRTD-AYIMTCTASA-N
DB05296	LMFA01010002	ZCISRIHHEXSWIR-WRIGXHCHSA-L
DB05428	LMFA01010002	VAZLWPAHMORDGR-WRIGXHCHSA-L
DB05450	LMST01080005	GMBQZIIUCVWOCD-UQHLGXRBSA-N
DB05450	LMST01080007	GMBQZIIUCVWOCD-UQHLGXRBSA-N
DB05450	LMST01080009	GMBQZIIUCVWOCD-UQHLGXRBSA-N
DB05450	LMST01080019	GMBQZIIUCVWOCD-UQHLGXRBSA-N
DB05456	LMGP01010884	RRVPPYNAZJRZFR-MRCUWXFGSA-N
DB05732	LMFA01170041	LVZZABGEQTZXHP-UHFFFAOYSA-L
DB05804	LMST05020010	CZWCKYRVOZZJNM-USOAJAOKSA-N
DB05974	LMPR0104010020	PANKHBYNKQNAHN-MQQNZMFNSA-N
DB06117	LMST03010062	ODZFJAXAEXQSKL-WRJREGAQSA-N
DB06253	LMFA01130001	CCTREOMTIFSZAU-OGFXRTJISA-N
DB06272	LMST03020060	DTXXSJZBSTYZKE-ZDQKKZTESA-N
DB06272	LMST03020061	DTXXSJZBSTYZKE-ZDQKKZTESA-N
DB06272	LMST03020062	DTXXSJZBSTYZKE-ZDQKKZTESA-N
DB06410	LMST03010028	HKXBNHCUPKIYDM-CGMHZMFXSA-N
DB06410	LMST03010069	HKXBNHCUPKIYDM-CGMHZMFXSA-N
DB06461	LMST05050024	UIRKNQLZZXALBI-MSVGPLKSSA-N
DB06543	LMPR01070020	MQZIGYBFDRPAKN-UWFIBFSHSA-N
DB06543	LMPR01070263	MQZIGYBFDRPAKN-UWFIBFSHSA-N
DB06689	LMFA01030002	KGWDUNBJIMUFAP-KVVVOXFISA-N
DB06689	LMFA01030073	KGWDUNBJIMUFAP-KVVVOXFISA-N
DB06710	LMST02020029	GCKMFJBGXUYNAG-HLXURNFRSA-N
DB06743	LMPR0104540001	FPUXKXIZEIDQKW-VKMVSBOZSA-N
DB06744	LMPR0104540002	SQOJOAFXDQDRGF-MMQTXUMRSA-N
DB06745	LMPR0104540003	AMOGMTLMADGEOQ-DTDWCABLSA-N
DB06746	LMPR0104540004	LMEHVEUFNRJAAV-UKWFQYJJSA-N
DB06755	LMPR01070001	OENHQHLEOONYIE-JLTXGRSLSA-N
DB06774	LMFA08020085	YKPUWZUDDOIDPM-SOFGYWHQSA-N
DB06777	LMST04010032	RUDATBOHQWOJDD-BSWAIDMHSA-N
DB06777	LMST04010033	RUDATBOHQWOJDD-BSWAIDMHSA-N
DB06777	LMST04010034	RUDATBOHQWOJDD-BSWAIDMHSA-N
DB06777	LMST04010035	RUDATBOHQWOJDD-BSWAIDMHSA-N
DB06777	LMST04010036	RUDATBOHQWOJDD-BSWAIDMHSA-N
DB06777	LMST04010037	RUDATBOHQWOJDD-BSWAIDMHSA-N
DB06777	LMST04010038	RUDATBOHQWOJDD-BSWAIDMHSA-N
DB06777	LMST04010039	RUDATBOHQWOJDD-BSWAIDMHSA-N
DB06788	LMFA01010002	BKEMVGVBBDMHKL-VYFXDUNUSA-N
DB06826	LMFA03010204	TVHAZVBUYQMHBC-SNHXEXRGSA-N
DB06894	LMFA05000001	LQZZUXJYWNFBMV-UHFFFAOYSA-N
DB06903	LMPR0103890004	DCFDRCCHOOORSB-JOXOIDLHSA-N
DB06926	LMFA02000035	HNICUWMFWZBIFP-IRQZEAMPSA-N
DB06926	LMFA02000154	HNICUWMFWZBIFP-IRQZEAMPSA-N
DB06926	LMFA02000155	HNICUWMFWZBIFP-IRQZEAMPSA-N
DB06926	LMFA02000190	HNICUWMFWZBIFP-IRQZEAMPSA-N
DB06926	LMFA02000228	HNICUWMFWZBIFP-IRQZEAMPSA-N
DB06960	LMSP02010014	BLTCBVOJNNKFKC-KTEGJIGUSA-N
DB07111	LMFA04000024	IFRKCNPQVIJFAQ-HBUOOPIGSA-N
DB07172	LMFA03070010	FTAGQROYQYQRHF-CBVHGRPESA-N
DB07172	LMFA03070027	FTAGQROYQYQRHF-CBVHGRPESA-N
DB07177	LMFA03010030	YRTJDWROBKPZNV-SFTOQRQMSA-N
DB07177	LMFA03110009	YRTJDWROBKPZNV-SFTOQRQMSA-N
DB07302	LMFA02000036	NPDSHTNEKLQQIJ-UINYOVNOSA-N
DB07302	LMFA02000151	NPDSHTNEKLQQIJ-UINYOVNOSA-N
DB07302	LMFA02000152	NPDSHTNEKLQQIJ-UINYOVNOSA-N
DB07302	LMFA02000187	NPDSHTNEKLQQIJ-UINYOVNOSA-N
DB07302	LMFA02000188	NPDSHTNEKLQQIJ-UINYOVNOSA-N
DB07302	LMFA02000318	NPDSHTNEKLQQIJ-UINYOVNOSA-N
DB07352	LMPK12110005	KZNIFHPLKGYRTM-UHFFFAOYSA-N
DB07375	LMST02020058	RAJWOBJTTGJROA-QJISAEMRSA-N
DB07375	LMST02020085	RAJWOBJTTGJROA-QJISAEMRSA-N
DB07447	LMST02020042	NVKAWKQGWWIWPM-MISPCMORSA-N
DB07447	LMST02020069	NVKAWKQGWWIWPM-MISPCMORSA-N
DB07500	LMPK12120046	ZUGCRBMNFSAUOC-YRNVUSSQSA-N
DB07517	LMFA01150004	WMCQWXZMVIETAO-UHFFFAOYSA-N
DB07557	LMST02030146	XMRPGKVKISIQBV-XWOJZHJZSA-N
DB07557	LMST02030170	XMRPGKVKISIQBV-XWOJZHJZSA-N
DB07645	LMFA01170006	CXMXRPHRNRROMY-UHFFFAOYSA-N
DB07650	LMFA07010408	BCLJZFLDSCTULJ-UHFFFAOYSA-N
DB07702	LMST02010003	PROQIPRRNZUXQM-PNVOZDDCSA-N
DB07702	LMST02010006	PROQIPRRNZUXQM-PNVOZDDCSA-N
DB07702	LMST02010045	PROQIPRRNZUXQM-PNVOZDDCSA-N
DB07702	LMST02010049	PROQIPRRNZUXQM-PNVOZDDCSA-N
DB07703	LMPK04000034	NZUJVBSYQXETNF-PQWITYJESA-N
DB07706	LMST02010027	DILDHNKDVHLEQB-XSSYPUMDSA-N
DB07715	LMPK13040008	RHMXXJGYXNZAPX-UHFFFAOYSA-N
DB07768	LMST02020002	MUMGGOZAMZWBJJ-KZYORJDKSA-N
DB07768	LMST02020051	MUMGGOZAMZWBJJ-KZYORJDKSA-N
DB07776	LMPK12110097	VHBFFQKBGNRLFZ-UHFFFAOYSA-N
DB07780	LMPR0103010002	VWFJDQUYCIWHTN-YFVJMOTDSA-N
DB07780	LMPR0103010009	VWFJDQUYCIWHTN-YFVJMOTDSA-N
DB07780	LMPR0103010010	VWFJDQUYCIWHTN-YFVJMOTDSA-N
DB07780	LMPR0103010011	VWFJDQUYCIWHTN-YFVJMOTDSA-N
DB07795	LMPK12111566	XHEFDIBZLJXQHF-UHFFFAOYSA-N
DB07810	LMPK12120525	VGEREEWJJVICBM-UHFFFAOYSA-N
DB07814	LMPR0104170002	IXORZMNAPKEEDV-OBDJNFEBSA-N
DB07815	LMPR0104170021	RSQSQJNRHICNNH-NFMPGMCNSA-N
DB07841	LMPR0104010001	OINNEUNVOZHBOX-UHFFFAOYSA-N
DB07841	LMPR0104010003	OINNEUNVOZHBOX-UHFFFAOYSA-N
DB07841	LMPR0104010013	OINNEUNVOZHBOX-UHFFFAOYSA-N
DB07893	LMFA08020199	FJQWWGCHPFSERW-CQSZACIVSA-N
DB07907	LMFA01050020	JKRDADVRIYVCCY-ZETCQYMHSA-N
DB07907	LMFA01050313	JKRDADVRIYVCCY-ZETCQYMHSA-N
DB07928	LMFA08030035	JKEJEOJPJVRHMQ-JTQLQIEISA-N
DB07930	LMFA01050037	MUCMKTPAZLSKTL-LLVKDONJSA-N
DB07930	LMFA01050251	MUCMKTPAZLSKTL-LLVKDONJSA-N
DB07930	LMFA01050252	MUCMKTPAZLSKTL-LLVKDONJSA-N
DB08081	LMFA08030004	FXCMGCFNLNFLSH-JTQLQIEISA-N
DB08120	LMFA08010014	VLYUGYAKYZETRF-SSDOTTSWSA-N
DB08120	LMFA08010019	VLYUGYAKYZETRF-SSDOTTSWSA-N
DB08230	LMPK12110847	ARSRJFRKVXALTF-UHFFFAOYSA-N
DB08231	LMFA01010014	TUNFSRHWOTWDNC-UHFFFAOYSA-N
DB08324	LMFA08030001	PHSRRHGYXQCRPU-AWEZNQCLSA-N
DB08399	LMPK13090006	CDRPUGZCRXZLFL-OWOJBTEDSA-N
DB08435	LMFA03010021	VHRUMKCAEVRUBK-XOVNXQNQSA-N
DB08435	LMFA03110105	VHRUMKCAEVRUBK-XOVNXQNQSA-N
DB08466	LMPK13090035	HITJFUSPLYBJPE-UHFFFAOYSA-N
DB08517	LMPK12140571	DJOJDHGQRNZXQQ-AWEZNQCLSA-N
DB08542	LMST02020062	YUHVBHDSVLKFNI-NJSLBKSFSA-N
DB08688	LMFA12000002	KYWIYKKSMDLRDC-UHFFFAOYSA-N
DB08809	LMFA01090070	JXTHNDFMNIQAHM-UHFFFAOYSA-N
DB08833	LMST05040005	BHTRKEVKTKCXOH-BJLOMENOSA-N
DB08833	LMST05040015	BHTRKEVKTKCXOH-BJLOMENOSA-N
DB08834	LMST05040005	BHTRKEVKTKCXOH-LBSADWJPSA-N
DB08834	LMST05040015	BHTRKEVKTKCXOH-LBSADWJPSA-N
DB08842	LMFA07070049	RDHQFKQIGNGIED-MRVPVSSYSA-N
DB08842	LMFA07070050	RDHQFKQIGNGIED-MRVPVSSYSA-N
DB08842	LMFA07070060	RDHQFKQIGNGIED-MRVPVSSYSA-N
DB08855	LMFA03020003	GWNVDXQDILPJIG-NXOLIXFESA-N
DB08855	LMFA03020020	GWNVDXQDILPJIG-NXOLIXFESA-N
DB08858	LMST05030001	RUGJYCHQQOPHCW-UHFFFAOYSA-L
DB08858	LMST05030007	RUGJYCHQQOPHCW-UHFFFAOYSA-L
DB08887	LMFA07010877	SSQPWTVBQMWLSZ-AAQCHOMXSA-N
DB08921	LMPR0102090002	XMGQYMWWDOXHJM-JTQLQIEISA-N
DB08921	LMPR0102090013	XMGQYMWWDOXHJM-JTQLQIEISA-N
DB08956	LMST02030134	USPYDUPOCUYHQL-VEVMSBRDSA-N
DB08995	LMPK12110814	GZSOSUNBTXMUFQ-YFAPSIMESA-N
DB09015	LMST02030154	PBKZPPIHUVSDNM-WNHSNXHDSA-N
DB09061	LMPK13120001	QHMBSVQNZZTUGM-ZWKOTPCHSA-N
DB09072	LMFA01050006	XYGBKMMCQDZQOZ-UHFFFAOYSA-M
DB09093	LMPK07000004	CYDMQBQPVICBEU-XRNKAMNCSA-N
DB09114	LMGP01010564	KILNVBDSWZSGLL-KXQOOQHDSA-N
DB09120	LMFA08020085	YKPUWZUDDOIDPM-VURMDHGXSA-N
DB09270	LMPR02010001	ACTIUHUUMQJHFO-UPTCCGCDSA-N
DB09357	LMFA08020198	SNPLKNRPJHDVJA-ZETCQYMHSA-N
DB09389	LMST02030119	WWYNJERNGUHSAO-UHFFFAOYSA-N
DB09395	LMFA01010002	VMHLLURERBWHNL-UHFFFAOYSA-M
DB09409	LMFA01010002	XKPKPGCRSHFTKM-UHFFFAOYSA-L
DB09494	LMFA05000061	BXWNKGSJHAJOGX-UHFFFAOYSA-N
DB11089	LMFA07010721	HNSDLXPSAYFUHK-UHFFFAOYSA-N
DB11117	LMFA01030036	FRPZMMHWLSIFAZ-UHFFFAOYSA-N
DB11176	LMPR01070013	JKQXZKUSFCKOGQ-QAYBQHTQSA-N
DB11176	LMPR01070261	JKQXZKUSFCKOGQ-QAYBQHTQSA-N
DB11176	LMPR01070288	JKQXZKUSFCKOGQ-QAYBQHTQSA-N
DB11176	LMPR01070289	JKQXZKUSFCKOGQ-QAYBQHTQSA-N
DB11220	LMFA05000003	CNNRPFQICPFDPO-UHFFFAOYSA-N
DB11231	LMPR01070257	OAIJSZIZWZSQBC-GYZMGTAESA-N
DB11250	LMGL01010003	VBICKXHEKHSIBG-UHFFFAOYSA-N
DB11259	LMPK12110824	MBNGWHIJMBWFHU-UHFFFAOYSA-N
DB11263	LMPK13090012	HSTZMXCBWJGKHG-CUYWLFDKSA-N
DB11283	LMGP01010477	CITHEXJVPOWHKC-UHFFFAOYSA-N
DB11284	LMGP04010005	BPHQZTVXXXJVHI-UHFFFAOYSA-N
DB11288	LMPR0102120003	DTGKSKDOIYIVQL-UHFFFAOYSA-N
DB11288	LMPR0102120004	DTGKSKDOIYIVQL-UHFFFAOYSA-N
DB11290	LMFA01010018	CEGOLXSVJUTHNZ-UHFFFAOYSA-K
DB11318	LMGP01030017	RJCZACBLQGCNCW-MCEXTTDUSA-N
DB11331	LMGP04010002	PAZGBAOHGQRCBP-DDDNOICHSA-N
DB11331	LMGP04010987	PAZGBAOHGQRCBP-DDDNOICHSA-N
DB11344	LMPR0102090001	NOOLISFMXDJSKH-AEJSXWLSSA-N
DB11344	LMPR0102090003	NOOLISFMXDJSKH-AEJSXWLSSA-N
DB11344	LMPR0102090057	NOOLISFMXDJSKH-AEJSXWLSSA-N
DB11345	LMPR0102120001	DSSYKIVIOFKYAU-OIBJUYFYSA-N
DB11423	LMPK09000002	BBMULGJBVDDDNI-OWKLGTHSSA-N
DB11442	LMPK04000007	RZPAKFUAFGMUPI-QESOVKLGSA-N
DB11457	LMPK12060007	JUVIOZPCNVVQFO-HBGVWJBISA-N
DB11460	LMPR0106010002	YYGNTYWPHWGJRM-AAJYLUCBSA-N
DB11475	LMPK04000004	WBPYTXDJUQJLPQ-VMXQISHHSA-N
DB11622	LMST04010106	OHXPGWPVLFPUSM-KLRNGDHRSA-N
DB11622	LMST04010375	OHXPGWPVLFPUSM-KLRNGDHRSA-N
DB11674	LMPK12080003	ADFCQWZHKCXPAJ-GFCCVEGCSA-N
DB11753	LMPK05000005	HJYYPODYNSCCOU-ODRIEIDWSA-N
DB11789	LMST04010024	DGABKXLVXPYZII-SIBKNCMHSA-N
DB11789	LMST04010025	DGABKXLVXPYZII-SIBKNCMHSA-N
DB11789	LMST04010026	DGABKXLVXPYZII-SIBKNCMHSA-N
DB11789	LMST04010027	DGABKXLVXPYZII-SIBKNCMHSA-N
DB11789	LMST04010028	DGABKXLVXPYZII-SIBKNCMHSA-N
DB11789	LMST04010029	DGABKXLVXPYZII-SIBKNCMHSA-N
DB11789	LMST04010030	DGABKXLVXPYZII-SIBKNCMHSA-N
DB11789	LMST04010031	DGABKXLVXPYZII-SIBKNCMHSA-N
DB11858	LMFA03020006	YEESKJGWJFYOOK-IJHYULJSSA-N
DB11858	LMFA03020021	YEESKJGWJFYOOK-IJHYULJSSA-N
DB11859	LMST02030130	AURFZBICLPNKBZ-SYBPFIFISA-N
DB11859	LMST02030155	AURFZBICLPNKBZ-SYBPFIFISA-N
DB11859	LMST02030156	AURFZBICLPNKBZ-SYBPFIFISA-N
DB11859	LMST02030157	AURFZBICLPNKBZ-SYBPFIFISA-N
DB11859	LMST02030173	AURFZBICLPNKBZ-SYBPFIFISA-N
DB11859	LMST02030175	AURFZBICLPNKBZ-SYBPFIFISA-N
DB11859	LMST02030185	AURFZBICLPNKBZ-SYBPFIFISA-N
DB11924	LMSP01020001	OTKJDMGTUTTYMP-ROUUACIJSA-N
DB11924	LMSP01080055	OTKJDMGTUTTYMP-ROUUACIJSA-N
DB12007	LMPK12050000	GOMNOOKGLZYEJT-UHFFFAOYSA-N
DB12039	LMPK12020001	PFTAWBLQPZVEMU-UKRRQHHQSA-N
DB12039	LMPK12020003	PFTAWBLQPZVEMU-UKRRQHHQSA-N
DB12052	LMPK12112009	TZJALUIVHRYQQB-XLRXWWTNSA-N
DB12112	LMPR01090012	QGNJRVVDBSJHIZ-AQDFTDIISA-N
DB12116	LMPK12020120	WMBWREPUVVBILR-WIYYLYMNSA-N
DB12116	LMPK12030005	WMBWREPUVVBILR-WIYYLYMNSA-N
DB12290	LMPK12050005	HKEAFJYKMMKDOR-VPRICQMDSA-N
DB12308	LMST02030130	AURFZBICLPNKBZ-YZRLXODZSA-N
DB12308	LMST02030155	AURFZBICLPNKBZ-YZRLXODZSA-N
DB12308	LMST02030156	AURFZBICLPNKBZ-YZRLXODZSA-N
DB12308	LMST02030157	AURFZBICLPNKBZ-YZRLXODZSA-N
DB12308	LMST02030173	AURFZBICLPNKBZ-YZRLXODZSA-N
DB12308	LMST02030175	AURFZBICLPNKBZ-YZRLXODZSA-N
DB12308	LMST02030185	AURFZBICLPNKBZ-YZRLXODZSA-N
DB12452	LMFA05000130	KBPLFHHGFOOTCA-UHFFFAOYSA-N
DB12474	LMST02030127	YNVGQYHLRCDXFQ-XGXHKTLJSA-N
DB12480	LMPR0106140004	QGJZLNKBHJESQX-FZFNOLFKSA-N
DB12528	LMGL03012438	XDSPGKDYYRNYJI-IUPFWZBJSA-N
DB12622	LMPR0106130001	MQYXUWHLBZFQQO-QGTGJCAVSA-N
DB12665	LMPK12112041	OVSQVDMCBVZWGM-QSOFNFLRSA-N
DB12665	LMPK12112086	OVSQVDMCBVZWGM-QSOFNFLRSA-N
DB12665	LMPK12112170	OVSQVDMCBVZWGM-QSOFNFLRSA-N
DB12789	LMFA03010002	PXGPLTODNUVGFL-YNNPMVKQSA-N
DB12789	LMFA03010025	PXGPLTODNUVGFL-YNNPMVKQSA-N
DB12789	LMFA03010036	PXGPLTODNUVGFL-YNNPMVKQSA-N
DB12789	LMFA03010041	PXGPLTODNUVGFL-YNNPMVKQSA-N
DB12789	LMFA03010077	PXGPLTODNUVGFL-YNNPMVKQSA-N
DB12789	LMFA03110001	PXGPLTODNUVGFL-YNNPMVKQSA-N
DB12789	LMFA03110006	PXGPLTODNUVGFL-YNNPMVKQSA-N
DB12789	LMFA03110026	PXGPLTODNUVGFL-YNNPMVKQSA-N
DB12789	LMFA03110027	PXGPLTODNUVGFL-YNNPMVKQSA-N
DB12789	LMFA03110028	PXGPLTODNUVGFL-YNNPMVKQSA-N
DB12789	LMFA03110029	PXGPLTODNUVGFL-YNNPMVKQSA-N
DB12789	LMFA03110030	PXGPLTODNUVGFL-YNNPMVKQSA-N
DB12789	LMFA03110031	PXGPLTODNUVGFL-YNNPMVKQSA-N
DB12789	LMFA03110032	PXGPLTODNUVGFL-YNNPMVKQSA-N
DB12789	LMFA03110108	PXGPLTODNUVGFL-YNNPMVKQSA-N
DB12789	LMFA03110109	PXGPLTODNUVGFL-YNNPMVKQSA-N
DB12789	LMFA03110110	PXGPLTODNUVGFL-YNNPMVKQSA-N
DB12789	LMFA03110111	PXGPLTODNUVGFL-YNNPMVKQSA-N
DB12789	LMFA03110112	PXGPLTODNUVGFL-YNNPMVKQSA-N
DB12789	LMFA03110113	PXGPLTODNUVGFL-YNNPMVKQSA-N
DB12961	LMFA03020001	VNYSSYRCGWBHLG-AMOLWHMGSA-N
DB12961	LMFA03020013	VNYSSYRCGWBHLG-AMOLWHMGSA-N
DB12961	LMFA03020014	VNYSSYRCGWBHLG-AMOLWHMGSA-N
DB12961	LMFA03020015	VNYSSYRCGWBHLG-AMOLWHMGSA-N
DB12961	LMFA03020072	VNYSSYRCGWBHLG-AMOLWHMGSA-N
DB12961	LMFA03060052	VNYSSYRCGWBHLG-AMOLWHMGSA-N
DB12961	LMFA03060101	VNYSSYRCGWBHLG-AMOLWHMGSA-N
DB12972	LMST02030130	AURFZBICLPNKBZ-FZCSVUEKSA-N
DB12972	LMST02030155	AURFZBICLPNKBZ-FZCSVUEKSA-N
DB12972	LMST02030156	AURFZBICLPNKBZ-FZCSVUEKSA-N
DB12972	LMST02030157	AURFZBICLPNKBZ-FZCSVUEKSA-N
DB12972	LMST02030173	AURFZBICLPNKBZ-FZCSVUEKSA-N
DB12972	LMST02030175	AURFZBICLPNKBZ-FZCSVUEKSA-N
DB12972	LMST02030185	AURFZBICLPNKBZ-FZCSVUEKSA-N
DB13014	LMPK13040001	BTXNYTINYBABQR-UHFFFAOYSA-N
DB13038	LMGL03010250	PHYFQTYBJUILEZ-IUPFWZBJSA-N
DB13044	LMPR0103330002	QBKSWRVVCFFDOT-UHFFFAOYSA-N
DB13063	LMPR0103090002	KTEXNACQROZXEV-SLXBATTESA-N
DB13089	LMPR0106150011	MPDGHEJMBKOTSU-YKLVYJNSSA-N
DB13089	LMPR0106150014	MPDGHEJMBKOTSU-YKLVYJNSSA-N
DB13089	LMPR0106150026	MPDGHEJMBKOTSU-YKLVYJNSSA-N
DB13097	LMST03040004	NWFOBODUYTUMNC-VPSCEVSQSA-N
DB13105	LMFA03070041	AOPOCGPBAIARAV-OTBJXLELSA-N
DB13105	LMFA03140003	AOPOCGPBAIARAV-OTBJXLELSA-N
DB13105	LMFA03140009	AOPOCGPBAIARAV-OTBJXLELSA-N
DB13132	LMPR0103190003	BLUAFEHZUWYNDE-NNWCWBAJSA-N
DB13153	LMPR0103060001	RGZSQWQPBWRIAQ-CABCVRRESA-N
DB13169	LMST02010044	NPAGDVCDWIYMMC-IZPLOLCNSA-N
DB13171	LMGL01010005	RZRNAYUHWVFMIP-KTKRTIGZSA-N
DB13174	LMPK13040015	FCDLCPWAQCPTKC-UHFFFAOYSA-N
DB13179	LMPK04000042	LQCLVBQBTUVCEQ-QTFUVMRISA-N
DB13182	LMPK12050038	ZQSIJRDFPHDXIC-UHFFFAOYSA-N
DB13280	LMFA01060003	DEVXQDKRGJCZMV-UHFFFAOYSA-K
DB13307	LMST01130008	MYEJFUXQJGHEQK-ALRJYLEOSA-N
DB13329	LMPR0103410006	FWKQNCXZGNBPFD-UHFFFAOYSA-N
DB13586	LMST02020013	XWALNWXLMVGSFR-HLXURNFRSA-N
DB13587	LMST02020107	UXYRZJKIQKRJCF-TZPFWLJSSA-N
DB13689	LMST03020256	BJYLYJCXYAMOFT-RSFVBTMBSA-N
DB13689	LMST03020257	BJYLYJCXYAMOFT-RSFVBTMBSA-N
DB13710	LMST02020028	ANJQEDFWRSLVBR-VHUDCFPWSA-N
DB13751	LMPR0106150013	LPLVUJXQOOQHMX-QWBHMCJMSA-N
DB13789	LMFA01010002	KQVRYPWCDUCYPZ-OLXYHTOASA-K
DB13800	LMFA01060006	APKDPOQXVKRLEP-UHFFFAOYSA-L
DB13854	LMFA01030141	VZCCETWTMQHEPK-QNEBEIHSSA-N
DB13910	LMFA01020291	YZDVVHSLIPLZLO-UHFFFAOYSA-K
DB13943	LMST02020074	HPFVBGJFAYZEBE-ZLQWOROUSA-N
DB13944	LMST02020075	VOCBWIIFXDYGNZ-IXKNJLPQSA-N
DB13956	LMST02010039	RSEPBGGWRJCQGY-RBRWEJTLSA-N
DB13962	LMFA01170107	UGZVNIRNPPEDHM-SBBOJQDXSA-L
DB13962	LMFA01170108	UGZVNIRNPPEDHM-SBBOJQDXSA-L
DB13966	LMFA07010677	AXISYYRBXTVTFY-UHFFFAOYSA-N
DB13983	LMPK12111429	JWOKGWICZPPYPX-UHFFFAOYSA-N
DB13996	LMFA01010002	UEGPKNKPLBYCNK-UHFFFAOYSA-L
DB14008	LMPK12111159	IHFBPDAQLQOCBX-UHFFFAOYSA-N
DB14037	LMPR0106180009	PRAUVHZJPXOEIF-AOLYGAPISA-N
DB14038	LMST01040122	KZJWDPNRJALLNS-VJSFXXLFSA-N
DB14038	LMST01040129	KZJWDPNRJALLNS-VJSFXXLFSA-N
DB14038	LMST01040250	KZJWDPNRJALLNS-VJSFXXLFSA-N
DB14043	LMFA08040013	HXYVTAGFYLMHSO-UHFFFAOYSA-N
DB14073	LMFA01030085	BITHHVVYSMSWAG-KTKRTIGZSA-N
DB14073	LMFA01030086	BITHHVVYSMSWAG-KTKRTIGZSA-N
DB14077	LMFA01010018	HQKMJHAJHXVSDF-UHFFFAOYSA-L
DB14086	LMPK12020001	PFTAWBLQPZVEMU-DZGCQCFKSA-N
DB14086	LMPK12020003	PFTAWBLQPZVEMU-DZGCQCFKSA-N
DB14088	LMFA01030182	AVKOENOBFIYBSA-WMPRHZDHSA-N
DB14088	LMFA04000064	AVKOENOBFIYBSA-WMPRHZDHSA-N
DB14093	LMST02020002	MUMGGOZAMZWBJJ-JQSYSRDDSA-N
DB14093	LMST02020051	MUMGGOZAMZWBJJ-JQSYSRDDSA-N
DB14099	LMGP01010006	NRJAVPSFFCBXDT-UHFFFAOYSA-N
DB14104	LMFA01030120	OYHQOLUKZRVURQ-HZJYTTRNSA-N
DB14104	LMFA01030121	OYHQOLUKZRVURQ-HZJYTTRNSA-N
DB14104	LMFA01030122	OYHQOLUKZRVURQ-HZJYTTRNSA-N
DB14104	LMFA01030123	OYHQOLUKZRVURQ-HZJYTTRNSA-N
DB14104	LMFA02000352	OYHQOLUKZRVURQ-HZJYTTRNSA-N
DB14105	LMGP04010986	LDWIWSHBGAIIMV-ODZMYOIVSA-M
DB14119	LMSP01030001	AERBNCYCJBRYDG-KSZLIROESA-N
DB14122	LMPK12120245	NYSZJNUIVUBQMM-BQYQJAHWSA-N
DB14149	LMFA01010018	JOMMDNSKWDWPIA-YJTCMNCISA-L
DB14149	LMGL01010003	JOMMDNSKWDWPIA-YJTCMNCISA-L
DB14152	LMPR0106080001	NLHQJXWYMZLQJY-SWIZOJJJSA-N
DB14156	LMPR0102120001	DSSYKIVIOFKYAU-UHFFFAOYSA-N
DB14183	LMPR0102010010	GLZPCOQZEFWAFX-JXMROGBWSA-N
DB14183	LMPR0102010016	GLZPCOQZEFWAFX-JXMROGBWSA-N
DB14219	LMFA07010962	NKHAVTQWNUWKEO-NSCUHMNNSA-N
DB14476	LMPR02020001	GVJHHUAWPYXKBD-UHFFFAOYSA-N
DB14487	LMFA01010002	DJWUNCQRNNEAKC-UHFFFAOYSA-L
DB14489	LMFA01170043	MDXRFOWKIZPNTA-UHFFFAOYSA-L
DB14498	LMFA01010002	SCVFZCLFOSHCOH-UHFFFAOYSA-M
DB14508	LMFA01170043	WAHQBNXSPALNEA-UHFFFAOYSA-L
DB14511	LMFA01010002	QTBSBXVTEAMEQO-UHFFFAOYSA-M
DB14514	LMFA01060006	RECCGACJWKEPOU-UHFFFAOYSA-L
DB14518	LMFA01010002	WCOATMADISNSBV-UHFFFAOYSA-K
DB14539	LMST02030093	ALEXXDVDDISNDU-JZYPGELDSA-N
DB14541	LMST02030121	DLVOSEUFIRPIRM-KAQKJVHQSA-N
DB14543	LMST02030128	FOGXJPFPZOHSQS-AYVLZSQQSA-N
DB14545	LMST02030126	VWQWXZAWFPZJDA-CGVGKPPMSA-N
DB14570	LMST02030161	DBPWSSGDRRHUNT-CEGNMAFCSA-N
DB14589	LMFA05000089	AEIJTFQOBWATKX-UHFFFAOYSA-N
DB14589	LMFA05000548	AEIJTFQOBWATKX-UHFFFAOYSA-N
DB14589	LMFA05000552	AEIJTFQOBWATKX-UHFFFAOYSA-N
DB14657	LMST02030123	HYRKAAMZBDSJFJ-LFDBJOOHSA-N
DB14665	LMPR0102120014	KGEKLUUHTZCSIP-HOSYDEDBSA-N
DB14665	LMPR0102120020	KGEKLUUHTZCSIP-HOSYDEDBSA-N
DB14681	LMST02030090	MFYSYFVPBJMHGN-ZPOLXVRWSA-N
DB14705	LMSP02030016	BBAFBDLICMHBNU-MFZOPHKMSA-N
DB14706	LMSP02020008	KZTJQXAANJHSCE-OIDHKYIRSA-N
DB14737	LMPK13120002	VBGLYOIFKLUMQG-UHFFFAOYSA-N
DB14936	LMPR02030001	PFRQBZFETXBLTP-RCIYGOBDSA-N
DB15026	LMFA01120003	WRADPCFZZWXOTI-BMRADRMJSA-N
DB15111	LMFA01010002	QTBSBXVTEAMEQO-JVVVGQRLSA-N
DB15201	LMPR01070209	ZVKOASAVGLETCT-UOGKPENDSA-N
DB15289	LMPR0102090008	NDTYTMIUWGWIMO-SNVBAGLBSA-N
DB15334	LMPK12050229	WUADCCWRTIWANL-UHFFFAOYSA-N
DB15335	LMPK12050037	HKQYGTCOTHHOMP-UHFFFAOYSA-N
DB15344	LMFA01050396	AXFYFNCPONWUHW-UHFFFAOYSA-N
DB15359	LMPK12120294	ORXQGKIUCDPEAJ-YRNVUSSQSA-N
DB15394	LMPR02020065	QUEDXNHFTDJVIY-DQCZWYHMSA-N
DB15458	LMFA01100042	LRQKBLKVPFOOQJ-YFKPBYRVSA-N
DB15557	LMST03020366	WKTIGYIYJKESCJ-JJWMBMNSSA-N
DB15557	LMST03020368	WKTIGYIYJKESCJ-JJWMBMNSSA-N
DB15571	LMFA03070007	MCRJLMXYVFDXLS-IHWYZUJNSA-N
DB15571	LMFA03070008	MCRJLMXYVFDXLS-IHWYZUJNSA-N
DB15571	LMFA03070031	MCRJLMXYVFDXLS-IHWYZUJNSA-N
DB15573	LMPR0102120012	GRWFGVWFFZKLTI-UHFFFAOYSA-N
DB15574	LMPR0102120013	WTARULDDTDQWMU-UHFFFAOYSA-N
DB15581	LMPK12110189	RTIXKCRFFJGDFG-UHFFFAOYSA-N
DB15584	LMPK12110006	IQPNAANSBPBGFQ-UHFFFAOYSA-N
DB15588	LMPR0106180007	WCGUUGGRBIKTOS-GPOJBZKASA-N
DB15588	LMPR0106180012	WCGUUGGRBIKTOS-GPOJBZKASA-N
