drugbank_id	nih_ncc_id	inchi_key
DB00014	SAM001246784	BLCLNMBMMGCOAS-URPVMXJPSA-N
DB00136	SAM001246772	GMRQFYUYWCNGIN-NKMMMXOESA-N
DB00158	SAM002264616	OVBPIULPVIDEAO-LBPRGKRZSA-N
DB00175	SAM001246656	TUZYXOIXSAXUGO-PZAWKZKUSA-N
DB00176	SAM001246977	CJOFXWAVKWHTFT-XSFVSMFZSA-N
DB00177	SAM001246581	ACWBQPMHZXGDFX-QFIPXVFZSA-N
DB00178	SAM001246757	HDACQVRGBOVJII-JBDAPHQKSA-N
DB00178	SAM002699899	HDACQVRGBOVJII-JBDAPHQKSA-N
DB00180	SAM002589966	XSFJVAJPIHIPKU-XWCQMRHXSA-N
DB00184	SAM002564224	SNICXCGAKADSCV-JTQLQIEISA-N
DB00186	SAM001246833	DIWRORZWFLOCLC-UHFFFAOYSA-N
DB00187	SAM001246533	AQNDDEOPVVGCPG-UHFFFAOYSA-N
DB00190	SAM002703129	TZFNLOMSOLWIDK-JTQLQIEISA-N
DB00194	SAM002564191	OIRDTQYFTABQOQ-UHTZMRCNSA-N
DB00195	SAM001247084	NWIUTZDMDHAVTP-UHFFFAOYSA-N
DB00196	SAM002589905	RFHAOTPXVQNOHP-UHFFFAOYSA-N
DB00204	SAM001246621	IXTMWRCNAAVVAI-UHFFFAOYSA-N
DB00205	SAM002554921	WKSAUQYGYAYLPV-UHFFFAOYSA-N
DB00207	SAM002589961	MQTOSJVFKKJCRP-BICOPXKESA-N
DB00208	SAM001246558	PHWBOXQYWZNQIN-UHFFFAOYSA-N
DB00211	SAM002564219	PTKSEFOSCHHMPD-UHFFFAOYSA-N
DB00214	SAM001246567	NGBFQHCMQULJNZ-UHFFFAOYSA-N
DB00215	SAM001246599	WSEQXVZVJXJVFP-UHFFFAOYSA-N
DB00215	SAM001246668	WSEQXVZVJXJVFP-UHFFFAOYSA-N
DB00215	SAM002589960	WSEQXVZVJXJVFP-UHFFFAOYSA-N
DB00218	SAM001246654	FABPRXSRWADJSP-MEDUHNTESA-N
DB00219	SAM001246887	GFRUPHOKLBPHTQ-UHFFFAOYSA-N
DB00220	SAM001246655	QAGYKUNXZHXKMR-HKWSIXNMSA-N
DB00222	SAM001246710	WIGIZIANZCJQQY-RUCARUNLSA-N
DB00224	SAM001246588	CBVCZFGXHXORBI-PXQQMZJSSA-N
DB00227	SAM002589963	PCZOHLXUXFIOCF-BXMDZJJMSA-N
DB00235	SAM001246611	PZRHRDRVRGEVNW-UHFFFAOYSA-N
DB00238	SAM001246551	NQDJXKOVJZTUJA-UHFFFAOYSA-N
DB00239	SAM001246724	QRJJEGAJXVEBNE-HKOYGPOVSA-N
DB00242	SAM001246526	PTOAARAWEBMLNO-KVQBGUIXSA-N
DB00243	SAM001246534	XKLMZUWKNUAPSZ-UHFFFAOYSA-N
DB00244	SAM001247020	KBOPZPXVLCULAV-UHFFFAOYSA-N
DB00245	SAM002548938	GIJXKZJWITVLHI-PMOLBWCYSA-N
DB00250	SAM002554879	MQJKPEGWNLWLTK-UHFFFAOYSA-N
DB00252	SAM002548966	CXOFVDLJLONNDW-UHFFFAOYSA-N
DB00253	SAM002564258	GZENKSODFLBBHQ-ILSZZQPISA-N
DB00257	SAM001247056	VNFPBHJOKIVQEB-UHFFFAOYSA-N
DB00260	SAM001247014	DYDCUQKUCUHJBH-UWTATZPHSA-N
DB00260	SAM002264599	DYDCUQKUCUHJBH-UWTATZPHSA-N
DB00261	SAM001246604	OTBXOEAOVRKTNQ-UHFFFAOYSA-N
DB00263	SAM002554929	NHUHCSRWZMLRLA-UHFFFAOYSA-N
DB00265	SAM001246702	DNTGGZPQPQTDQF-XBXARRHUSA-N
DB00273	SAM001246601	KJADKKWYZYXHBB-XBWDGYHZSA-N
DB00275	SAM001246634	VTRAEEWXHOVJFV-UHFFFAOYSA-N
DB00277	SAM002554935	ZFXYFBGIUFBOJW-UHFFFAOYSA-N
DB00278	SAM001246661	KXNPVXPOPUZYGB-IOVMHBDKSA-N
DB00279	SAM003107539	AUYYCJSJGJYCDS-LBPRGKRZSA-N
DB00280	SAM002264607	UVTNFZQICZKOEM-UHFFFAOYSA-N
DB00281	SAM001247018	NNJVILVZKWQKPM-UHFFFAOYSA-N
DB00285	SAM001246572	PNVNVHUZROJLTJ-UHFFFAOYSA-N
DB00288	SAM002699903	ILKJAFIWWBXGDU-MOGDOJJUSA-N
DB00289	SAM001246626	VHGCDTVCOLNTBX-QGZVFWFLSA-N
DB00291	SAM002564202	JCKYGMPEJWAADB-UHFFFAOYSA-N
DB00292	SAM001247074	NPUKDXXFDDZOKR-LLVKDONJSA-N
DB00292	SAM002548930	NPUKDXXFDDZOKR-LLVKDONJSA-N
DB00293	SAM001246796	IVTVGDXNLFLDRM-HNNXBMFYSA-N
DB00296	SAM001246524	ZKMNUMMKYBVTFN-HNNXBMFYSA-N
DB00299	SAM001246580	JNTOCHDNEULJHD-UHFFFAOYSA-N
DB00309	SAM001246568	HHJUWIANJFBDHT-KOTLKJBCSA-N
DB00310	SAM002589983	JIVPVXMEBJLZRO-UHFFFAOYSA-N
DB00313	SAM002564230	NIJJYAXOARWZEE-UHFFFAOYSA-N
DB00315	SAM001246841	ULSDMUVEXKOYBU-ZDUSSCGKSA-N
DB00319	SAM002264643	IVBHGBMCVLDMKU-GXNBUGAJSA-N
DB00321	SAM002554886	KRMDCWKBEZIMAB-UHFFFAOYSA-N
DB00322	SAM002589947	ODKNJVUHOIMIIZ-RRKCRQDMSA-N
DB00324	SAM002700174	FAOZLTXFLGPHNG-KNAQIMQKSA-N
DB00330	SAM002589988	AEUTYOVWOVBAKS-UWVGGRQHSA-N
DB00332	SAM002564215	OEXHQOGQTVQTAT-BHIXFJMTSA-N
DB00334	SAM001246652	KVWDHTXUZHCGIO-UHFFFAOYSA-N
DB00335	SAM002564193	METKIMKYRPQLGS-UHFFFAOYSA-N
DB00338	SAM001246900	SUBDBMMJDZJVOS-UHFFFAOYSA-N
DB00339	SAM002554927	IPEHBUMCGVEMRF-UHFFFAOYSA-N
DB00341	SAM001246575	ZKLPARSLTMPFCP-UHFFFAOYSA-N
DB00341	SAM002589989	ZKLPARSLTMPFCP-UHFFFAOYSA-N
DB00343	SAM002564204	HSUGRBWQSSZJOP-RTWAWAEBSA-N
DB00346	SAM001246638	WNMJYKCGWZFFKR-UHFFFAOYSA-N
DB00351	SAM001246722	RQZAXGRLVPAYTJ-GQFGMJRRSA-N
DB00356	SAM002554888	TZFWDZFKRBELIQ-UHFFFAOYSA-N
DB00357	SAM002589964	ROBVIMPUHSLWNV-UHFFFAOYSA-N
DB00358	SAM002699894	XEEQGYMUWCZPDN-UHFFFAOYSA-N
DB00361	SAM001246780	GBABOYUKABKIAF-IELIFDKJSA-N
DB00363	SAM002548976	QZUDBNBUXVUHMW-UHFFFAOYSA-N
DB00366	SAM001247030	HCFDWZZGGLSKEP-UHFFFAOYSA-N
DB00367	SAM001246694	WWYNJERNGUHSAO-XUDSTZEESA-N
DB00368	SAM002699901	SFLSHLFXELFNJZ-QMMMGPOBSA-N
DB00370	SAM001246659	RONZAEMNMFQXRA-UHFFFAOYSA-N
DB00370	SAM002548934	RONZAEMNMFQXRA-UHFFFAOYSA-N
DB00373	SAM002564238	BLJRIMJGRPQVNF-JTQLQIEISA-N
DB00376	SAM002264652	HWHLPVGTWGOCJO-UHFFFAOYSA-N
DB00377	SAM001246791	CPZBLNMUGSZIPR-NVXWUHKLSA-N
DB00379	SAM002264606	VLPIATFUUWWMKC-UHFFFAOYSA-N
DB00382	SAM001247002	YLJREFDVOIBQDA-UHFFFAOYSA-N
DB00384	SAM002554937	FNYLWPVRPXGIIP-UHFFFAOYSA-N
DB00387	SAM002564231	WYDUSKDSKCASEF-UHFFFAOYSA-N
DB00390	SAM002564205	LTMHDMANZUZIPE-PUGKRICDSA-N
DB00391	SAM001246703	BGRJTUBHPOOWDU-UHFFFAOYSA-N
DB00394	SAM002699895	KUVIULQEHSCUHY-XYWKZLDCSA-N
DB00395	SAM002554889	OFZCIYFFPZCNJE-UHFFFAOYSA-N
DB00396	SAM001247039	RJKFOVLPORLFTN-LEKSSAKUSA-N
DB00400	SAM002589940	DDUHZTYCFQRHIY-RBHXEPJQSA-N
DB00402	SAM002548982	GBBSUAFBMRNDJC-INIZCTEOSA-N
DB00404	SAM001246696	VREFGVBLTWBCJP-UHFFFAOYSA-N
DB00405	SAM001246556	ZDIGNSYAACHWNL-HNNXBMFYSA-N
DB00408	SAM001247061	XJGVXQDUIWGIRW-UHFFFAOYSA-N
DB00410	SAM002589979	MINDHVHHQZYEEK-HBBNESRFSA-N
DB00412	SAM001246608	YASAKCUCGLMORW-UHFFFAOYSA-N
DB00412	SAM001246610	YASAKCUCGLMORW-UHFFFAOYSA-N
DB00413	SAM001246540	FASDKYOPVNHBLU-ZETCQYMHSA-N
DB00413	SAM001247006	FASDKYOPVNHBLU-ZETCQYMHSA-N
DB00415	SAM002264590	AVKUERGKIZMTKX-NJBDSQKTSA-N
DB00417	SAM002589954	BPLBGHOLXOTWMN-MBNYWOFBSA-N
DB00421	SAM002264648	LXMSZDCAJNLERA-ZHYRCANASA-N
DB00423	SAM002554900	GNXFOGHNGIVQEH-UHFFFAOYSA-N
DB00424	SAM002554885	RKUNBYITZUJHSG-FXUDXRNXSA-N
DB00425	SAM001246549	ZAFYATHCZYHLPB-UHFFFAOYSA-N
DB00426	SAM001246732	GGXKWVWZWMLJEH-UHFFFAOYSA-N
DB00433	SAM001247054	WIKYUJGCLQQFNW-UHFFFAOYSA-N
DB00434	SAM001246883	JJCFRYNCJDLXIK-UHFFFAOYSA-N
DB00436	SAM002264598	HDWIHXWEUNVBIY-UHFFFAOYSA-N
DB00437	SAM002554884	OFCNXPDARWKPPY-UHFFFAOYSA-N
DB00439	SAM001246554	SEERZIQQUAZTOL-ANMDKAQQSA-N
DB00440	SAM002264649	IEDVJHCEMCRBQM-UHFFFAOYSA-N
DB00443	SAM002548948	UREBDLICKHMUKA-DVTGEIKXSA-N
DB00443	SAM002589959	UREBDLICKHMUKA-DVTGEIKXSA-N
DB00446	SAM002548963	WIIZWVCIJKGZOK-RKDXNWHRSA-N
DB00448	SAM001246544	MJIHNNLFOKEZEW-UHFFFAOYSA-N
DB00450	SAM001247013	RMEDXOLNCUSCGS-UHFFFAOYSA-N
DB00451	SAM002264651	XUIIKFGFIJCVMT-LBPRGKRZSA-N
DB00455	SAM001246987	JCCNYMKQOSZNPW-UHFFFAOYSA-N
DB00457	SAM001246995	IENZQIKPVFGBNW-UHFFFAOYSA-N
DB00458	SAM002564216	BCGWQEUPMDMJNV-UHFFFAOYSA-N
DB00459	SAM002589973	IHUNBGSDBOWDMA-AQFIFDHZSA-N
DB00461	SAM002564225	BLXXJMDCKKHMKV-UHFFFAOYSA-N
DB00465	SAM001246596	OZWKMVRBQXNZKK-UHFFFAOYSA-N
DB00466	SAM001246993	VJKUPQSHOVKBCO-ZTYBEOBUSA-N
DB00468	SAM002264644	LOUPRKONTZGTKE-WZBLMQSHSA-N
DB00471	SAM001246657	UCHDWCPVSPXUMX-TZIWLTJVSA-N
DB00475	SAM001246815	ANTSCNMPPGJYLG-UHFFFAOYSA-N
DB00476	SAM001246523	ZEUITGRIYCTCEM-KRWDZBQOSA-N
DB00476	SAM001247059	ZEUITGRIYCTCEM-KRWDZBQOSA-N
DB00478	SAM002264596	UBCHPRBFMUDMNC-UHFFFAOYSA-N
DB00481	SAM002548975	GZUITABIAKMVPG-UHFFFAOYSA-N
DB00482	SAM002589995	RZEKVGVHFLEQIL-UHFFFAOYSA-N
DB00484	SAM002548958	XYLJNLCSTIOKRM-UHFFFAOYSA-N
DB00485	SAM002589990	YFAGHNZHGGCZAX-JKIFEVAISA-N
DB00487	SAM001246571	FHFYDNQZQSQIAI-UHFFFAOYSA-N
DB00488	SAM002564241	UUVWYPNAQBNQJQ-UHFFFAOYSA-N
DB00489	SAM001246725	ZBMZVLHSJCTVON-UHFFFAOYSA-N
DB00490	SAM002264597	QWCRAEMEVRGPNT-UHFFFAOYSA-N
DB00491	SAM001246745	IBAQFPQHRJAVAV-ULAWRXDQSA-N
DB00493	SAM002643511	GPRBEKHLDVQUJE-QSWIMTSFSA-N
DB00495	SAM002548971	HBOMLICNUCNMMY-XLPZGREQSA-N
DB00499	SAM002264612	MKXKFYHWDHIYRV-UHFFFAOYSA-N
DB00501	SAM002554892	AQIXAKUUQRKLND-UHFFFAOYSA-N
DB00503	SAM001246783	NCDNCNXCDXHOMX-XGKFQTDJSA-N
DB00507	SAM001246708	YQNQNVDNTFHQSW-UHFFFAOYSA-N
DB00509	SAM002264651	XUIIKFGFIJCVMT-GFCCVEGCSA-N
DB00518	SAM002589939	HXHWSAZORRCQMX-UHFFFAOYSA-N
DB00523	SAM002264647	SHGAZHPCJJPHSC-ZVCIMWCZSA-N
DB00523	SAM002548955	SHGAZHPCJJPHSC-ZVCIMWCZSA-N
DB00533	SAM001246617	RZJQGNCSTQAWON-UHFFFAOYSA-N
DB00535	SAM001246818	RTXOFQZKPXMALH-GHXIOONMSA-N
DB00539	SAM001246774	XFCLJVABOIYOMF-QPLCGJKRSA-N
DB00540	SAM002554915	PHVGLTMQBUFIQQ-UHFFFAOYSA-N
DB00541	SAM001246570	OGWKCGZFUXNPDA-CFWMRBGOSA-N
DB00542	SAM001246712	XPCFTKFZXHTYIP-PMACEKPBSA-N
DB00543	SAM002564189	QWGDMFLQWFTERH-UHFFFAOYSA-N
DB00544	SAM002264615	GHASVSINZRGABV-UHFFFAOYSA-N
DB00545	SAM002564227	RVOLLAQWKVFTGE-UHFFFAOYSA-N
DB00547	SAM001246885	VWVSBHGCDBMOOT-IIEHVVJPSA-N
DB00549	SAM001246577	YEEZWCHGZNKEEK-UHFFFAOYSA-N
DB00550	SAM002554926	KNAHARQHSZJURB-UHFFFAOYSA-N
DB00553	SAM002548974	QXKHYNVANLEOEG-UHFFFAOYSA-N
DB00554	SAM001247048	QYSPLQLAKJAUJT-UHFFFAOYSA-N
DB00555	SAM001246697	PYZRQGJRPPTADH-UHFFFAOYSA-N
DB00557	SAM002554902	ZQDWXGKKHFNSQK-UHFFFAOYSA-N
DB00561	SAM001246792	XFDJYSQDBULQSI-UHFFFAOYSA-N
DB00564	SAM002264603	FFGPTBGBLSHEPO-UHFFFAOYSA-N
DB00565	SAM001246793	YXSLJKQTIDHPOT-LJCJQEJUSA-N
DB00567	SAM001246761	ZAIPMKNFIOOWCQ-UEKVPHQBSA-N
DB00571	SAM002699889	AQHHHDLHHXJYJD-UHFFFAOYSA-N
DB00572	SAM002554885	RKUNBYITZUJHSG-SPUOUPEWSA-N
DB00575	SAM001247073	GJSURZIOUXUGAL-UHFFFAOYSA-N
DB00577	SAM001246749	HDOVUKNUBWVHOX-QMMMGPOBSA-N
DB00580	SAM001246603	LNPDTQAFDNKSHK-UHFFFAOYSA-N
DB00582	SAM001246664	BCEHBSKCWLPMDN-MGPLVRAMSA-N
DB00584	SAM002699897	GBXSMTUPTTWBMN-XIRDDKMYSA-N
DB00585	SAM001246752	SGXXNSQHWDMGGP-UHFFFAOYSA-N
DB00588	SAM001246583	WMWTYOKRWGGJOA-CENSZEJFSA-N
DB00590	SAM002589981	RUZYUOTYCVRMRZ-UHFFFAOYSA-N
DB00591	SAM002564208	FEBLZLNTKCEFIT-VSXGLTOVSA-N
DB00594	SAM001246996	XSDQTOBWRPYKKA-UHFFFAOYSA-N
DB00598	SAM002564217	SGUAFYQXFOLMHL-UHFFFAOYSA-N
DB00601	SAM001246624	TYZROVQLWOKYKF-ZDUSSCGKSA-N
DB00603	SAM002564220	PSGAAPLEWMOORI-PEINSRQWSA-N
DB00604	SAM001246975	DCSUBABJRXZOMT-IRLDBZIGSA-N
DB00605	SAM002554933	MLKXDPUZXIRXEP-MFOYZWKCSA-N
DB00607	SAM002589927	GPXLMGHLHQJAGZ-JTDSTZFVSA-N
DB00609	SAM002554899	AEOCXXJPGCBFJA-UHFFFAOYSA-N
DB00612	SAM001246618	VHYCDWMUTMEGQY-UHFFFAOYSA-N
DB00619	SAM001246622	KTUFNOKKBVMGRW-UHFFFAOYSA-N
DB00624	SAM001246921	MUMGGOZAMZWBJJ-DYKIIFRCSA-N
DB00624	SAM002548950	MUMGGOZAMZWBJJ-DYKIIFRCSA-N
DB00625	SAM001246667	XPOQHMRABVBWPR-ZDUSSCGKSA-N
DB00627	SAM002554917	PVNIIMVLHYAWGP-UHFFFAOYSA-N
DB00634	SAM002554931	SKIVFJLNDNKQPD-UHFFFAOYSA-N
DB00635	SAM002264641	XOFYZVNMUHMLCC-ZPOLXVRWSA-N
DB00640	SAM002564191	OIRDTQYFTABQOQ-KQYNXXCUSA-N
DB00641	SAM002589969	RYMZZMVNJRMUDD-HGQWONQESA-N
DB00643	SAM002548959	OPXLLQIJSORQAM-UHFFFAOYSA-N
DB00649	SAM001246729	XNKLLVCARDGLGL-JGVFFNPUSA-N
DB00649	SAM002589948	XNKLLVCARDGLGL-JGVFFNPUSA-N
DB00654	SAM001246671	GGXICVAJURFBLW-CEYXHVGTSA-N
DB00656	SAM001247045	PHLBKPHSAVXXEF-UHFFFAOYSA-N
DB00668	SAM002699891	UCTWMZQNUQWSLP-VIFPVBQESA-N
DB00669	SAM001246579	KQKPFRSPSRPDEB-UHFFFAOYSA-N
DB00671	SAM001246816	OKBVVJOGVLARMR-QSWIMTSFSA-N
DB00672	SAM002554890	RKWGIWYCVPQPMF-UHFFFAOYSA-N
DB00674	SAM001246978	ASUTZQLVASHGKV-JDFRZJQESA-N
DB00675	SAM002703133	NKANXQFJJICGDU-QPLCGJKRSA-N
DB00679	SAM002564240	KLBQZWRITKRQQV-UHFFFAOYSA-N
DB00682	SAM002554882	PJVWKTKQMONHTI-UHFFFAOYSA-N
DB00683	SAM001246585	DDLIGBOFAVUZHB-UHFFFAOYSA-N
DB00694	SAM002589992	STQGQHZAVUOBTE-VGBVRHCVSA-N
DB00695	SAM002264614	ZZUFCTLCJUWOSV-UHFFFAOYSA-N
DB00697	SAM002548961	XFYDIVBRZNQMJC-UHFFFAOYSA-N
DB00698	SAM002554913	NXFQHRVNIOXGAQ-YCRREMRBSA-N
DB00703	SAM002589943	FLOSMHQXBMRNHR-UHFFFAOYSA-N
DB00709	SAM001246582	JTEGQNOMFQHVDC-NKWVEPMBSA-N
DB00709	SAM002589994	JTEGQNOMFQHVDC-NKWVEPMBSA-N
DB00712	SAM001246961	SYTBZMRGLBWNTM-UHFFFAOYSA-N
DB00712	SAM002564209	SYTBZMRGLBWNTM-UHFFFAOYSA-N
DB00713	SAM002589930	UWYHMGVUTGAWSP-JKIFEVAISA-N
DB00715	SAM001246991	AHOUBRCZNHFOSL-YOEHRIQHSA-N
DB00715	SAM002548935	AHOUBRCZNHFOSL-YOEHRIQHSA-N
DB00717	SAM002564223	VIKNJXKGJWUCNN-XGXHKTLJSA-N
DB00721	SAM002554920	MFDFERRIHVXMIY-UHFFFAOYSA-N
DB00730	SAM002564239	WJCNZQLZVWNLKY-UHFFFAOYSA-N
DB00731	SAM001246721	OELFLUMRDSZNSF-BRWVUGGUSA-N
DB00732	SAM001246793	XXZSQOVSEBAPGS-UHFFFAOYSA-L
DB00733	SAM002554924	JBKPUQTUERUYQE-UHFFFAOYSA-O
DB00734	SAM001246595	RAPZEAPATHNIPO-UHFFFAOYSA-N
DB00736	SAM001246900	SUBDBMMJDZJVOS-DEOSSOPVSA-N
DB00737	SAM002548969	OCJYIGYOJCODJL-UHFFFAOYSA-N
DB00740	SAM001246997	FTALBRSUTCGOEG-UHFFFAOYSA-N
DB00741	SAM002264617	JYGXADMDTFJGBT-VWUMJDOOSA-N
DB00744	SAM001246738	MWLSOWXNZPKENC-UHFFFAOYSA-N
DB00745	SAM001246587	YFGHCGITMMYXAQ-UHFFFAOYSA-N
DB00747	SAM001246967	STECJAGHUSJQJN-FWXGHANASA-N
DB00748	SAM002589920	OJFSXZCBGQGRNV-UHFFFAOYSA-N
DB00749	SAM002589968	NNYBQONXHNTVIJ-UHFFFAOYSA-N
DB00750	SAM002264640	MVFGUOIZUNYYSO-UHFFFAOYSA-N
DB00755	SAM002264647	SHGAZHPCJJPHSC-YCNIQYBTSA-N
DB00755	SAM002548955	SHGAZHPCJJPHSC-YCNIQYBTSA-N
DB00756	SAM002554903	ACGUYXCXAPNIKK-UHFFFAOYSA-N
DB00757	SAM001246842	UKTAZPQNNNJVKR-KJGYPYNMSA-N
DB00758	SAM002589956	GKTWGGQPFAXNFI-HNNXBMFYSA-N
DB00760	SAM001246650	DMJNNHOOLUXYBV-PQTSNVLCSA-N
DB00762	SAM001246598	UWKQSNNFCGGAFS-XIFFEERXSA-N
DB00763	SAM002548951	PMRYVIKBURPHAH-UHFFFAOYSA-N
DB00768	SAM001246802	JBIMVDZLSHOPLA-LSCVHKIXSA-N
DB00770	SAM001246840	GMVPRGQOIOIIMI-DWKJAMRDSA-N
DB00773	SAM001246880	VJJPUSNTGOMMGY-MRVIYFEKSA-N
DB00774	SAM002703134	DMDGGSIALPNSEE-UHFFFAOYSA-N
DB00776	SAM001246754	CTRLABGOLIVAIY-UHFFFAOYSA-N
DB00779	SAM002554914	MHWLWQUZZRMNGJ-UHFFFAOYSA-N
DB00780	SAM001247037	RMUCZJUITONUFY-UHFFFAOYSA-N
DB00780	SAM002589985	RMUCZJUITONUFY-UHFFFAOYSA-N
DB00782	SAM002554922	VVWYOYDLCMFIEM-UHFFFAOYSA-N
DB00783	SAM001247032	VOXZDWNPVJITMN-ZBRFXRBCSA-N
DB00784	SAM002554908	HYYBABOKPJLUIN-UHFFFAOYSA-N
DB00787	SAM002589967	MKUXAQIIEYXACX-UHFFFAOYSA-N
DB00792	SAM001247047	UFLGIAIHIAPJJC-UHFFFAOYSA-N
DB00794	SAM002554925	DQMZLTXERSFNPB-UHFFFAOYSA-N
DB00795	SAM001246530	NCEXYHBECQHGNR-QZQOTICOSA-N
DB00797	SAM002589935	JIVZKJJQOZQXQB-UHFFFAOYSA-N
DB00800	SAM001246665	TVURRHSHRRELCG-UHFFFAOYSA-N
DB00804	SAM002554894	CURUTKGFNZGFSE-UHFFFAOYSA-N
DB00806	SAM001247011	BYPFEZZEUUWMEJ-UHFFFAOYSA-N
DB00807	SAM002564232	KCLANYCVBBTKTO-UHFFFAOYSA-N
DB00808	SAM002564214	NDDAHWYSQHTHNT-UHFFFAOYSA-N
DB00809	SAM002564235	BGDKAVGWHJFAGW-UHFFFAOYSA-N
DB00811	SAM002589951	IWUCXVSUMQZMFG-AFCXAGJDSA-N
DB00814	SAM002589991	ZRVUJXDFFKFLMG-UHFFFAOYSA-N
DB00816	SAM002548965	LMOINURANNBYCM-UHFFFAOYSA-N
DB00818	SAM002264610	OLBCVFGFOZPWHH-UHFFFAOYSA-N
DB00819	SAM002554883	BZKPWHYZMXOIDC-UHFFFAOYSA-N
DB00820	SAM001246586	WOXKDUGGOYFFRN-IIBYNOLFSA-N
DB00822	SAM001247028	AUZONCFQVSMFAP-UHFFFAOYSA-N
DB00829	SAM001246536	AAOVKJBEBIDNHE-UHFFFAOYSA-N
DB00831	SAM001247046	ZEWQUBUPAILYHI-UHFFFAOYSA-N
DB00833	SAM001246884	QYIYFLOTGYLRGG-GPCCPHFNSA-N
DB00834	SAM001246881	VKHAHZOOUSRJNA-GCNJZUOMSA-N
DB00835	SAM001246556	ZDIGNSYAACHWNL-UHFFFAOYSA-N
DB00836	SAM002564218	RDOIQAHITMMDAJ-UHFFFAOYSA-N
DB00839	SAM002564236	OUDSBRTVNLOZBN-UHFFFAOYSA-N
DB00843	SAM001246627	ADEBPBSSDYVVLD-UHFFFAOYSA-N
DB00844	SAM001247063	NETZHAKZCGBWSS-CEDHKZHLSA-N
DB00845	SAM001246878	WDQPAMHFFCXSNU-BGABXYSRSA-N
DB00850	SAM002264637	RGCVKNLCSQQDEP-UHFFFAOYSA-N
DB00853	SAM001246636	BPEGJWRSRHCHSN-UHFFFAOYSA-N
DB00854	SAM001247023	JAQUASYNZVUNQP-USXIJHARSA-N
DB00855	SAM002589919	ZGXJTSGNIOSYLO-UHFFFAOYSA-N
DB00857	SAM001246565	DOMXUEMWDBAQBQ-WEVVVXLNSA-N
DB00859	SAM002264642	VVNCNSJFMMFHPL-VKHMYHEASA-N
DB00860	SAM002264639	OIGNJSKKLXVSLS-VWUMJDOOSA-N
DB00861	SAM002554896	HUPFGZXOMWLGNK-UHFFFAOYSA-N
DB00862	SAM001246573	SECKRCOLJRRGGV-UHFFFAOYSA-N
DB00863	SAM002264645	VMXUWOKSQNHOCA-UHFFFAOYSA-N
DB00864	SAM001246677	QJJXYPPXXYFBGM-LFZNUXCKSA-N
DB00871	SAM002589944	XWTYSIMOBUGWOL-UHFFFAOYSA-N
DB00880	SAM002554891	JBMKAUGHUNFTOL-UHFFFAOYSA-N
DB00881	SAM002589972	JSDRRTOADPPCHY-HSQYWUDLSA-N
DB00882	SAM002699904	GKIRPKYJQBWNGO-UHFFFAOYSA-N
DB00887	SAM002564195	MAEIEVLCKWDQJH-UHFFFAOYSA-N
DB00889	SAM001246527	MFWNKCLOYSRHCJ-BTTYYORXSA-N
DB00900	SAM001246673	BXZVVICBKDXVGW-NKWVEPMBSA-N
DB00903	SAM002264611	AVOLMBLBETYQHX-UHFFFAOYSA-N
DB00904	SAM001246631	FELGMEQIXOGIFQ-UHFFFAOYSA-N
DB00904	SAM002589958	FELGMEQIXOGIFQ-UHFFFAOYSA-N
DB00906	SAM001246625	PBJUNZJWGZTSKL-MRXNPFEDSA-N
DB00908	SAM002264644	LOUPRKONTZGTKE-LHHVKLHASA-N
DB00909	SAM002548957	UBQNRHZMVUUOMG-UHFFFAOYSA-N
DB00911	SAM001246913	HJLSLZFTEKNLFI-UHFFFAOYSA-N
DB00912	SAM001246546	FAEKWTJYAYMJKF-QHCPKHFHSA-N
DB00916	SAM001247010	VAOCPAMSLUNLGC-UHFFFAOYSA-N
DB00919	SAM002564233	UNFWWIHTNXNPBV-WXKVUWSESA-N
DB00920	SAM001246984	ZCVMWBYGMWKGHF-UHFFFAOYSA-N
DB00925	SAM002564244	QZVCTJOXCFMACW-UHFFFAOYSA-N
DB00927	SAM001247033	XUFQPHANEAPEMJ-UHFFFAOYSA-N
DB00928	SAM002264595	NMUSYJAQQFHJEW-KVTDHHQDSA-N
DB00933	SAM001247051	SLVMESMUVMCQIY-UHFFFAOYSA-N
DB00934	SAM001246989	QSLMDECMDJKHMQ-UHFFFAOYSA-N
DB00938	SAM001247096	GIIZNNXWQWCKIB-UHFFFAOYSA-N
DB00939	SAM002548942	SBDNJUWAMKYJOX-UHFFFAOYSA-N
DB00943	SAM001246779	WREGKURFCTUGRC-POYBYMJQSA-N
DB00949	SAM001247005	WKGXYQFOCVYPAC-UHFFFAOYSA-N
DB00950	SAM002700173	RWTNPBWLLIMQHL-UHFFFAOYSA-N
DB00951	SAM002554904	QRXWMOHMRWLFEY-UHFFFAOYSA-N
DB00953	SAM001246615	ULFRLSNUDGIQQP-UHFFFAOYSA-N
DB00959	SAM002589984	VHRSUDSXCMQTMA-PJHHCJLFSA-N
DB00960	SAM002264631	JZQKKSLKJUAGIC-UHFFFAOYSA-N
DB00961	SAM001246875	INWLQCZOYSRPNW-UHFFFAOYSA-N
DB00962	SAM001246641	HUNXMJYCHXQEGX-UHFFFAOYSA-N
DB00966	SAM001246602	RMMXLENWKUUMAY-UHFFFAOYSA-N
DB00967	SAM001246545	JAUOIFJMECXRGI-UHFFFAOYSA-N
DB00968	SAM002554912	CJCSPKMFHVPWAR-JTQLQIEISA-N
DB00969	SAM001246782	JSWZEAMFRNKZNL-UHFFFAOYSA-N
DB00970	SAM001246846	RJURFGZVJUQBHK-IIXSONLDSA-N
DB00972	SAM001246645	MBUVEWMHONZEQD-UHFFFAOYSA-N
DB00973	SAM001246623	OLNTVTPDXPETLC-XPWALMASSA-N
DB00975	SAM002264609	IZEKFCXSFNUWAM-UHFFFAOYSA-N
DB00976	SAM001246805	LJVAJPDWBABPEJ-PNUFFHFMSA-N
DB00977	SAM001247008	BFPYWIDHMRZLRN-SLHNCBLASA-N
DB00981	SAM001246992	PIJVFDBKTWXHHD-HIFRSBDPSA-N
DB00982	SAM002264647	SHGAZHPCJJPHSC-XFYACQKRSA-N
DB00982	SAM002548955	SHGAZHPCJJPHSC-XFYACQKRSA-N
DB00983	SAM001246675	BPZSYCZIITTYBL-UHFFFAOYSA-N
DB00986	SAM001246629	ANGKOCUUWGHLCE-UHFFFAOYSA-N
DB00986	SAM002589987	ANGKOCUUWGHLCE-UHFFFAOYSA-N
DB00987	SAM001247012	UHDGCWIWMRVCDJ-CCXZUQQUSA-N
DB00990	SAM001246574	BFYIZQONLCFLEV-DAELLWKTSA-N
DB00991	SAM001246770	OFPXSFXSNFPTHF-UHFFFAOYSA-N
DB00993	SAM002589938	LMEKQMALGUDUQG-UHFFFAOYSA-N
DB00999	SAM002554901	JZUFKLXOESDKRF-UHFFFAOYSA-N
DB01003	SAM002589934	IMZMKUWMOSJXDT-UHFFFAOYSA-N
DB01004	SAM002548936	IRSCQMHQWWYFCW-UHFFFAOYSA-N
DB01006	SAM001246649	HPJKCIUCZWXJDR-UHFFFAOYSA-N
DB01008	SAM002554887	COVZYZSDYWQREU-UHFFFAOYSA-N
DB01009	SAM002264620	DKYWVDODHFEZIM-UHFFFAOYSA-N
DB01010	SAM002564207	VWLHWLSRQJQWRG-UHFFFAOYSA-O
DB01011	SAM002297829	FJLBFSROUSIWMA-UHFFFAOYSA-N
DB01013	SAM002564250	CBGUOGMQLZIXBE-XGQKBEPLSA-N
DB01014	SAM001246804	IPOKCKJONYRRHP-FMQUCBEESA-N
DB01015	SAM002554930	JLKIGFTWXXRPMT-UHFFFAOYSA-N
DB01016	SAM002564212	ZNNLBTZKUZBEKO-UHFFFAOYSA-N
DB01019	SAM002548931	NZUPCNDJBJXXRF-UHFFFAOYSA-O
DB01022	SAM002564257	MBWXNTAXLNYFJB-NKFFZRIASA-N
DB01025	SAM001246669	SGRYPYWGNKJSDL-UHFFFAOYSA-N
DB01026	SAM001246983	XMAYWYJOQHXEEK-UHFFFAOYSA-N
DB01029	SAM001246548	YOSHYTLCDANDAN-UHFFFAOYSA-N
DB01030	SAM001246651	UCFGDBYHRUNTLO-QHCPKHFHSA-N
DB01032	SAM002554923	DBABZHXKTCFAPX-UHFFFAOYSA-N
DB01033	SAM002589937	GLVAUDGFNGKCSF-UHFFFAOYSA-N
DB01035	SAM002554928	REQCZEXYDRLIBE-UHFFFAOYSA-N
DB01036	SAM001246691	OOGJQPCLVADCPB-HXUWFJFHSA-N
DB01037	SAM001246969	MEZLKOACVSPNER-GFCCVEGCSA-N
DB01037	SAM002589926	MEZLKOACVSPNER-GFCCVEGCSA-N
DB01039	SAM002264613	YMTINGFKWWXKFG-UHFFFAOYSA-N
DB01041	SAM002564245	UEJJHQNACJXSKW-UHFFFAOYSA-N
DB01043	SAM001246743	BUGYDGFZZOZRHP-UHFFFAOYSA-N
DB01043	SAM002699890	BUGYDGFZZOZRHP-UHFFFAOYSA-N
DB01044	SAM002589955	XUBOMFCQGDBHNK-UHFFFAOYSA-N
DB01045	SAM002264646	JQXXHWHPUNPDRT-WLSIYKJHSA-N
DB01047	SAM002589945	WJOHZNCJWYWUJD-IUGZLZTKSA-N
DB01050	SAM002264619	HEFNNWSXXWATRW-UHFFFAOYSA-N
DB01053	SAM002564229	JGSARLDLIJGVTE-MBNYWOFBSA-N
DB01056	SAM001246759	BUJAGSGYPOAWEI-UHFFFAOYSA-N
DB01058	SAM002264632	FSVJFNAIGNNGKK-UHFFFAOYSA-N
DB01060	SAM002264592	LSQZJLSUYDQPKJ-NJBDSQKTSA-N
DB01062	SAM002564226	XIQVNETUBQGFHX-UHFFFAOYSA-N
DB01064	SAM002554906	JWZZKOKVBUJMES-UHFFFAOYSA-N
DB01067	SAM002564210	ZJJXGWJIGJFDTL-UHFFFAOYSA-N
DB01073	SAM002548956	HBUBKKRHXORPQB-FJFJXFQQSA-N
DB01079	SAM001246606	IKBKZGMPCYNSLU-RGVLZGJSSA-N
DB01081	SAM001246532	HYPPXZBJBPSRLK-UHFFFAOYSA-N
DB01083	SAM001246637	AHLBNYSZXLDEJQ-FWEHEUNISA-N
DB01085	SAM001246962	QCHFTSOMWOSFHM-WPRPVWTQSA-N
DB01087	SAM002589929	INDBQLZJXZLFIT-UHFFFAOYSA-N
DB01095	SAM002548940	FJLGEFLZQAZZCD-JUFISIKESA-N
DB01099	SAM001246753	XRECTZIEBJDKEO-UHFFFAOYSA-N
DB01104	SAM001246666	VGKDLMBJGBXTGI-SJCJKPOMSA-N
DB01104	SAM002700175	VGKDLMBJGBXTGI-SJCJKPOMSA-N
DB01105	SAM001246592	UNAANXDKBXWMLN-UHFFFAOYSA-N
DB01105	SAM001247105	UNAANXDKBXWMLN-UHFFFAOYSA-N
DB01110	SAM002264623	BYBLEWFAAKGYCD-UHFFFAOYSA-N
DB01112	SAM002589901	JFPVXVDWJQMJEE-IZRZKJBUSA-N
DB01114	SAM001246557	SOYKEARSMXGVTM-UHFFFAOYSA-N
DB01114	SAM001247022	SOYKEARSMXGVTM-UHFFFAOYSA-N
DB01118	SAM001246646	IYIKLHRQXLHMJQ-UHFFFAOYSA-N
DB01119	SAM001246872	GDLBFKVLRPITMI-UHFFFAOYSA-N
DB01124	SAM002554936	JLRGJRBPOGGCBT-UHFFFAOYSA-N
DB01127	SAM002554898	LEZWWPYKPKIXLL-UHFFFAOYSA-N
DB01128	SAM001246612	LKJPYSCBVHEWIU-UHFFFAOYSA-N
DB01129	SAM001246619	YREYEVIYCVEVJK-UHFFFAOYSA-N
DB01132	SAM001246600	HYAFETHFCAUJAY-UHFFFAOYSA-N
DB01136	SAM001246736	OGHNVEJMJSYVRP-UHFFFAOYSA-N
DB01137	SAM001246758	GSDSWSVVBLHKDQ-JTQLQIEISA-N
DB01137	SAM002264629	GSDSWSVVBLHKDQ-JTQLQIEISA-N
DB01138	SAM002554932	MBGGBVCUIVRRBF-UHFFFAOYSA-N
DB01142	SAM001246976	ODQWQRRAPPTVAG-UHFFFAOYSA-N
DB01142	SAM002264608	ODQWQRRAPPTVAG-UHFFFAOYSA-N
DB01149	SAM001246653	VRBKIVRKKCLPHA-UHFFFAOYSA-N
DB01151	SAM002264605	HCYAFALTSJYZDH-UHFFFAOYSA-N
DB01156	SAM001246699	SNPPWIUOZRMYNY-UHFFFAOYSA-N
DB01156	SAM001246723	SNPPWIUOZRMYNY-UHFFFAOYSA-N
DB01162	SAM001247000	VCKUSRYTPJJLNI-UHFFFAOYSA-N
DB01162	SAM002589982	VCKUSRYTPJJLNI-UHFFFAOYSA-N
DB01163	SAM001246687	BWWVAEOLVKTZFQ-ISVUSNJMSA-N
DB01165	SAM001246758	GSDSWSVVBLHKDQ-UHFFFAOYSA-N
DB01165	SAM002264629	GSDSWSVVBLHKDQ-UHFFFAOYSA-N
DB01167	SAM001246679	VHVPQPYKVGDNFY-ZPGVKDDISA-N
DB01168	SAM001246564	CPTBDICYNRMXFX-UHFFFAOYSA-N
DB01171	SAM001246614	YHXISWVBGDMDLQ-UHFFFAOYSA-N
DB01173	SAM002264628	QVYRGXJJSLMXQH-UHFFFAOYSA-N
DB01173	SAM002554918	QVYRGXJJSLMXQH-UHFFFAOYSA-N
DB01175	SAM001246599	WSEQXVZVJXJVFP-FQEVSTJZSA-N
DB01175	SAM001246668	WSEQXVZVJXJVFP-FQEVSTJZSA-N
DB01175	SAM002589960	WSEQXVZVJXJVFP-FQEVSTJZSA-N
DB01177	SAM001246676	XDXDZDZNSLXDNA-TZNDIEGXSA-N
DB01179	SAM002548978	YJGVMLPVUAXIQN-XVVDYKMHSA-N
DB01182	SAM002564228	JWHAUXFOSRPERK-UHFFFAOYSA-N
DB01183	SAM002703137	UZHSEJADLWPNLE-GRGSLBFTSA-N
DB01186	SAM001247070	YEHCICAEULNIGD-MZMPZRCHSA-N
DB01193	SAM002264591	GOEMGAFJFRBGGG-UHFFFAOYSA-N
DB01195	SAM002548968	DJBNUMBKLMJRSA-UHFFFAOYSA-N
DB01197	SAM002564201	FAKRSMQSSFJEIM-RQJHMYQMSA-N
DB01198	SAM002548982	GBBSUAFBMRNDJC-UHFFFAOYSA-N
DB01201	SAM001246620	WDZCUPBHRAEYDL-GZAUEHORSA-N
DB01201	SAM002589953	WDZCUPBHRAEYDL-GZAUEHORSA-N
DB01202	SAM001246539	HPHUVLMMVZITSG-LURJTMIESA-N
DB01203	SAM002264627	VWPOSFSPZNDTMJ-UCWKZMIHSA-N
DB01205	SAM001246763	OFBIFZUFASYYRE-UHFFFAOYSA-N
DB01211	SAM001246748	AGOYDEPGAOXOCK-KCBOHYOISA-N
DB01216	SAM001246541	DBEPLOCGEIEOCV-WSBQPABSSA-N
DB01217	SAM001246525	YBBLVLTVTVSKRW-UHFFFAOYSA-N
DB01219	SAM002703135	OZOMQRBLCMDCEG-VIZOYTHASA-N
DB01220	SAM001246597	NZCRJKRKKOLAOJ-XRCRFVBUSA-N
DB01222	SAM002699898	VOVIALXJUBGFJZ-KWVAZRHASA-N
DB01223	SAM002554935	FQPFAHBPWDRTLU-UHFFFAOYSA-N
DB01224	SAM001246777	URKOMYMAXPYINW-UHFFFAOYSA-N
DB01230	SAM001246706	NRNCYVBFPDDJNE-UHFFFAOYSA-N
DB01232	SAM001246578	QWAXKHKRTORLEM-UGJKXSETSA-N
DB01233	SAM002554911	TTWJBBZEZQICBI-UHFFFAOYSA-N
DB01234	SAM002548948	UREBDLICKHMUKA-CXSFZGCWSA-N
DB01234	SAM002589959	UREBDLICKHMUKA-CXSFZGCWSA-N
DB01238	SAM001246750	CEUORZQYGODEFX-UHFFFAOYSA-N
DB01241	SAM002564211	HEMJJKBWTPKOJG-UHFFFAOYSA-N
DB01242	SAM002264601	GDLIGKIOYRNHDA-UHFFFAOYSA-N
DB01243	SAM002554895	WDFKMLRRRCGAKS-UHFFFAOYSA-N
DB01248	SAM001246689	ZDZOTLJHXYCWBA-VCVYQWHSSA-N
DB01274	SAM001246675	BPZSYCZIITTYBL-YJYMSZOUSA-N
DB01327	SAM002564200	MLYYVTUWGNIJIB-BXKDBHETSA-N
DB01331	SAM002564251	WZOZEZRFJCJXNZ-ZBFHGGJFSA-N
DB01337	SAM001247003	GVEAYVLWDAFXET-XGHATYIMSA-N
DB01339	SAM001246821	BGSZAXLLHYERSY-XQIGCQGXSA-N
DB01346	SAM002264644	YHRUERMOPBDCFD-UHFFFAOYSA-N
DB01357	SAM001246866	IMSSROKUHAOUJS-MJCUULBUSA-N
DB01380	SAM002264600	ITRJWOMZKQRYTA-RFZYENFJSA-N
DB01406	SAM002564203	POZRVZJJTULAOH-LHZXLZLDSA-N
DB01493	SAM001246555	AOXRBFRFYPMWLR-XGXHKTLJSA-N
DB01583	SAM002264651	LKYWLLWWYBVUPP-XOCLESOZSA-L
DB01583	SAM003107539	LKYWLLWWYBVUPP-XOCLESOZSA-L
DB01586	SAM002264653	RUDATBOHQWOJDD-UZVSRGJWSA-N
DB01595	SAM001246711	KJONHKAYOJNZEC-UHFFFAOYSA-N
DB01597	SAM001246552	DHSUYTOATWAVLW-WFVMDLQDSA-N
DB01618	SAM002548933	KLPWJLBORRMFGK-UHFFFAOYSA-N
DB01627	SAM002589936	OJMMVQQUTAEWLP-KIDUDLJLSA-N
DB01698	SAM001246528	IKGXIBQEEMLURG-NVPNHPEKSA-N
DB01708	SAM001246922	FMGSKLZLMKYGDP-USOAJAOKSA-N
DB01954	SAM001246766	HJORMJIFDVBMOB-UHFFFAOYSA-N
DB02032	SAM002564201	FAKRSMQSSFJEIM-BQBZGAKWSA-N
DB02097	SAM001247012	UHDGCWIWMRVCDJ-XVFCMESISA-N
DB02207	SAM001246908	PQCAUHUKTBHUSA-UHFFFAOYSA-N
DB02224	SAM001246760	CXQWRCVTCMQVQX-LSDHHAIUSA-N
DB02224	SAM001246778	CXQWRCVTCMQVQX-LSDHHAIUSA-N
DB02300	SAM001246670	LWQQLNNNIPYSNX-UROSTWAQSA-N
DB02507	SAM002554882	PJVWKTKQMONHTI-HNNXBMFYSA-N
DB02701	SAM001246860	DFPAKSUCGFBDDF-UHFFFAOYSA-N
DB02709	SAM001246888	LUKBXSAWLPMMSZ-OWOJBTEDSA-N
DB02918	SAM001247053	HJMQDJPMQIHLPB-UHFFFAOYSA-N
DB02932	SAM001246612	LKJPYSCBVHEWIU-KRWDZBQOSA-N
DB03034	SAM001246758	GSDSWSVVBLHKDQ-SNVBAGLBSA-N
DB03034	SAM002264629	GSDSWSVVBLHKDQ-SNVBAGLBSA-N
DB03125	SAM002264649	IEDVJHCEMCRBQM-UHFFFAOYSA-O
DB03128	SAM002548945	OIPILFWXSMYKGL-UHFFFAOYSA-N
DB03322	SAM002699889	AQHHHDLHHXJYJD-CQSZACIVSA-N
DB03424	SAM001246806	VGGGPCQERPFHOB-RDBSUJKOSA-N
DB03528	SAM002564191	OIRDTQYFTABQOQ-GAWUUDPSSA-N
DB03606	SAM001246766	HJORMJIFDVBMOB-GFCCVEGCSA-N
DB04145	SAM001246894	MVQVNTPHUGQQHK-UHFFFAOYSA-N
DB04149	SAM001246766	HJORMJIFDVBMOB-LBPRGKRZSA-N
DB04441	SAM002548956	HBUBKKRHXORPQB-UUOKFMHZSA-N
DB04574	SAM001246904	JKKFKPJIXZFSSB-CBZIJGRNSA-N
DB04581	SAM001246858	KKKDZZRICRFGSD-UHFFFAOYSA-N
DB04652	SAM001246879	OMFXVFTZEKFJBZ-HJTSIMOOSA-N
DB04794	SAM001246775	OCAPBUJLXMYKEJ-UHFFFAOYSA-N
DB04820	SAM001246861	NOIIUHRQUVNIDD-UHFFFAOYSA-N
DB04843	SAM002554910	GKNPSSNBBWDAGH-UHFFFAOYSA-N
DB04864	SAM001246851	ZRJBHWIHUMBLCN-YQEJDHNASA-N
DB04896	SAM001247035	GJJFMKBJSRMPLA-UHFFFAOYSA-N
DB04924	SAM001246542	QQQIECGTIMUVDS-UHFFFAOYSA-N
DB04948	SAM001246820	KSMAGQUYOIHWFS-UHFFFAOYSA-N
DB05137	SAM001247050	MXYUKLILVYORSK-HBMCJLEFSA-N
DB05289	SAM001246961	SYTBZMRGLBWNTM-SNVBAGLBSA-N
DB05289	SAM002564209	SYTBZMRGLBWNTM-SNVBAGLBSA-N
DB05351	SAM001246544	MJIHNNLFOKEZEW-RUZDIDTESA-N
DB05420	SAM001246871	ASYYOZSDALANRF-UHFFFAOYSA-K
DB05667	SAM001246983	XMAYWYJOQHXEEK-ZEQKJWHPSA-N
DB06153	SAM001247038	FIADGNVRKBPQEU-UHFFFAOYSA-N
DB06282	SAM001246575	ZKLPARSLTMPFCP-OAQYLSRUSA-N
DB06282	SAM002589989	ZKLPARSLTMPFCP-OAQYLSRUSA-N
DB06288	SAM001246639	NTJOBXMMWNYJFB-UHFFFAOYSA-N
DB06413	SAM001246587	YFGHCGITMMYXAQ-LJQANCHMSA-N
DB06458	SAM001247078	YSGASDXSLKIKOD-UHFFFAOYSA-N
DB06523	SAM002589951	IWUCXVSUMQZMFG-RGDLXGNYSA-N
DB06678	SAM001246659	RONZAEMNMFQXRA-MRXNPFEDSA-N
DB06678	SAM002548934	RONZAEMNMFQXRA-MRXNPFEDSA-N
DB06693	SAM001246644	AJLFOPYRIVGYMJ-INTXDZFKSA-N
DB06697	SAM001246799	SXYIRMFQILZOAM-HVNFFKDJSA-N
DB06710	SAM001246682	GCKMFJBGXUYNAG-HLXURNFRSA-N
DB06711	SAM002554916	CNIIGCLFLJGOGP-UHFFFAOYSA-N
DB06718	SAM001246590	LKAJKIOFIWVMDJ-IYRCEVNGSA-N
DB06735	SAM002699904	GKIRPKYJQBWNGO-OCEACIFDSA-N
DB06762	SAM001246907	IVVNZDGDKPTYHK-UHFFFAOYSA-N
DB06764	SAM002264650	BYJAVTDNIXVSPW-UHFFFAOYSA-N
DB06774	SAM001246970	YKPUWZUDDOIDPM-SOFGYWHQSA-N
DB06777	SAM002264653	RUDATBOHQWOJDD-BSWAIDMHSA-N
DB06795	SAM002589996	TYMRLRRVMHJFTF-UHFFFAOYSA-N
DB06819	SAM002264634	OBKXEAXTFZPCHS-UHFFFAOYSA-N
DB06987	SAM002564193	METKIMKYRPQLGS-GFCCVEGCSA-N
DB07129	SAM002264606	VLPIATFUUWWMKC-SNVBAGLBSA-N
DB07467	SAM002564214	NDDAHWYSQHTHNT-JTQLQIEISA-N
DB07615	SAM001246737	NZHGWWWHIYHZNX-CSKARUKUSA-N
DB07701	SAM001246627	ADEBPBSSDYVVLD-HXUWFJFHSA-N
DB07705	SAM002554898	LEZWWPYKPKIXLL-GOSISDBHSA-N
DB07768	SAM001246921	MUMGGOZAMZWBJJ-KZYORJDKSA-N
DB07768	SAM002548950	MUMGGOZAMZWBJJ-KZYORJDKSA-N
DB08046	SAM002589983	JIVPVXMEBJLZRO-AWEZNQCLSA-N
DB08439	SAM001246773	TZRHLKRLEZJVIJ-UHFFFAOYSA-N
DB08496	SAM002554882	PJVWKTKQMONHTI-OAHLLOKOSA-N
DB08604	SAM002554907	XEFQLINVKFYRCS-UHFFFAOYSA-N
DB08806	SAM001246547	SMTZFNFIKUPEJC-UHFFFAOYSA-N
DB08809	SAM001246870	JXTHNDFMNIQAHM-UHFFFAOYSA-N
DB08826	SAM001247015	TZXKOCQBRNJULO-UHFFFAOYSA-N
DB08860	SAM001246803	VGYFMXBACGZSIL-MCBHFWOFSA-N
DB08918	SAM001247035	GJJFMKBJSRMPLA-DZGCQCFKSA-N
DB08922	SAM001246688	FBVFZWUMDDXLLG-HDICACEKSA-N
DB08941	SAM002554905	BMUKKTUHUDJSNZ-HBUWYVDXSA-N
DB08954	SAM001246980	UYNVMODNBIQBMV-UHFFFAOYSA-N
DB08974	SAM001246685	CPEUVMUXAHMANV-UHFFFAOYSA-N
DB08991	SAM001246891	RHAXSHUQNIEUEY-UHFFFAOYSA-N
DB09010	SAM001246692	AOCCBINRVIKJHY-UHFFFAOYSA-N
DB09023	SAM001246868	IVQOFBKHQCTVQV-UHFFFAOYSA-N
DB09070	SAM001246801	WZDGZWOAQTVYBX-XOINTXKNSA-N
DB09089	SAM001246747	LORDFXWUHHSAQU-UHFFFAOYSA-N
DB09092	SAM001246912	DSFGXPJYDCSWTA-UHFFFAOYSA-N
DB09094	SAM002548978	KOUZYZCESNTXJO-UHFFFAOYSA-N
DB09110	SAM002548937	ZNEWHQLOPFWXOF-UHFFFAOYSA-N
DB09118	SAM001247042	IBLNKMRFIPWSOY-FNORWQNLSA-N
DB09120	SAM001246970	YKPUWZUDDOIDPM-VURMDHGXSA-N
DB09203	SAM001246896	YRCWQPVGYLYSOX-UHFFFAOYSA-N
DB09212	SAM001246594	YMBXTVYHTMGZDW-UHFFFAOYSA-N
DB09213	SAM002264619	HEFNNWSXXWATRW-JTQLQIEISA-N
DB09214	SAM002264620	DKYWVDODHFEZIM-NSHDSACASA-N
DB09220	SAM001246701	LBHIOVVIQHSOQN-UHFFFAOYSA-N
DB09224	SAM001247102	DKMFBWQBDIGMHM-UHFFFAOYSA-N
DB09242	SAM001246764	WPNJAUFVNXKLIM-UHFFFAOYSA-N
DB09256	SAM001246561	WFWLQNSHRPWKFK-UHFFFAOYSA-N
DB09274	SAM001246628	FIHJKUPKCHIPAT-AHIGJZGOSA-N
DB09320	SAM002554920	WHRVRSCEWKLAHX-LQDWTQKMSA-N
DB09320	SAM002564229	WHRVRSCEWKLAHX-LQDWTQKMSA-N
DB09327	SAM001246561	DHMYGZIEILLVNR-UHFFFAOYSA-N
DB09351	SAM001247084	NWIUTZDMDHAVTP-KRWDZBQOSA-N
DB09364	SAM002554920	XRCLWOYOVQUZLE-UHFFFAOYSA-M
DB09389	SAM001246694	WWYNJERNGUHSAO-UHFFFAOYSA-N
DB09477	SAM001246684	LZFZMUMEGBBDTC-QEJZJMRPSA-N
DB09555	SAM001246557	DBAKFASWICGISY-DASCVMRKSA-N
DB09555	SAM001247022	DBAKFASWICGISY-DASCVMRKSA-N
DB11263	SAM001246720	HSTZMXCBWJGKHG-CUYWLFDKSA-N
DB11364	SAM001246762	UUTKICFRNVKFRG-WDSKDSINSA-N
DB11404	SAM001246856	SPFYMRJSYKOXGV-UHFFFAOYSA-N
DB11447	SAM001246855	WJFKNYWRSNBZNX-UHFFFAOYSA-N
DB11478	SAM001246609	DWTTZBARDOXEAM-GXTWGEPZSA-N
DB11622	SAM001246857	OHXPGWPVLFPUSM-KLRNGDHRSA-N
DB11675	SAM001246713	YPELFRMCRYSPKZ-UHFFFAOYSA-N
DB11696	SAM001247060	ODUOJXZPIYUATO-UHFFFAOYSA-N
DB11699	SAM001246576	ZNRGQMMCGHDTEI-ITGUQSILSA-N
DB11749	SAM002264632	FSVJFNAIGNNGKK-KRWDZBQOSA-N
DB11774	SAM001246742	XAGMUUZPGZWTRP-ZETCQYMHSA-N
DB11815	SAM001247049	NTNWOCRCBQPEKQ-YFKPBYRVSA-N
DB11868	SAM001246539	HPHUVLMMVZITSG-UHFFFAOYSA-N
DB12017	SAM001246593	SHZKQBHERIJWAO-AATRIKPKSA-N
DB12025	SAM001246553	DFBIRQPKNDILPW-CIVMWXNOSA-N
DB12052	SAM001246560	TZJALUIVHRYQQB-XLRXWWTNSA-N
DB12092	SAM001246658	HRRBJVNMSRJFHQ-UHFFFAOYSA-N
DB12116	SAM001247031	WMBWREPUVVBILR-WIYYLYMNSA-N
DB12156	SAM001246964	OFEZSBMBBKLLBJ-BAJZRUMYSA-N
DB12173	SAM001247027	HCIBTBXNLVOFER-UHFFFAOYSA-N
DB12179	SAM001246678	PUETUDUXMCLALY-HOTGVXAUSA-N
DB12224	SAM001247016	BMLMGCPTLHPWPY-REOHCLBHSA-N
DB12245	SAM001246681	NQPDXQQQCQDHHW-UHFFFAOYSA-N
DB12319	SAM001246877	WHQCHUCQKNIQEC-UHFFFAOYSA-N
DB12425	SAM003107539	AUYYCJSJGJYCDS-UMVFHIKJSA-N
DB12478	SAM001246994	OQDPVLVUJFGPGQ-UHFFFAOYSA-N
DB12518	SAM001247072	WAOQONBSWFLFPE-VIFPVBQESA-N
DB12610	SAM001247071	DYEFUKCXAQOFHX-UHFFFAOYSA-N
DB12650	SAM001246969	MEZLKOACVSPNER-FDJJMKDCSA-N
DB12650	SAM002589926	MEZLKOACVSPNER-FDJJMKDCSA-N
DB12661	SAM001247001	ICMGLRUYEQNHPF-UHFFFAOYSA-N
DB12665	SAM001246767	OVSQVDMCBVZWGM-QSOFNFLRSA-N
DB12665	SAM001246776	OVSQVDMCBVZWGM-QSOFNFLRSA-N
DB12802	SAM002548978	YJGVMLPVUAXIQN-HAEOHBJNSA-N
DB12831	SAM001246730	YKGYIDJEEQRWQH-UHFFFAOYSA-N
DB12834	SAM001246716	KPQZUUQMTUIKBP-UHFFFAOYSA-N
DB12890	SAM001247083	BGOQGUHWXBGXJW-YOEHRIQHSA-N
DB13026	SAM001246873	IPWKIXLWTCNBKN-UHFFFAOYSA-N
DB13056	SAM001246718	ATCGGEJZONJOCL-UHFFFAOYSA-N
DB13169	SAM001246751	NPAGDVCDWIYMMC-IZPLOLCNSA-N
DB13264	SAM002589954	MEGKRPMNPGTIIG-VNYBMUHKSA-N
DB13266	SAM001246643	UOCJDOLVGGIYIQ-PBFPGSCMSA-N
DB13309	SAM001246739	JTUQXGZRVLWBCR-UHFFFAOYSA-N
DB13354	SAM001246740	CAMYKONBWHRPDD-UHFFFAOYSA-N
DB13411	SAM001246632	SAPNXPWPAUFAJU-UHFFFAOYSA-N
DB13419	SAM001246756	YSIITVVESCNIPR-UHFFFAOYSA-N
DB13443	SAM002564193	METKIMKYRPQLGS-LBPRGKRZSA-N
DB13510	SAM001246680	OWYLAEYXIQKAOL-UHFFFAOYSA-N
DB13547	SAM002589996	ZLYHTQKHXIVMLY-UHFFFAOYSA-N
DB13550	SAM001247052	QSQQPMHPCBLLGX-UHFFFAOYSA-N
DB13576	SAM002554917	NSFYKDVWNTWJOK-UHFFFAOYSA-K
DB13618	SAM001246714	SFBODOKJTYAUCM-UHFFFAOYSA-N
DB13668	SAM001247055	YLUSMKAJIQOXPV-UHFFFAOYSA-N
DB13679	SAM001246557	SOYKEARSMXGVTM-HNNXBMFYSA-N
DB13679	SAM001247022	SOYKEARSMXGVTM-HNNXBMFYSA-N
DB13728	SAM001246616	GGXMRPUKBWXVHE-MIHLVHIWSA-N
DB13759	SAM001246642	QDIYJDPBMZUZEH-UHFFFAOYSA-O
DB13762	SAM001246619	YREYEVIYCVEVJK-RUZDIDTESA-N
DB13772	SAM001246726	NJCJBUHJQLFDSW-UHFFFAOYSA-N
DB13806	SAM001247076	YEJCDKJIEMIWRQ-UHFFFAOYSA-N
DB13812	SAM002554935	SEIRRUDMPNNSCY-UHFFFAOYSA-N
DB13910	SAM002564230	YZDVVHSLIPLZLO-UHFFFAOYSA-K
DB13956	SAM002564206	RSEPBGGWRJCQGY-RBRWEJTLSA-N
DB14055	SAM002554882	PJVWKTKQMONHTI-HNNXBMFYSA-N
DB14065	SAM001246727	JQSAYKKFZOSZGJ-UHFFFAOYSA-N
DB14093	SAM001246921	MUMGGOZAMZWBJJ-JQSYSRDDSA-N
DB14093	SAM002548950	MUMGGOZAMZWBJJ-JQSYSRDDSA-N
DB14486	SAM001246860	JMORAWFVNMGOKQ-MGMRMFRLSA-N
DB14529	SAM002554917	MSPQQAUTCRWLGR-UHFFFAOYSA-K
DB14539	SAM002264618	ALEXXDVDDISNDU-JZYPGELDSA-N
DB14544	SAM002589925	FZCHYNWYXKICIO-FZNHGJLXSA-N
DB14545	SAM002564213	VWQWXZAWFPZJDA-CGVGKPPMSA-N
DB14596	SAM001246630	DMKSVUSAATWOCU-HROMYWEYSA-N
DB14633	SAM001246897	APGDTXUMTIZLCJ-CGVGKPPMSA-N
DB14681	SAM001246882	MFYSYFVPBJMHGN-ZPOLXVRWSA-N
DB14682	SAM001247023	JAQUASYNZVUNQP-PVAVHDDUSA-N
DB14750	SAM001246976	ODQWQRRAPPTVAG-BOPFTXTBSA-N
DB14750	SAM002264608	ODQWQRRAPPTVAG-BOPFTXTBSA-N
DB15130	SAM001246540	FASDKYOPVNHBLU-SSDOTTSWSA-N
DB15130	SAM001247006	FASDKYOPVNHBLU-SSDOTTSWSA-N
DB15410	SAM002564228	JWHAUXFOSRPERK-SFHVURJKSA-N
DB15566	SAM002264635	LRJOMUJRLNCICJ-JZYPGELDSA-N
DB15598	SAM001246871	AHPWLYJHTFAWKI-UHFFFAOYSA-K
