drugbank_id	nmrshiftdb2_id	inchi_key
DB00117	10016969	HNDVDQJCIGZPNO-YFKPBYRVSA-N
DB00117	20025081	HNDVDQJCIGZPNO-YFKPBYRVSA-N
DB00119	20097599	LCTONWCANYUPML-UHFFFAOYSA-N
DB00120	10016961	COLNVLDHVKWLRT-QMMMGPOBSA-N
DB00121	10016328	YBJHBAHKTGYVGT-ZKWXMUAHSA-N
DB00121	75330	YBJHBAHKTGYVGT-ZKWXMUAHSA-N
DB00122	10017762	OEYIOHPDSNJKLS-UHFFFAOYSA-N
DB00123	10016964	KDXKERNSBIXSRK-YFKPBYRVSA-N
DB00123	10025690	KDXKERNSBIXSRK-YFKPBYRVSA-N
DB00123	30095501	KDXKERNSBIXSRK-YFKPBYRVSA-N
DB00123	30095881	KDXKERNSBIXSRK-YFKPBYRVSA-N
DB00125	10009013	ODKSFYDXXFIFQN-BYPYZUCNSA-N
DB00125	20096827	ODKSFYDXXFIFQN-BYPYZUCNSA-N
DB00125	20096896	ODKSFYDXXFIFQN-BYPYZUCNSA-N
DB00125	30095880	ODKSFYDXXFIFQN-BYPYZUCNSA-N
DB00126	10016327	CIWBSHSKHKDKBQ-JLAZNSOCSA-N
DB00126	20097541	CIWBSHSKHKDKBQ-JLAZNSOCSA-N
DB00128	10016965	CKLJMWTZIZZHCS-REOHCLBHSA-N
DB00128	20097654	CKLJMWTZIZZHCS-REOHCLBHSA-N
DB00128	30095861	CKLJMWTZIZZHCS-REOHCLBHSA-N
DB00129	10016971	AHLPHDHHMVZTML-BYPYZUCNSA-N
DB00130	10016968	ZDXPYRJPNDTMRX-VKHMYHEASA-N
DB00131	10016348	UDMBCSSLTHHNCD-KQYNXXCUSA-N
DB00133	10009015	MTCFGRXMJLQNBG-REOHCLBHSA-N
DB00134	30000100	FFEARJCKVFRZRR-BYPYZUCNSA-N
DB00135	10016962	OUYCCCASQSFEME-QMMMGPOBSA-N
DB00138	20097219	LEVWYRKDKASIDU-IMJSIDKUSA-N
DB00139	10008686	KDYFGRWQOYBRFD-UHFFFAOYSA-N
DB00139	20097551	KDYFGRWQOYBRFD-UHFFFAOYSA-N
DB00140	10008589	AUNGANRZJHBGPY-SCRDCRAPSA-N
DB00140	30095494	AUNGANRZJHBGPY-SCRDCRAPSA-N
DB00142	10016967	WHUUTDBJXJRKMK-VKHMYHEASA-N
DB00145	10016953	DHMQDGOQFOQNFH-UHFFFAOYSA-N
DB00149	10016957	ROHFNLRQFUQHCH-YFKPBYRVSA-N
DB00149	20026342	ROHFNLRQFUQHCH-YFKPBYRVSA-N
DB00150	10016970	QIVBCDIJIAJPQS-VIFPVBQESA-N
DB00150	30095883	QIVBCDIJIAJPQS-VIFPVBQESA-N
DB00151	10016955	XUJNEKJLAYXESH-REOHCLBHSA-N
DB00151	30097731	XUJNEKJLAYXESH-REOHCLBHSA-N
DB00155	10009014	RHGKLRLOHDJJDR-BYPYZUCNSA-N
DB00156	10009016	AYFVYJQAPQTCCC-GBXIJSLDSA-N
DB00158	10016349	OVBPIULPVIDEAO-LBPRGKRZSA-N
DB00158	20096834	OVBPIULPVIDEAO-LBPRGKRZSA-N
DB00158	30095884	OVBPIULPVIDEAO-LBPRGKRZSA-N
DB00160	10016954	QNAYBMKLOCPYGJ-REOHCLBHSA-N
DB00161	10008327	KZSNJWFQEVHDMF-BYPYZUCNSA-N
DB00161	20026334	KZSNJWFQEVHDMF-BYPYZUCNSA-N
DB00161	20026335	KZSNJWFQEVHDMF-BYPYZUCNSA-N
DB00165	10018151	LXNHXLLTXMVWPM-UHFFFAOYSA-N
DB00166	10017746	AGBQKNBQESQNJD-SSDOTTSWSA-N
DB00167	10016958	AGPKZVBTJJNPAG-WHFBIAKZSA-N
DB00167	20026338	AGPKZVBTJJNPAG-WHFBIAKZSA-N
DB00170	20097597	MJVAVZPDRWSRRC-UHFFFAOYSA-N
DB00172	10009019	ONIBWKKTOPOVIA-BYPYZUCNSA-N
DB00173	10016329	GFFGJBXGBJISGV-UHFFFAOYSA-N
DB00174	10016966	DCXYFEDJOCDNAF-REOHCLBHSA-N
DB00175	20171581	TUZYXOIXSAXUGO-PZAWKZKUSA-N
DB00176	10018798	CJOFXWAVKWHTFT-XSFVSMFZSA-N
DB00179	20208720	HCZKYJDFEPMADG-TXEJJXNPSA-N
DB00184	10008712	SNICXCGAKADSCV-JTQLQIEISA-N
DB00191	20143233	DHHVAGZRUROJKS-UHFFFAOYSA-N
DB00194	10016342	OIRDTQYFTABQOQ-UHTZMRCNSA-N
DB00196	20246881	RFHAOTPXVQNOHP-UHFFFAOYSA-N
DB00200	20188012	YOZNUFWCRFCGIH-WZHZPDAFSA-K
DB00201	10016316	RYYVLZVUVIJVGH-UHFFFAOYSA-N
DB00202	20209097	AXOIZCJOOAYSMI-UHFFFAOYSA-N
DB00206	30001062	QEVHRUUCFGRFIF-MDEJGZGSSA-N
DB00215	20182136	WSEQXVZVJXJVFP-UHFFFAOYSA-N
DB00233	10008627	WUBBRNOQWQTFEX-UHFFFAOYSA-N
DB00242	10023840	PTOAARAWEBMLNO-KVQBGUIXSA-N
DB00244	20037775	KBOPZPXVLCULAV-UHFFFAOYSA-N
DB00249	20200093	XQFRJNBWHJMXHO-RRKCRQDMSA-N
DB00249	20202497	XQFRJNBWHJMXHO-RRKCRQDMSA-N
DB00252	10021980	CXOFVDLJLONNDW-UHFFFAOYSA-N
DB00255	20200150	RGLYKWWBQGJZGM-ISLYRVAYSA-N
DB00258	10009160	VSGNNIFQASZAOI-UHFFFAOYSA-L
DB00258	30096620	VSGNNIFQASZAOI-UHFFFAOYSA-L
DB00259	10008876	FDDDEECHVMSUSB-UHFFFAOYSA-N
DB00263	77259	NHUHCSRWZMLRLA-UHFFFAOYSA-N
DB00265	89627	DNTGGZPQPQTDQF-XBXARRHUSA-N
DB00277	30095493	ZFXYFBGIUFBOJW-UHFFFAOYSA-N
DB00279	20044845	AUYYCJSJGJYCDS-LBPRGKRZSA-N
DB00295	10017676	BQJCRHHNABKAKU-KBQPJGBKSA-N
DB00301	10022989	UIOFUWFRIANQPC-JKIFEVAISA-N
DB00311	20033074	OUZWUKMCLIBBOG-UHFFFAOYSA-N
DB00313	20200678	NIJJYAXOARWZEE-UHFFFAOYSA-N
DB00316	89614	RZVAJINKPMORJF-UHFFFAOYSA-N
DB00318	10017677	OROGSEYTTFOCAN-DNJOTXNNSA-N
DB00320	20208401	LUZRJRNZXALNLM-JGRZULCMSA-N
DB00323	10021705	MIQPIUSUKVNLNT-UHFFFAOYSA-N
DB00328	20208999	CGIGDMFJXJATDK-UHFFFAOYSA-N
DB00334	10021706	KVWDHTXUZHCGIO-UHFFFAOYSA-N
DB00335	20209081	METKIMKYRPQLGS-UHFFFAOYSA-N
DB00338	10018799	SUBDBMMJDZJVOS-UHFFFAOYSA-N
DB00338	10019144	SUBDBMMJDZJVOS-UHFFFAOYSA-N
DB00338	20032654	SUBDBMMJDZJVOS-UHFFFAOYSA-N
DB00339	20050094	IPEHBUMCGVEMRF-UHFFFAOYSA-N
DB00345	20033073	HSMNQINEKMPTIC-UHFFFAOYSA-N
DB00347	20180581	IRYJRGCIQBGHIV-UHFFFAOYSA-N
DB00356	20146194	TZFWDZFKRBELIQ-UHFFFAOYSA-N
DB00363	20061832	QZUDBNBUXVUHMW-UHFFFAOYSA-N
DB00364	20188012	IPLJAZDIICJQEL-JTJNLBSYSA-A
DB00373	20180414	BLJRIMJGRPQVNF-JTQLQIEISA-N
DB00382	20209083	YLJREFDVOIBQDA-UHFFFAOYSA-N
DB00391	20037386	BGRJTUBHPOOWDU-UHFFFAOYSA-N
DB00396	10016301	RJKFOVLPORLFTN-LEKSSAKUSA-N
DB00397	20039266	DLNKOYKMWOXYQA-CBAPKCEASA-N
DB00406	20053295	LGLFFNDHMLKUMI-UHFFFAOYSA-N
DB00406	30095504	LGLFFNDHMLKUMI-UHFFFAOYSA-N
DB00415	10022991	AVKUERGKIZMTKX-NJBDSQKTSA-N
DB00424	10008977	RKUNBYITZUJHSG-FXUDXRNXSA-N
DB00424	10016309	RKUNBYITZUJHSG-FXUDXRNXSA-N
DB00429	10024064	UMMADZJLZAPZAW-OVXHCKHTSA-N
DB00431	20097234	JLYXXMFPNIAWKQ-GNIYUCBRSA-N
DB00431	20165082	JLYXXMFPNIAWKQ-GNIYUCBRSA-N
DB00437	20025947	OFCNXPDARWKPPY-UHFFFAOYSA-N
DB00451	20041151	XUIIKFGFIJCVMT-LBPRGKRZSA-N
DB00458	20147315	BCGWQEUPMDMJNV-UHFFFAOYSA-N
DB00468	10016314	LOUPRKONTZGTKE-WZBLMQSHSA-N
DB00468	40248436	LOUPRKONTZGTKE-WZBLMQSHSA-N
DB00468	60004827	LOUPRKONTZGTKE-WZBLMQSHSA-N
DB00470	10017748	CYQFCXCEBYINGO-IAGOWNOFSA-N
DB00470	40265338	CYQFCXCEBYINGO-IAGOWNOFSA-N
DB00477	10018056	ZPEIMTDSQAKGNT-UHFFFAOYSA-N
DB00478	20209330	UBCHPRBFMUDMNC-UHFFFAOYSA-N
DB00488	20146930	UUVWYPNAQBNQJQ-UHFFFAOYSA-N
DB00498	10023100	NFBAXHOPROOJAW-UHFFFAOYSA-N
DB00502	20207509	LNEPOXFFQSENCJ-UHFFFAOYSA-N
DB00509	20041151	XUIIKFGFIJCVMT-GFCCVEGCSA-N
DB00513	10008873	SLXKOJJOQWFEFD-UHFFFAOYSA-N
DB00515	20025291	LXZZYRPGZAFOLE-UHFFFAOYSA-L
DB00518	20207369	HXHWSAZORRCQMX-UHFFFAOYSA-N
DB00526	10016797	ZROHGHOFXNOHSO-BNTLRKBRSA-L
DB00526	20055866	ZROHGHOFXNOHSO-BNTLRKBRSA-L
DB00526	20055867	ZROHGHOFXNOHSO-BNTLRKBRSA-L
DB00527	10008929	PUFQVTATUTYEAL-UHFFFAOYSA-N
DB00531	20208437	CMSMOCZEIVJLDB-UHFFFAOYSA-N
DB00544	20027309	GHASVSINZRGABV-UHFFFAOYSA-N
DB00548	10113436	BDJRBEYXGGNYIS-UHFFFAOYSA-N
DB00550	20096866	KNAHARQHSZJURB-UHFFFAOYSA-N
DB00567	10017742	ZAIPMKNFIOOWCQ-UEKVPHQBSA-N
DB00572	10008977	RKUNBYITZUJHSG-SPUOUPEWSA-N
DB00572	10016309	RKUNBYITZUJHSG-SPUOUPEWSA-N
DB00580	20082	LNPDTQAFDNKSHK-UHFFFAOYSA-N
DB00586	20242371	DCOPUUMXTXDBNB-UHFFFAOYSA-N
DB00592	10008641	GLUUGHFHXGJENI-UHFFFAOYSA-N
DB00608	10019311	WHTVZRBIWZFKQO-UHFFFAOYSA-N
DB00609	20208897	AEOCXXJPGCBFJA-UHFFFAOYSA-N
DB00614	75035	PLHJDBGFXBMTGZ-UHFFFAOYSA-N
DB00620	20209220	GFNANZIMVAIWHM-OBYCQNJPSA-N
DB00621	20209315	QSLJIVKCVHQPLV-PEMPUTJUSA-N
DB00624	10016300	MUMGGOZAMZWBJJ-DYKIIFRCSA-N
DB00627	20027733	PVNIIMVLHYAWGP-UHFFFAOYSA-N
DB00632	10008809	NOPFSRXAKWQILS-UHFFFAOYSA-N
DB00635	20126	XOFYZVNMUHMLCC-ZPOLXVRWSA-N
DB00639	20168179	SWLMUYACZKCSHZ-UHFFFAOYSA-N
DB00640	10016342	OIRDTQYFTABQOQ-KQYNXXCUSA-N
DB00641	20142234	RYMZZMVNJRMUDD-HGQWONQESA-N
DB00641	20168321	RYMZZMVNJRMUDD-HGQWONQESA-N
DB00644	10018365	XLXSAKCOAKORKW-UHFFFAOYSA-N
DB00651	20209339	KSCFJBIXMNOVSH-UHFFFAOYSA-N
DB00658	10016941	ZNSIZMQNQCNRBW-UHFFFAOYSA-N
DB00658	10021791	ZNSIZMQNQCNRBW-UHFFFAOYSA-N
DB00668	20123563	UCTWMZQNUQWSLP-VIFPVBQESA-N
DB00668	20200051	UCTWMZQNUQWSLP-VIFPVBQESA-N
DB00668	20200307	UCTWMZQNUQWSLP-VIFPVBQESA-N
DB00674	20062583	ASUTZQLVASHGKV-JDFRZJQESA-N
DB00676	10005811	SESFRYSPDFLNCH-UHFFFAOYSA-N
DB00693	20202498	GNBHRKFJIUUOQI-UHFFFAOYSA-N
DB00696	10017662	XCGSFFUVFURLIX-VFGNJEKYSA-N
DB00712	20207883	SYTBZMRGLBWNTM-UHFFFAOYSA-N
DB00721	10008927	MFDFERRIHVXMIY-UHFFFAOYSA-N
DB00721	10008928	MFDFERRIHVXMIY-UHFFFAOYSA-N
DB00721	76809	MFDFERRIHVXMIY-UHFFFAOYSA-N
DB00726	20147314	ZSCDBOWYZJWBIY-UHFFFAOYSA-N
DB00732	10016715	XXZSQOVSEBAPGS-UHFFFAOYSA-L
DB00733	20209502	JBKPUQTUERUYQE-UHFFFAOYSA-O
DB00736	10018799	SUBDBMMJDZJVOS-DEOSSOPVSA-N
DB00736	10019144	SUBDBMMJDZJVOS-DEOSSOPVSA-N
DB00736	20032654	SUBDBMMJDZJVOS-DEOSSOPVSA-N
DB00742	10005617	FBPFZTCFMRRESA-KVTDHHQDSA-N
DB00747	10017798	STECJAGHUSJQJN-FWXGHANASA-N
DB00759	10016319	OFVLGDICTFRJMM-WESIUVDSSA-N
DB00770	10016350	GMVPRGQOIOIIMI-DWKJAMRDSA-N
DB00772	20209207	JXSJBGJIGXNWCI-UHFFFAOYSA-N
DB00773	20208416	VJJPUSNTGOMMGY-MRVIYFEKSA-N
DB00779	20123603	MHWLWQUZZRMNGJ-UHFFFAOYSA-N
DB00784	20032693	HYYBABOKPJLUIN-UHFFFAOYSA-N
DB00787	20025956	MKUXAQIIEYXACX-UHFFFAOYSA-N
DB00788	20209411	CMWTZPSULFXXJA-VIFPVBQESA-N
DB00789	20208134	IZOOGPBRAOKZFK-UHFFFAOYSA-K
DB00804	20208884	CURUTKGFNZGFSE-UHFFFAOYSA-N
DB00812	10016207	VYMDGNCVAMGZFE-UHFFFAOYSA-N
DB00815	20097653	DBMJMQXJHONAFJ-UHFFFAOYSA-M
DB00818	20040435	OLBCVFGFOZPWHH-UHFFFAOYSA-N
DB00819	20209331	BZKPWHYZMXOIDC-UHFFFAOYSA-N
DB00822	30096629	AUZONCFQVSMFAP-UHFFFAOYSA-N
DB00825	10008950	NOOLISFMXDJSKH-KXUCPTDWSA-N
DB00825	10026411	NOOLISFMXDJSKH-KXUCPTDWSA-N
DB00825	20180049	NOOLISFMXDJSKH-KXUCPTDWSA-N
DB00825	20180529	NOOLISFMXDJSKH-KXUCPTDWSA-N
DB00825	20182362	NOOLISFMXDJSKH-KXUCPTDWSA-N
DB00829	10016206	AAOVKJBEBIDNHE-UHFFFAOYSA-N
DB00834	20208414	VKHAHZOOUSRJNA-GCNJZUOMSA-N
DB00842	20182033	ADIMAYPTOBDMTL-UHFFFAOYSA-N
DB00849	20200886	ALARQZQTBTVLJV-UHFFFAOYSA-N
DB00859	20037726	VVNCNSJFMMFHPL-VKHMYHEASA-N
DB00874	20143234	HSRJKNPTNIJEKV-UHFFFAOYSA-N
DB00891	20202461	GECHUMIMRBOMGK-UHFFFAOYSA-N
DB00895	10016964	IMPVZRLKKKXMKQ-SGDOCVTFSA-N
DB00895	10025690	IMPVZRLKKKXMKQ-SGDOCVTFSA-N
DB00895	30095501	IMPVZRLKKKXMKQ-SGDOCVTFSA-N
DB00895	30095881	IMPVZRLKKKXMKQ-SGDOCVTFSA-N
DB00898	10009222	LFQSCWFLJHTTHZ-UHFFFAOYSA-N
DB00907	10016310	ZPUCINDJVBIVPJ-LJISPDSOSA-N
DB00907	10017613	ZPUCINDJVBIVPJ-LJISPDSOSA-N
DB00908	10016314	LOUPRKONTZGTKE-LHHVKLHASA-N
DB00908	40248436	LOUPRKONTZGTKE-LHHVKLHASA-N
DB00908	60004827	LOUPRKONTZGTKE-LHHVKLHASA-N
DB00915	10006057	DKNWSYNQZKUICI-UHFFFAOYSA-N
DB00927	20207393	XUFQPHANEAPEMJ-UHFFFAOYSA-N
DB00927	20211263	XUFQPHANEAPEMJ-UHFFFAOYSA-N
DB00928	20209750	NMUSYJAQQFHJEW-KVTDHHQDSA-N
DB00936	10008793	YGSDEFSMJLZEOE-UHFFFAOYSA-N
DB00936	20208640	YGSDEFSMJLZEOE-UHFFFAOYSA-N
DB00939	20032692	SBDNJUWAMKYJOX-UHFFFAOYSA-N
DB00945	20038075	BSYNRYMUTXBXSQ-UHFFFAOYSA-N
DB00951	20097187	QRXWMOHMRWLFEY-UHFFFAOYSA-N
DB00952	10021715	AMKVXSZCKVJAGH-UHFFFAOYSA-N
DB00958	20025291	OLESAACUTLOWQZ-UHFFFAOYSA-L
DB00958	20096511	OLESAACUTLOWQZ-UHFFFAOYSA-L
DB00974	10016980	KCXVZYZYPLLWCC-UHFFFAOYSA-N
DB00974	20096498	KCXVZYZYPLLWCC-UHFFFAOYSA-N
DB00975	20208396	IZEKFCXSFNUWAM-UHFFFAOYSA-N
DB00981	20054745	PIJVFDBKTWXHHD-HIFRSBDPSA-N
DB00987	10016346	UHDGCWIWMRVCDJ-CCXZUQQUSA-N
DB00988	20098289	VYFYYTLLBUKUHU-UHFFFAOYSA-N
DB00992	20209092	YUUAYBAIHCDHHD-UHFFFAOYSA-N
DB00995	10016982	AUJRCFUBUPVWSZ-XTZHGVARSA-M
DB00995	10018891	AUJRCFUBUPVWSZ-XTZHGVARSA-M
DB00995	20168717	AUJRCFUBUPVWSZ-XTZHGVARSA-M
DB01008	20198916	COVZYZSDYWQREU-UHFFFAOYSA-N
DB01009	20207463	DKYWVDODHFEZIM-UHFFFAOYSA-N
DB01015	20208059	JLKIGFTWXXRPMT-UHFFFAOYSA-N
DB01023	2611	RZTAMFZIAATZDJ-UHFFFAOYSA-N
DB01026	10018239	XMAYWYJOQHXEEK-UHFFFAOYSA-N
DB01050	20200142	HEFNNWSXXWATRW-UHFFFAOYSA-N
DB01053	10022988	JGSARLDLIJGVTE-MBNYWOFBSA-N
DB01058	20109353	FSVJFNAIGNNGKK-UHFFFAOYSA-N
DB01060	20242183	LSQZJLSUYDQPKJ-NJBDSQKTSA-N
DB01068	20237370	DGBIGWXXNGSACT-UHFFFAOYSA-N
DB01069	20209869	PWWVAXIEGOYWEE-UHFFFAOYSA-N
DB01069	20211288	PWWVAXIEGOYWEE-UHFFFAOYSA-N
DB01092	10008979	LPMXVESGRSUGHW-HBYQJFLCSA-N
DB01093	10016695	IAZDPXIOMUYVGZ-UHFFFAOYSA-N
DB01113	10017664	XQYZDYMELSJDRZ-UHFFFAOYSA-N
DB01123	20200750	WDVSHHCDHLJJJR-UHFFFAOYSA-N
DB01123	20202466	WDVSHHCDHLJJJR-UHFFFAOYSA-N
DB01148	20208561	SPIUTQOUKAMGCX-UHFFFAOYSA-N
DB01148	20211278	SPIUTQOUKAMGCX-UHFFFAOYSA-N
DB01159	20209476	BCQZXOMGPXTTIC-UHFFFAOYSA-N
DB01160	10016352	IYGXEHDCSOYNKY-RZHHZEQLSA-N
DB01160	10024064	IYGXEHDCSOYNKY-RZHHZEQLSA-N
DB01163	10022990	BWWVAEOLVKTZFQ-ISVUSNJMSA-N
DB01174	10017815	DDBREPKUVSBGFI-UHFFFAOYSA-N
DB01175	20182136	WSEQXVZVJXJVFP-FQEVSTJZSA-N
DB01178	20200185	WEQAYVWKMWHEJO-UHFFFAOYSA-N
DB01186	30100190	YEHCICAEULNIGD-MZMPZRCHSA-N
DB01215	20180178	CDCHDCWJMGXXRH-UHFFFAOYSA-N
DB01223	10006311	FQPFAHBPWDRTLU-UHFFFAOYSA-N
DB01223	30095493	FQPFAHBPWDRTLU-UHFFFAOYSA-N
DB01224	20218786	URKOMYMAXPYINW-UHFFFAOYSA-N
DB01230	20201423	NRNCYVBFPDDJNE-UHFFFAOYSA-N
DB01231	20208306	OGAKLTJNUQRZJU-UHFFFAOYSA-N
DB01231	20211238	OGAKLTJNUQRZJU-UHFFFAOYSA-N
DB01235	20039638	WTDRDQBEARUVNC-LURJTMIESA-N
DB01245	20112710	MTCUAOILFDZKCO-UHFFFAOYSA-N
DB01248	20165114	ZDZOTLJHXYCWBA-VCVYQWHSSA-N
DB01248	20168144	ZDZOTLJHXYCWBA-VCVYQWHSSA-N
DB01265	10016347	IQFYYKKMVGJFEH-CSMHCCOUSA-N
DB01275	20202075	RPTUSVTUFVMDQK-UHFFFAOYSA-N
DB01294	10008793	ZREIPSZUJIFJNP-UHFFFAOYSA-K
DB01294	20188012	ZREIPSZUJIFJNP-UHFFFAOYSA-K
DB01294	20208640	ZREIPSZUJIFJNP-UHFFFAOYSA-K
DB01296	20212431	MSWZFWKMSRAUBD-IVMDWMLBSA-N
DB01296	20213218	MSWZFWKMSRAUBD-IVMDWMLBSA-N
DB01303	10017762	RLANKEDHRWMNRO-UHFFFAOYSA-M
DB01327	10025027	MLYYVTUWGNIJIB-BXKDBHETSA-N
DB01346	10016314	YHRUERMOPBDCFD-UHFFFAOYSA-N
DB01346	10017815	YHRUERMOPBDCFD-UHFFFAOYSA-N
DB01346	40248436	YHRUERMOPBDCFD-UHFFFAOYSA-N
DB01346	60004827	YHRUERMOPBDCFD-UHFFFAOYSA-N
DB01351	20200623	VIROVYVQCGLCII-UHFFFAOYSA-N
DB01375	10016909	UGMCXQCYOVCMTB-UHFFFAOYSA-K
DB01375	20188012	UGMCXQCYOVCMTB-UHFFFAOYSA-K
DB01392	10008279	BLGXFZZNTVWLAY-SCYLSFHTSA-N
DB01392	10022931	BLGXFZZNTVWLAY-SCYLSFHTSA-N
DB01394	10017694	IAKHMKGGTNLKSZ-UHFFFAOYSA-N
DB01394	60000009	IAKHMKGGTNLKSZ-UHFFFAOYSA-N
DB01397	10008793	MQHWFIOJQSCFNM-UHFFFAOYSA-L
DB01397	20208640	MQHWFIOJQSCFNM-UHFFFAOYSA-L
DB01400	20200212	ALWKGYPQUAPLQC-UHFFFAOYSA-N
DB01401	10008793	FQCQGOZEWWPOKI-UHFFFAOYSA-K
DB01401	10017762	FQCQGOZEWWPOKI-UHFFFAOYSA-K
DB01401	20208640	FQCQGOZEWWPOKI-UHFFFAOYSA-K
DB01412	20191230	YAPQBXQYLJRXSA-UHFFFAOYSA-N
DB01422	10023347	RJIWZDNTCBHXAL-UHFFFAOYSA-N
DB01428	20112359	DXGLGDHPHMLXJC-UHFFFAOYSA-N
DB01440	20207538	SJZRECIVHVDYJC-UHFFFAOYSA-N
DB01445	20026032	VTTONGPRPXSUTJ-UHFFFAOYSA-N
DB01483	10016205	FTOAOBMCPZCFFF-UHFFFAOYSA-N
DB01483	30095872	FTOAOBMCPZCFFF-UHFFFAOYSA-N
DB01486	20039266	DLNKOYKMWOXYQA-IONNQARKSA-N
DB01488	10017644	DMULVCHRPCFFGV-UHFFFAOYSA-N
DB01494	10009018	ONAOIDNSINNZOA-UHFFFAOYSA-N
DB01494	10024176	ONAOIDNSINNZOA-UHFFFAOYSA-N
DB01495	10024176	ATKXDQOHNICLQW-UHFFFAOYSA-N
DB01539	20181077	WWSAYKJWUZJLRT-UHFFFAOYSA-N
DB01544	20233880	PPTYJKAXVCCBDU-UHFFFAOYSA-N
DB01563	10024176	RNFNDJAIBTYOQL-UHFFFAOYSA-N
DB01567	20233879	ROYOYTLGDLIGBX-UHFFFAOYSA-N
DB01574	20188012	IXWIAFSBWGYQOE-UHFFFAOYSA-M
DB01575	20188012	KGOIAFZMMLWXLM-UHFFFAOYSA-N
DB01582	20208328	ASWVTGNCAZCNNR-UHFFFAOYSA-N
DB01583	20041151	LKYWLLWWYBVUPP-XOCLESOZSA-L
DB01583	20044845	LKYWLLWWYBVUPP-XOCLESOZSA-L
DB01586	10009059	RUDATBOHQWOJDD-UZVSRGJWSA-N
DB01595	20179957	KJONHKAYOJNZEC-UHFFFAOYSA-N
DB01626	20208165	DPWPWRLQFGFJFI-UHFFFAOYSA-N
DB01626	20208813	DPWPWRLQFGFJFI-UHFFFAOYSA-N
DB01631	20025083	IJXHLVMUNBOGRR-UHFFFAOYSA-N
DB01638	10005617	FBPFZTCFMRRESA-JGWLITMVSA-N
DB01642	20202478	HOVAGTYPODGVJG-XUUWZHRGSA-N
DB01642	30095502	HOVAGTYPODGVJG-XUUWZHRGSA-N
DB01646	20200816	XUYPXLNMDZIRQH-LURJTMIESA-N
DB01650	10008842	PMOWTIHVNWZYFI-AATRIKPKSA-N
DB01670	10008913	YKYONYBAUNKHLG-UHFFFAOYSA-N
DB01671	20188012	WMHRYLDWLOGHSG-UHFFFAOYSA-M
DB01672	20035558	GLDQAMYCGOIJDV-UHFFFAOYSA-N
DB01677	10016803	VZCYOOQTPOCHFL-OWOJBTEDSA-N
DB01677	30095503	VZCYOOQTPOCHFL-OWOJBTEDSA-N
DB01677	8411	VZCYOOQTPOCHFL-OWOJBTEDSA-N
DB01687	10026323	GUBGYTABKSRVRQ-PZPXDAEZSA-N
DB01687	10026324	GUBGYTABKSRVRQ-PZPXDAEZSA-N
DB01687	10026325	GUBGYTABKSRVRQ-PZPXDAEZSA-N
DB01688	10008600	IWDCLRJOBJJRNH-UHFFFAOYSA-N
DB01692	20097221	VHJLVAABSRFDPM-ZXZARUISSA-N
DB01694	10008687	FEWJPZIEWOKRBE-LWMBPPNESA-N
DB01694	20097650	FEWJPZIEWOKRBE-LWMBPPNESA-N
DB01701	20026252	KNKRKFALVUDBJE-GSVOUGTGSA-N
DB01702	20039580	CFFZDZCDUFSOFZ-UHFFFAOYSA-N
DB01718	20097206	RLGQACBPNDBWTB-UHFFFAOYSA-N
DB01726	10008619	CDAWCLOXVUBKRW-UHFFFAOYSA-N
DB01735	20208747	ASBJGPTTYPEMLP-UWTATZPHSA-N
DB01738	20200027	SUHOOTKUPISOBE-UHFFFAOYSA-N
DB01739	10016958	AGPKZVBTJJNPAG-UHNVWZDZSA-N
DB01739	20026338	AGPKZVBTJJNPAG-UHNVWZDZSA-N
DB01744	20253146	DSSYKIVIOFKYAU-XCBNKYQSSA-N
DB01746	10016957	ROHFNLRQFUQHCH-RXMQYKEDSA-N
DB01746	20026342	ROHFNLRQFUQHCH-RXMQYKEDSA-N
DB01749	10008639	XTHFKEDIFFGKHM-UHFFFAOYSA-N
DB01758	20123975	UQTZMGFTRHFAAM-ZETCQYMHSA-N
DB01759	20182546	BEJNERDRQOWKJM-UHFFFAOYSA-N
DB01760	20182207	NTOPKICPEQUPPH-UHFFFAOYSA-N
DB01775	10024505	RXKJFZQQPQGTFL-UHFFFAOYSA-N
DB01776	10008599	RLSSMJSEOOYNOY-UHFFFAOYSA-N
DB01783	20097171	GHOKWGTUZJEAQD-ZETCQYMHSA-N
DB01783	20249095	GHOKWGTUZJEAQD-ZETCQYMHSA-N
DB01786	10016954	QNAYBMKLOCPYGJ-UWTATZPHSA-N
DB01795	20027399	HXITXNWTGFUOAU-UHFFFAOYSA-N
DB01796	20032289	GJAWHXHKYYXBSV-UHFFFAOYSA-N
DB01804	20026355	RQVLGLPAZTUBKX-GSVOUGTGSA-N
DB01811	90698	SGNZYJXNUURYCH-UHFFFAOYSA-N
DB01819	10017745	DTBNBXWJWCWCIK-UHFFFAOYSA-N
DB01822	20209864	YPGMOWHXEQDBBV-IMJSIDKUSA-N
DB01822	20211283	YPGMOWHXEQDBBV-IMJSIDKUSA-N
DB01828	10016917	BAVYZALUXZFZLV-UHFFFAOYSA-N
DB01839	8115	DNIAPMSPPWPWGF-UHFFFAOYSA-N
DB01844	10009017	ZMXDDKWLCZADIW-UHFFFAOYSA-N
DB01851	30095865	DZLFLBLQUQXARW-UHFFFAOYSA-N
DB01852	60005037	IYRMWMYZSQPJKC-UHFFFAOYSA-N
DB01856	10016799	WLJVNTCWHIRURA-UHFFFAOYSA-N
DB01861	10022021	HSCJRCZFDFQWRP-JZMIEXBBSA-N
DB01874	10022547	QQXLDOJGLXJCSE-KNVOCYPGSA-N
DB01878	10005796	RWCCWEUUXYIKHB-UHFFFAOYSA-N
DB01880	20039649	QAIPRVGONGVQAS-DUXPYHPUSA-N
DB01902	20200088	GHAZCVNUKKZTLG-UHFFFAOYSA-N
DB01912	20027673	XTQMQLRZXBEQCS-UHFFFAOYSA-M
DB01917	10006310	KIDHWZJUCRJVML-UHFFFAOYSA-N
DB01919	10016746	HGBOYTHUEUWSSQ-UHFFFAOYSA-N
DB01924	20035488	VDEUYMSGMPQMIK-UHFFFAOYSA-N
DB01927	10015933	WAMKWBHYPYBEJY-UHFFFAOYSA-N
DB01936	10026614	HMFHBZSHGGEWLO-MBMOQRBOSA-N
DB01936	10026740	HMFHBZSHGGEWLO-MBMOQRBOSA-N
DB01942	19790	BDAGIHXWWSANSR-UHFFFAOYSA-N
DB01955	10005612	WERYXYBDKMZEQL-UHFFFAOYSA-N
DB01956	20107080	XOAAWQZATWQOTB-UHFFFAOYSA-N
DB01956	20107083	XOAAWQZATWQOTB-UHFFFAOYSA-N
DB01957	10015948	HORNXRXVQWOLPJ-UHFFFAOYSA-N
DB01961	20201462	UOOOPKANIPLQPU-XVFCMESISA-N
DB01972	20200284	RQFCJASXJCIDSX-UUOKFMHZSA-N
DB01972	20202120	RQFCJASXJCIDSX-UUOKFMHZSA-N
DB01976	20198986	YUENFNPLGJCNRB-UHFFFAOYSA-N
DB01979	20202478	HOVAGTYPODGVJG-VEIUFWFVSA-N
DB01979	30095502	HOVAGTYPODGVJG-VEIUFWFVSA-N
DB01986	20040717	SLDLVGFPFFLYBM-UHFFFAOYSA-N
DB01996	20027594	ITQTTZVARXURQS-UHFFFAOYSA-N
DB02010	2233	HKSZLNNOFSGOKW-FYTWVXJKSA-N
DB02010	88876	HKSZLNNOFSGOKW-FYTWVXJKSA-N
DB02013	20188012	RZHWLGRUSMSXRP-UHFFFAOYSA-N
DB02024	20096530	XMIIGOLPHOKFCH-UHFFFAOYSA-N
DB02045	30096243	DPBLXKKOBLCELK-UHFFFAOYSA-N
DB02054	10024841	XFDUHJPVQKIXHO-UHFFFAOYSA-N
DB02055	20143229	IPRJXAGUEGOFGG-UHFFFAOYSA-N
DB02060	10005716	JHIVVAPYMSGYDF-UHFFFAOYSA-N
DB02061	10026323	GUBGYTABKSRVRQ-CUHNMECISA-N
DB02061	10026324	GUBGYTABKSRVRQ-CUHNMECISA-N
DB02061	10026325	GUBGYTABKSRVRQ-CUHNMECISA-N
DB02074	10016780	LDHQCZJRKDOVOX-NSCUHMNNSA-N
DB02074	10016781	LDHQCZJRKDOVOX-NSCUHMNNSA-N
DB02083	10016972	FFDGPVCHZBVARC-UHFFFAOYSA-N
DB02083	20202116	FFDGPVCHZBVARC-UHFFFAOYSA-N
DB02095	10006008	JXDYKVIHCLTXOP-UHFFFAOYSA-N
DB02097	10016346	UHDGCWIWMRVCDJ-XVFCMESISA-N
DB02100	20202478	HOVAGTYPODGVJG-PZRMXXKTSA-N
DB02100	30095502	HOVAGTYPODGVJG-PZRMXXKTSA-N
DB02103	10023841	FNLILOONPKMGST-NTSWFWBYSA-N
DB02107	20026488	UNBMPKNTYKDYCG-ZCFIWIBFSA-N
DB02114	20055894	LRTFPLFDLJYEKT-UHFFFAOYSA-N
DB02121	20200102	DNSISZSEWVHGLH-UHFFFAOYSA-N
DB02130	20039583	WKOLLVMJNQIZCI-UHFFFAOYSA-M
DB02134	20191749	LRFVTYWOQMYALW-UHFFFAOYSA-N
DB02145	10016622	LRHPLDYGYMQRHN-UHFFFAOYSA-N
DB02159	8115	DNIAPMSPPWPWGF-GSVOUGTGSA-N
DB02163	10023592	VOWZNBNDMFLQGM-UHFFFAOYSA-N
DB02165	20188012	JKKHGFKPEJPPQG-UHFFFAOYSA-N
DB02174	10016968	ZDXPYRJPNDTMRX-GSVOUGTGSA-N
DB02175	10005915	OFOBLEOULBTSOW-UHFFFAOYSA-N
DB02175	20112701	OFOBLEOULBTSOW-UHFFFAOYSA-N
DB02176	10009160	QWSOAYZXYZDDPB-UHFFFAOYSA-M
DB02176	30096620	QWSOAYZXYZDDPB-UHFFFAOYSA-M
DB02178	10024902	DTUQWGWMVIHBKE-UHFFFAOYSA-N
DB02184	20097221	VHJLVAABSRFDPM-QWWZWVQMSA-N
DB02185	20147313	GDNZNIJPBQATCZ-SECBINFHSA-N
DB02192	10005788	WRMNZCZEMHIOCP-UHFFFAOYSA-N
DB02198	10024484	KDPAWGWELVVRCH-UHFFFAOYSA-N
DB02201	10005915	OFOBLEOULBTSOW-UHFFFAOYSA-L
DB02201	20112701	OFOBLEOULBTSOW-UHFFFAOYSA-L
DB02202	10008581	PUPZLCDOIYMWBV-BYPYZUCNSA-N
DB02203	20096839	MWFMGBPGAXYFAR-UHFFFAOYSA-N
DB02207	20182477	PQCAUHUKTBHUSA-UHFFFAOYSA-N
DB02210	20097248	XXMIOPMDWAUFGU-UHFFFAOYSA-N
DB02216	20200239	IDIDJDIHTAOVLG-VKHMYHEASA-N
DB02232	10015977	YCIMNLLNPGFGHC-UHFFFAOYSA-N
DB02239	10008922	JOOXCMJARBKPKM-UHFFFAOYSA-N
DB02249	20096504	ZNQVEEAIQZEUHB-UHFFFAOYSA-N
DB02252	20036225	SNHMUERNLJLMHN-UHFFFAOYSA-N
DB02262	20027358	PXQPEWDEAKTCGB-UHFFFAOYSA-N
DB02279	10008629	FAQJJMHZNSSFSM-UHFFFAOYSA-N
DB02280	10005707	IWYDHOAUDWTVEP-SSDOTTSWSA-N
DB02282	20231623	WUUGFSXJNOTRMR-IOSLPCCCSA-N
DB02296	10008667	PHTQWCKDNZKARW-UHFFFAOYSA-N
DB02311	19872	OTKFCIVOVKCFHR-LURJTMIESA-N
DB02325	10016625	KFZMGEQAYNKOFK-UHFFFAOYSA-N
DB02327	10017394	ZIBGPFATKBEMQZ-UHFFFAOYSA-N
DB02332	10017709	VWWQXMAJTJZDQX-UYBVJOGSSA-O
DB02335	20051808	REGFWZVTTFGQOJ-UHFFFAOYSA-N
DB02362	10008624	ALYNCZNDIQEVRV-UHFFFAOYSA-N
DB02362	20039690	ALYNCZNDIQEVRV-UHFFFAOYSA-N
DB02365	20127648	DGEZNRSVGBDHLK-UHFFFAOYSA-N
DB02373	20188012	FJSJQPRHXPUMLC-LRDMJOKZSA-L
DB02377	10025984	UYTPUPDQBNUYGX-UHFFFAOYSA-N
DB02379	20027186	WQZGKKKJIJFFOK-VFUOTHLCSA-N
DB02379	20027187	WQZGKKKJIJFFOK-VFUOTHLCSA-N
DB02379	20077721	WQZGKKKJIJFFOK-VFUOTHLCSA-N
DB02396	30000588	LIWAQLJGPBVORC-UHFFFAOYSA-N
DB02403	20033103	FTZQXOJYPFINKJ-UHFFFAOYSA-N
DB02406	8237	NQPDZGIKBAWPEJ-UHFFFAOYSA-N
DB02412	10016053	DHXVGJBLRPWPCS-UHFFFAOYSA-N
DB02413	20182231	MWFRVMDVLYIXJF-BYPYZUCNSA-N
DB02413	2823	MWFRVMDVLYIXJF-BYPYZUCNSA-N
DB02417	20044829	BSWWXRFVMJHFBN-UHFFFAOYSA-N
DB02418	20097622	OWBTYPJTUOEWEK-ZXZARUISSA-N
DB02421	10022021	HSCJRCZFDFQWRP-NYYOCOOHSA-N
DB02434	20032736	VYTXLSQVYGNWLV-UHFFFAOYSA-N
DB02435	20055880	AVKNGPAMCBSNSO-UHFFFAOYSA-O
DB02453	20188012	SZOADBKOANDULT-UHFFFAOYSA-K
DB02464	10005704	WGQKYBSKWIADBV-UHFFFAOYSA-N
DB02486	20209755	KYNFOMQIXZUKRK-UHFFFAOYSA-N
DB02494	20033059	VOXXWSYKYCBWHO-QMMMGPOBSA-N
DB02509	10016283	CRDAMVZIKSXKFV-FBXUGWQNSA-N
DB02513	10008971	MGSRCZKZVOBKFT-UHFFFAOYSA-N
DB02515	20097251	AWUCVROLDVIAJX-GSVOUGTGSA-N
DB02517	10016967	WHUUTDBJXJRKMK-GSVOUGTGSA-N
DB02520	30096992	LMBWSYZSUOEYSN-UHFFFAOYSA-N
DB02530	10008874	BTCSSZJGUNDROE-UHFFFAOYSA-N
DB02531	10016777	KQNPFQTWMSNSAP-UHFFFAOYSA-N
DB02531	20209491	KQNPFQTWMSNSAP-UHFFFAOYSA-N
DB02534	10008774	QIRNGVVZBINFMX-UHFFFAOYSA-N
DB02541	10024062	BLFRQYKZFKYQLO-UHFFFAOYSA-O
DB02556	10016961	COLNVLDHVKWLRT-MRVPVSSYSA-N
DB02561	60000014	LKDRXBCSQODPBY-FSIIMWSLSA-N
DB02561	60000015	LKDRXBCSQODPBY-FSIIMWSLSA-N
DB02576	10024069	HXKKHQJGJAFBHI-VKHMYHEASA-O
DB02579	10016779	NIXOWILDQLNWCW-UHFFFAOYSA-N
DB02587	20177307	OHCQJHSOBUTRHG-KGGHGJDLSA-N
DB02591	20132890	LJUQGASMPRMWIW-UHFFFAOYSA-N
DB02606	10008032	BTANRVKWQNVYAZ-SCSAIBSYSA-N
DB02643	20209257	IZWSFJTYBVKZNK-UHFFFAOYSA-O
DB02650	10016749	HFFLGKNGCAIQMO-UHFFFAOYSA-N
DB02655	10016965	CKLJMWTZIZZHCS-UWTATZPHSA-N
DB02655	20097654	CKLJMWTZIZZHCS-UWTATZPHSA-N
DB02655	30095861	CKLJMWTZIZZHCS-UWTATZPHSA-N
DB02659	10007817	BHQCQFFYRZLCQQ-OELDTZBJSA-N
DB02664	30001273	QPKFVRWIISEVCW-UHFFFAOYSA-N
DB02671	9750	MCTWTZJPVLRJOU-UHFFFAOYSA-O
DB02678	20212431	MSWZFWKMSRAUBD-VFUOTHLCSA-N
DB02678	20213218	MSWZFWKMSRAUBD-VFUOTHLCSA-N
DB02680	20037717	WDCYWAQPCXBPJA-UHFFFAOYSA-N
DB02693	20209864	YPGMOWHXEQDBBV-QWWZWVQMSA-N
DB02693	20211283	YPGMOWHXEQDBBV-QWWZWVQMSA-N
DB02701	20027731	DFPAKSUCGFBDDF-UHFFFAOYSA-N
DB02709	20191697	LUKBXSAWLPMMSZ-OWOJBTEDSA-N
DB02709	21968	LUKBXSAWLPMMSZ-OWOJBTEDSA-N
DB02712	10022999	LXANPKRCLVQAOG-NSHDSACASA-N
DB02713	10016977	OKJIRPAQVSHGFK-UHFFFAOYSA-N
DB02721	20209134	LLNQWPTUJJYTTE-UHFFFAOYSA-N
DB02736	10016739	DLFVBJFMPXGRIB-UHFFFAOYSA-N
DB02743	10026323	GUBGYTABKSRVRQ-WWZHPTPQSA-N
DB02743	10026324	GUBGYTABKSRVRQ-WWZHPTPQSA-N
DB02743	10026325	GUBGYTABKSRVRQ-WWZHPTPQSA-N
DB02745	10016345	DRTQHJPVMGBUCF-XVFCMESISA-N
DB02746	10021260	XNGIFLGASWRNHJ-UHFFFAOYSA-N
DB02746	20096512	XNGIFLGASWRNHJ-UHFFFAOYSA-N
DB02749	20044524	CYIDZMCFTVVTJO-UHFFFAOYSA-N
DB02750	10016955	OMYFBIZVJYGJJA-YBBRRFGFSA-M
DB02750	30097731	OMYFBIZVJYGJJA-YBBRRFGFSA-M
DB02757	10016221	WTKZEGDFNFYCGP-UHFFFAOYSA-N
DB02758	75417	GOLXRNDWAUTYKT-UHFFFAOYSA-N
DB02768	30000242	RUPAXCPQAAOIPB-UHFFFAOYSA-N
DB02772	10017706	CZMRCDWAGMRECN-UGDNZRGBSA-N
DB02772	10026322	CZMRCDWAGMRECN-UGDNZRGBSA-N
DB02774	10016663	YPFDHNVEDLHUCE-UHFFFAOYSA-N
DB02788	10008966	ROWKJAVDOGWPAT-VKHMYHEASA-N
DB02795	10024826	ZEYHEAKUIGZSGI-UHFFFAOYSA-N
DB02806	10008674	XNWFRZJHXBZDAG-UHFFFAOYSA-N
DB02811	20000202	MJUJXFBTEFXVKU-UHFFFAOYSA-N
DB02822	20201330	VEDDBHYQWFOITD-UHFFFAOYSA-N
DB02823	20208318	XUYJLQHKOGNDPB-UHFFFAOYSA-N
DB02831	30000818	NBIIXXVUZAFLBC-UHFFFAOYSA-M
DB02839	20035560	UIAFKZKHHVMJGS-UHFFFAOYSA-N
DB02846	20171100	DZLNHFMRPBPULJ-VKHMYHEASA-N
DB02853	10009019	ONIBWKKTOPOVIA-SCSAIBSYSA-N
DB02857	10016344	NYHBQMYGNKIUIF-UUOKFMHZSA-N
DB02857	20096533	NYHBQMYGNKIUIF-UUOKFMHZSA-N
DB02866	20199035	TYNBFJJKZPTRKS-UHFFFAOYSA-N
DB02891	20209234	DQJCHOQLCLEDLL-UHFFFAOYSA-N
DB02893	30000100	FFEARJCKVFRZRR-SCSAIBSYSA-N
DB02901	20059206	NVKAWKQGWWIWPM-ABEVXSGRSA-N
DB02935	10016687	SBZXBUIDTXKZTM-UHFFFAOYSA-N
DB02938	10008718	MNWFXJYAOYHMED-UHFFFAOYSA-N
DB02938	20112726	MNWFXJYAOYHMED-UHFFFAOYSA-N
DB02952	20096820	FUOOLUPWFVMBKG-UHFFFAOYSA-N
DB02955	10009331	WBHHMMIMDMUBKC-QJWNTBNXSA-N
DB02955	20200913	WBHHMMIMDMUBKC-QJWNTBNXSA-N
DB02962	10016243	HYZJCKYKOHLVJF-UHFFFAOYSA-N
DB02967	10009837	HDFGOPSGAURCEO-UHFFFAOYSA-N
DB02969	20146176	BKAWJIRCKVUVED-UHFFFAOYSA-N
DB02970	20209347	WKURVXXDGMYSDP-UHFFFAOYSA-N
DB02994	20200266	OGGXGZAMXPVRFZ-UHFFFAOYSA-N
DB02995	10005734	PAFZNILMFXTMIY-UHFFFAOYSA-O
DB03001	20171961	UYRDHEJRPVSJFM-VSWVFQEASA-N
DB03001	20172363	UYRDHEJRPVSJFM-VSWVFQEASA-N
DB03001	20176106	UYRDHEJRPVSJFM-VSWVFQEASA-N
DB03017	10008731	POULHZVOKOAJMA-UHFFFAOYSA-N
DB03018	10023587	DOLQYFPDPKPQSS-UHFFFAOYSA-N
DB03040	20097608	MGFYIUFZLHCRTH-UHFFFAOYSA-N
DB03040	20200728	MGFYIUFZLHCRTH-UHFFFAOYSA-N
DB03051	20209478	UJJLJRQIPMGXEZ-SCSAIBSYSA-N
DB03054	10011077	DIKBFYAXUHHXCS-UHFFFAOYSA-N
DB03056	20037706	QDVBKXJMLILLLB-UHFFFAOYSA-N
DB03058	20044904	VYFOAVADNIHPTR-UHFFFAOYSA-N
DB03066	8113	JVTAAEKCZFNVCJ-UWTATZPHSA-N
DB03073	20209016	VKPLPDIMEREJJF-UHFFFAOYSA-N
DB03085	10016795	AEMRFAOFKBGASW-UHFFFAOYSA-N
DB03085	30095860	AEMRFAOFKBGASW-UHFFFAOYSA-N
DB03087	20045953	MHJSWOZJMPIGJQ-ZCFIWIBFSA-N
DB03088	20031175	ODHCTXKNWHHXJC-VKHMYHEASA-N
DB03095	20045262	QEMXHQIAXOOASZ-UHFFFAOYSA-N
DB03096	89238	RWIVICVCHVMHMU-UHFFFAOYSA-N
DB03100	10023350	ORZRMRUXSPNQQL-UHFFFAOYSA-N
DB03106	10026409	CDAISMWEOUEBRE-CDRYSYESSA-N
DB03106	10026410	CDAISMWEOUEBRE-CDRYSYESSA-N
DB03107	10016956	UCMIRNVEIXFBKS-UHFFFAOYSA-N
DB03110	10005931	ISPYQTSUDJAMAB-UHFFFAOYSA-N
DB03120	10008880	JOXIMZWYDAKGHI-UHFFFAOYSA-N
DB03127	20213318	PXXJHWLDUBFPOL-UHFFFAOYSA-O
DB03128	10016952	OIPILFWXSMYKGL-UHFFFAOYSA-N
DB03128	10017763	OIPILFWXSMYKGL-UHFFFAOYSA-N
DB03132	20145862	XBNHRNFODJOFRU-UHFFFAOYSA-N
DB03142	10026614	HMFHBZSHGGEWLO-QMKXCQHVSA-N
DB03142	10026740	HMFHBZSHGGEWLO-QMKXCQHVSA-N
DB03143	10008654	ZWRUINPWMLAQRD-UHFFFAOYSA-N
DB03147	10017709	VWWQXMAJTJZDQX-UYBVJOGSSA-N
DB03166	10009160	QTBSBXVTEAMEQO-UHFFFAOYSA-N
DB03166	30096620	QTBSBXVTEAMEQO-UHFFFAOYSA-N
DB03175	10008030	BDERNNFJNOPAEC-UHFFFAOYSA-N
DB03177	20032664	RWXZXCZBMQPOBF-UHFFFAOYSA-N
DB03180	20035533	XSZYBMMYQCYIPC-UHFFFAOYSA-N
DB03193	10016909	QIQXTHQIDYTFRH-UHFFFAOYSA-N
DB03196	20224233	DUYYBTBDYZXISX-UKKRHICBSA-N
DB03201	10016955	XUJNEKJLAYXESH-UWTATZPHSA-N
DB03201	30097731	XUJNEKJLAYXESH-UWTATZPHSA-N
DB03210	20207478	WXOHKMNWMKZMND-UHFFFAOYSA-N
DB03214	20026355	RQVLGLPAZTUBKX-VKHMYHEASA-N
DB03225	10016970	QIVBCDIJIAJPQS-SECBINFHSA-N
DB03225	30095883	QIVBCDIJIAJPQS-SECBINFHSA-N
DB03226	10008931	RHQDFWAXVIIEBN-UHFFFAOYSA-N
DB03238	20208033	KQOIBXZRCYFZSO-UHFFFAOYSA-N
DB03246	10026614	HMFHBZSHGGEWLO-KLVWXMOXSA-N
DB03246	10026740	HMFHBZSHGGEWLO-KLVWXMOXSA-N
DB03252	10016964	KDXKERNSBIXSRK-RXMQYKEDSA-N
DB03252	10025690	KDXKERNSBIXSRK-RXMQYKEDSA-N
DB03252	30095501	KDXKERNSBIXSRK-RXMQYKEDSA-N
DB03252	30095881	KDXKERNSBIXSRK-RXMQYKEDSA-N
DB03254	76841	XHLKOHSAWQPOFO-UHFFFAOYSA-N
DB03255	20036223	ISWSIDIOOBJBQZ-UHFFFAOYSA-N
DB03255	20176248	ISWSIDIOOBJBQZ-UHFFFAOYSA-N
DB03260	20097224	NAQMVNRVTILPCV-UHFFFAOYSA-N
DB03260	20111995	NAQMVNRVTILPCV-UHFFFAOYSA-N
DB03274	20037737	FDCFKLBIAIKUKB-GKROBHDKSA-N
DB03278	10005614	UNXHWFMMPAWVPI-IMJSIDKUSA-N
DB03285	10017704	DXDRHHKMWQZJHT-FPYGCLRLSA-N
DB03298	20198909	CMPQUABWPXYYSH-UHFFFAOYSA-N
DB03301	20200723	WREVCRYZAWNLRZ-UHFFFAOYSA-N
DB03313	10016324	HOKIDJSKDBPKTQ-GLXFQSAKSA-N
DB03313	10017743	HOKIDJSKDBPKTQ-GLXFQSAKSA-N
DB03313	10023003	HOKIDJSKDBPKTQ-GLXFQSAKSA-N
DB03316	10016061	RYHBNJHYFVUHQT-UHFFFAOYSA-N
DB03320	10016975	PECYZEOJVXMISF-REOHCLBHSA-O
DB03323	10026323	GUBGYTABKSRVRQ-PICCSMPSSA-N
DB03323	10026324	GUBGYTABKSRVRQ-PICCSMPSSA-N
DB03323	10026325	GUBGYTABKSRVRQ-PICCSMPSSA-N
DB03335	10024481	WEGOLYBUWCMMMY-VKHMYHEASA-N
DB03339	76874	QGCCNWSXJHGUNL-UHFFFAOYSA-N
DB03345	10016661	DGVVWUTYPXICAM-UHFFFAOYSA-N
DB03347	10016985	DQWPFSLDHJDLRL-UHFFFAOYSA-N
DB03350	20025291	DYLMFCCYOUSRTK-UHFFFAOYSA-N
DB03357	10005707	IWYDHOAUDWTVEP-ZETCQYMHSA-N
DB03360	30101776	GNMSLDIYJOSUSW-LURJTMIESA-N
DB03366	10008798	RAXXELZNTBOGNW-UHFFFAOYSA-N
DB03385	20026185	XLSZMDLNRCVEIJ-UHFFFAOYSA-N
DB03385	20035833	XLSZMDLNRCVEIJ-UHFFFAOYSA-N
DB03389	10026405	SRBFZHDQGSBBOR-LECHCGJUSA-N
DB03389	10026406	SRBFZHDQGSBBOR-LECHCGJUSA-N
DB03389	20027188	SRBFZHDQGSBBOR-LECHCGJUSA-N
DB03400	20145806	LDYGRLNSOKABMM-UHFFFAOYSA-N
DB03407	20123554	XJNPNXSISMKQEX-UHFFFAOYSA-N
DB03410	20146986	VXIXUWQIVKSKSA-UHFFFAOYSA-N
DB03411	20221381	OQEBIHBLFRADNM-YUPRTTJUSA-N
DB03411	20221451	OQEBIHBLFRADNM-YUPRTTJUSA-N
DB03419	10016331	ISAKRJDGNUQOIC-UHFFFAOYSA-N
DB03434	20112729	DVLFYONBTKHTER-UHFFFAOYSA-N
DB03454	20035578	PGSWEKYNAOWQDF-UHFFFAOYSA-N
DB03462	10016337	RWQNBRDOKXIBIV-UHFFFAOYSA-N
DB03492	10022053	LHAHECCJWGXHOW-UHFFFAOYSA-N
DB03499	10016805	BJEPYKJPYRNKOW-UWTATZPHSA-N
DB03499	20096818	BJEPYKJPYRNKOW-UWTATZPHSA-N
DB03501	10022021	HSCJRCZFDFQWRP-ABVWGUQPSA-N
DB03512	20188012	JSPAHXDHRUTBDP-VKTKOMAXSA-L
DB03528	10016342	OIRDTQYFTABQOQ-GAWUUDPSSA-N
DB03540	10015818	KPMKEVXVVHNIEY-NTSWFWBYSA-N
DB03553	10016798	JFCQEDHGNNZCLN-UHFFFAOYSA-N
DB03554	20027312	KSNXJLQDQOIRIP-UHFFFAOYSA-N
DB03559	74266	SWGXDLRCJNEEGZ-UHFFFAOYSA-N
DB03560	10005739	RGHHSNMVTDWUBI-UHFFFAOYSA-N
DB03564	20050117	SVTBMSDMJJWYQN-YFKPBYRVSA-N
DB03568	10008029	FERIUCNNQQJTOY-UHFFFAOYSA-N
DB03568	20097655	FERIUCNNQQJTOY-UHFFFAOYSA-N
DB03588	20208007	PYHXGXCGESYPCW-UHFFFAOYSA-N
DB03590	20200021	GMKMEZVLHJARHF-WHFBIAKZSA-N
DB03594	10016223	NSPMIYGKQJPBQR-UHFFFAOYSA-N
DB03594	10016227	NSPMIYGKQJPBQR-UHFFFAOYSA-N
DB03600	10008813	GHVNFZFCNZKVNT-UHFFFAOYSA-N
DB03610	20208764	BAYGVMXZJBFEMB-UHFFFAOYSA-N
DB03619	10009056	KXGVEGMKQFWNSR-LLQZFEROSA-N
DB03627	10006052	ORILYTVJVMAKLC-YNFQOJQRSA-N
DB03635	10016716	CCIVGXIOQKPBKL-UHFFFAOYSA-N
DB03635	20107078	CCIVGXIOQKPBKL-UHFFFAOYSA-N
DB03644	20037773	WJXSWCUQABXPFS-UHFFFAOYSA-N
DB03651	10015990	OXNIZHLAWKMVMX-UHFFFAOYSA-N
DB03651	20209112	OXNIZHLAWKMVMX-UHFFFAOYSA-N
DB03659	10008675	HQABUPZFAYXKJW-UHFFFAOYSA-N
DB03659	20200921	HQABUPZFAYXKJW-UHFFFAOYSA-N
DB03661	20097217	XVOYSCVBGLVSOL-REOHCLBHSA-N
DB03669	20208942	MWUVGXCUHWKQJE-UHFFFAOYSA-N
DB03680	20116806	ROBFUDYVXSDBQM-UHFFFAOYSA-L
DB03680	20134015	ROBFUDYVXSDBQM-UHFFFAOYSA-L
DB03688	20199057	ALRHLSYJTWAHJZ-UHFFFAOYSA-N
DB03694	75005	FULZLIGZKMKICU-UHFFFAOYSA-N
DB03700	10009016	AYFVYJQAPQTCCC-PWNYCUMCSA-N
DB03728	20036251	XRHGYUZYPHTUJZ-UHFFFAOYSA-N
DB03730	20170940	YXTNRNJPEDJTNF-UHFFFAOYSA-O
DB03733	10932	WSLDOOZREJYCGB-UHFFFAOYSA-N
DB03741	20026349	WLAMNBDJUVNPJU-SCSAIBSYSA-N
DB03750	10018374	GWYFCOCPABKNJV-UHFFFAOYSA-N
DB03750	20097649	GWYFCOCPABKNJV-UHFFFAOYSA-N
DB03754	10024064	LENZDBCJOHFCAS-UHFFFAOYSA-N
DB03766	7994	XBDQKXXYIPTUBI-UHFFFAOYSA-N
DB03779	20213279	HEPUIGACZYVUCD-YZRQSVRMSA-N
DB03783	89616	CPJSUEIXXCENMM-UHFFFAOYSA-N
DB03789	20181071	GIWQSPITLQVMSG-UHFFFAOYSA-O
DB03792	20027314	BISHACNKZIBDFM-UHFFFAOYSA-N
DB03793	10022010	WPYMKLBDIGXBTP-UHFFFAOYSA-N
DB03793	20208071	WPYMKLBDIGXBTP-UHFFFAOYSA-N
DB03811	20045930	ZQISRDCJNBUVMM-YFKPBYRVSA-O
DB03814	20111994	SXGZJKUKBWWHRA-UHFFFAOYSA-N
DB03817	10016976	OGNSCSPNOLGXSM-VKHMYHEASA-N
DB03819	20037762	HBROZNQEVUILML-UHFFFAOYSA-N
DB03836	20096429	XKEFYDZQGKAQCN-UHFFFAOYSA-N
DB03839	10016962	OUYCCCASQSFEME-MRVPVSSYSA-N
DB03840	20188012	QHMVDLPUUJNKGZ-UHFFFAOYSA-N
DB03852	60001993	WEEGYLXZBRQIMU-WAAGHKOSSA-N
DB03854	10016947	VHRGRCVQAFMJIZ-UHFFFAOYSA-N
DB03871	10022053	ZSRBWSVKDUMHBO-UHFFFAOYSA-N
DB03897	10024828	NMHMNPHRMNGLLB-UHFFFAOYSA-N
DB03900	8112	DKGAVHZHDRPRBM-UHFFFAOYSA-N
DB03902	10016797	MUBZPKHOEPUJKR-UHFFFAOYSA-N
DB03904	10016903	XSQUKJJJFZCRTK-UHFFFAOYSA-N
DB03911	10026405	SRBFZHDQGSBBOR-CZBDKTQLSA-N
DB03911	10026406	SRBFZHDQGSBBOR-CZBDKTQLSA-N
DB03911	20027188	SRBFZHDQGSBBOR-CZBDKTQLSA-N
DB03929	10009015	MTCFGRXMJLQNBG-UWTATZPHSA-N
DB03943	10016966	DCXYFEDJOCDNAF-UWTATZPHSA-N
DB03945	20198938	YHHSONZFOIEMCP-UHFFFAOYSA-O
DB03946	20035559	YQUVCSBJEUQKSH-UHFFFAOYSA-N
DB03967	20097653	MOTZDAYCYVMXPC-UHFFFAOYSA-N
DB03989	20027186	WQZGKKKJIJFFOK-IVMDWMLBSA-N
DB03989	20027187	WQZGKKKJIJFFOK-IVMDWMLBSA-N
DB03989	20077721	WQZGKKKJIJFFOK-IVMDWMLBSA-N
DB03993	20026359	FGKJLKRYENPLQH-UHFFFAOYSA-N
DB03994	10008325	HZAXFHJVJLSVMW-UHFFFAOYSA-N
DB03994	20172705	HZAXFHJVJLSVMW-UHFFFAOYSA-N
DB04026	20142310	CYHOMWAPJJPNMW-RNLVFQAGSA-N
DB04027	10009013	ODKSFYDXXFIFQN-SCSAIBSYSA-N
DB04027	20096827	ODKSFYDXXFIFQN-SCSAIBSYSA-N
DB04027	20096896	ODKSFYDXXFIFQN-SCSAIBSYSA-N
DB04027	30095880	ODKSFYDXXFIFQN-SCSAIBSYSA-N
DB04031	20188012	SYKYEBJDHHGBFL-PUAMRSTPSA-M
DB04038	10016304	DNVPQKQSNYMLRS-APGDWVJJSA-N
DB04046	20202478	HOVAGTYPODGVJG-VOQCIKJUSA-N
DB04046	30095502	HOVAGTYPODGVJG-VOQCIKJUSA-N
DB04050	10017078	FFDKYFGBIQQMSR-UHFFFAOYSA-N
DB04051	20207440	BYHDDXPKOZIZRV-UHFFFAOYSA-N
DB04052	20097243	YCOXTKKNXUZSKD-UHFFFAOYSA-N
DB04066	10006420	NGSWKAQJJWESNS-ZZXKWVIFSA-N
DB04066	10018811	NGSWKAQJJWESNS-ZZXKWVIFSA-N
DB04074	20207949	QHKABHOOEWYVLI-UHFFFAOYSA-N
DB04075	20112345	RFMMMVDNIPUKGG-YFKPBYRVSA-N
DB04076	10016330	FDGQSTZJBFJUBT-UHFFFAOYSA-N
DB04076	20096821	FDGQSTZJBFJUBT-UHFFFAOYSA-N
DB04076	20181822	FDGQSTZJBFJUBT-UHFFFAOYSA-N
DB04080	20209334	WWYDYZMNFQIYPT-UHFFFAOYSA-N
DB04094	10016762	LVSQXDHWDCMMRJ-UHFFFAOYSA-N
DB04100	20127648	XCPVAMYUZCTTHM-UHFFFAOYSA-N
DB04104	10018802	FSASIHFSFGAIJM-UHFFFAOYSA-N
DB04110	10021998	SYDNSSSQVSOXTN-UHFFFAOYSA-N
DB04113	20036219	FEWLNYSYJNLUOO-UHFFFAOYSA-N
DB04115	20112709	YBHILYKTIRIUTE-UHFFFAOYSA-N
DB04115	60002118	YBHILYKTIRIUTE-UHFFFAOYSA-N
DB04120	20035579	ZBCATMYQYDCTIZ-UHFFFAOYSA-N
DB04130	20109412	ILMHAGCURJPNRZ-UHFFFAOYSA-N
DB04145	20027618	MVQVNTPHUGQQHK-UHFFFAOYSA-N
DB04151	20128771	BRMWTNUJHUMWMS-LURJTMIESA-N
DB04161	21283	QLNJFJADRCOGBJ-UHFFFAOYSA-N
DB04166	10008784	RWZYAGGXGHYGMB-UHFFFAOYSA-N
DB04167	20246939	KSMRODHGGIIXDV-YFKPBYRVSA-N
DB04173	60000017	RFSUNEUAIZKAJO-AZGQCCRYSA-N
DB04179	10017589	IANQTJSKSUMEQM-UHFFFAOYSA-N
DB04183	19792	ZIYVHBGGAOATLY-UHFFFAOYSA-N
DB04183	20116805	ZIYVHBGGAOATLY-UHFFFAOYSA-N
DB04183	20134016	ZIYVHBGGAOATLY-UHFFFAOYSA-N
DB04183	20134030	ZIYVHBGGAOATLY-UHFFFAOYSA-N
DB04185	10016960	SNDPXSYFESPGGJ-BYPYZUCNSA-N
DB04193	10024112	UKAUYVFTDYCKQA-VKHMYHEASA-N
DB04208	20040374	LHHKQWQTBCTDQM-UHFFFAOYSA-N
DB04216	60005079	REFJWTPEDVJJIY-UHFFFAOYSA-N
DB04224	10008720	ZQPPMHVWECSIRJ-MDZDMXLPSA-N
DB04224	10016910	ZQPPMHVWECSIRJ-MDZDMXLPSA-N
DB04231	10008798	HBZDUNQUBNOQIC-UHFFFAOYSA-N
DB04231	20188012	HBZDUNQUBNOQIC-UHFFFAOYSA-N
DB04242	10024827	FJKROLUGYXJWQN-UHFFFAOYSA-N
DB04242	20096499	FJKROLUGYXJWQN-UHFFFAOYSA-N
DB04250	20199012	AWBGQVBMGBZGLS-UHFFFAOYSA-N
DB04267	20031196	WJJMNDUMQPNECX-UHFFFAOYSA-N
DB04272	10008628	KRKNYBCHXYNGOX-UHFFFAOYSA-N
DB04272	20207394	KRKNYBCHXYNGOX-UHFFFAOYSA-N
DB04272	20209106	KRKNYBCHXYNGOX-UHFFFAOYSA-N
DB04286	10026405	SRBFZHDQGSBBOR-TXICZTDVSA-N
DB04286	10026406	SRBFZHDQGSBBOR-TXICZTDVSA-N
DB04286	20027188	SRBFZHDQGSBBOR-TXICZTDVSA-N
DB04299	10016803	VZCYOOQTPOCHFL-UPHRSURJSA-N
DB04299	30095503	VZCYOOQTPOCHFL-UPHRSURJSA-N
DB04299	8411	VZCYOOQTPOCHFL-UPHRSURJSA-N
DB04304	20097591	RGHNJXZEOKUKBD-QTBDOELSSA-N
DB04311	20207313	AGNFWIZBEATIAK-UHFFFAOYSA-N
DB04325	20032292	BHHGXPLMPWCGHP-UHFFFAOYSA-N
DB04329	10016255	AWJUIBRHMBBTKR-UHFFFAOYSA-N
DB04335	10016343	UGQMRVRMYYASKQ-KQYNXXCUSA-N
DB04335	30095882	UGQMRVRMYYASKQ-KQYNXXCUSA-N
DB04337	10021859	ZRKSVHFXTRFQFL-UHFFFAOYSA-N
DB04349	8115	DNIAPMSPPWPWGF-VKHMYHEASA-N
DB04351	10008882	GTZCVFVGUGFEME-IWQZZHSRSA-K
DB04360	20208378	YNCYPMUJDDXIRH-UHFFFAOYSA-N
DB04364	10008966	ROWKJAVDOGWPAT-GSVOUGTGSA-N
DB04365	10024286	HJJPJSXJAXAIPN-UHFFFAOYSA-N
DB04381	10015860	MLUCVPSAIODCQM-NSCUHMNNSA-N
DB04381	20042189	MLUCVPSAIODCQM-NSCUHMNNSA-N
DB04383	10024070	NWYYWIJOWOLJNR-RXMQYKEDSA-N
DB04397	20188012	SYRDAPWACIANBN-DPXSRCRQSA-M
DB04398	8113	JVTAAEKCZFNVCJ-UHFFFAOYSA-N
DB04404	20175904	MKJAYSJDHSEFRI-PVFLNQBWSA-N
DB04410	20143923	LYUQWQRTDLVQGA-UHFFFAOYSA-N
DB04414	20188012	PJSKUNJZAAFMGT-UHFFFAOYSA-H
DB04417	10008820	BTJIUGUIPKRLHP-UHFFFAOYSA-N
DB04417	20097609	BTJIUGUIPKRLHP-UHFFFAOYSA-N
DB04419	20096826	LRQKBLKVPFOOQJ-RXMQYKEDSA-N
DB04436	20033067	VIIAUOZUUGXERI-ZETCQYMHSA-N
DB04440	10017710	MRWXACSTFXYYMV-FDDDBJFASA-N
DB04447	20097221	VHJLVAABSRFDPM-IMJSIDKUSA-N
DB04448	20208596	NIJZBWHOHNWJBX-UHFFFAOYSA-N
DB04454	10016959	QWCKQJZIFLGMSD-GSVOUGTGSA-N
DB04455	10009018	KWIUHFFTVRNATP-UHFFFAOYSA-O
DB04465	10026323	GUBGYTABKSRVRQ-QKKXKWKRSA-N
DB04465	10026324	GUBGYTABKSRVRQ-QKKXKWKRSA-N
DB04465	10026325	GUBGYTABKSRVRQ-QKKXKWKRSA-N
DB04474	20208017	FWEOQOXTVHGIFQ-UHFFFAOYSA-N
DB04481	10005614	UNXHWFMMPAWVPI-ZXZARUISSA-N
DB04484	20039264	STVVMTBJNDTZBF-VIFPVBQESA-N
DB04485	10016347	IQFYYKKMVGJFEH-XLPZGREQSA-N
DB04491	20200877	BLKXLEPPVDUHBY-UHFFFAOYSA-N
DB04494	20188012	GKDPEXRCAVYDOG-UHFFFAOYSA-L
DB04499	10008800	AWMVMTVKBNGEAK-QMMMGPOBSA-N
DB04500	20036237	QCXJEYYXVJIFCE-UHFFFAOYSA-N
DB04501	10016419	BEWYHVAWEKZDPP-WAAGHKOSSA-N
DB04512	20181045	UXFSPRAGHGMRSQ-UHFFFAOYSA-N
DB04519	20097210	WWZKQHOCKIZLMA-UHFFFAOYSA-N
DB04528	10015989	UFBJCMHMOXMLKC-UHFFFAOYSA-N
DB04532	10006007	SIKJAQJRHWYJAI-UHFFFAOYSA-N
DB04533	20040421	ZMXYNJXDULEQCK-UHFFFAOYSA-N
DB04534	10023349	WSGURAYTCUVDQL-UHFFFAOYSA-N
DB04539	20206207	XDDAORKBJWWYJS-UHFFFAOYSA-O
DB04540	10016303	HVYWMOMLDIMFJA-DPAQBDIFSA-N
DB04540	30097374	HVYWMOMLDIMFJA-DPAQBDIFSA-N
DB04541	20054770	OWOHLURDBZHNGG-YFKPBYRVSA-N
DB04553	20208935	TYEYBOSBBBHJIV-UHFFFAOYSA-N
DB04562	20111977	KQTIIICEAUMSDG-UHFFFAOYSA-N
DB04569	30096632	UYWQUFXKFGHYNT-UHFFFAOYSA-N
DB04580	20054821	QYEMNJMSULGQRD-UHFFFAOYSA-N
DB04581	20040814	KKKDZZRICRFGSD-UHFFFAOYSA-N
DB04586	20028193	VADKRMSMGWJZCF-UHFFFAOYSA-N
DB04605	10023976	DTVYNUOOZIKEEX-UHFFFAOYSA-N
DB04619	10008725	KWOLFJPFCHCOCG-UHFFFAOYSA-N
DB04620	20208302	NILQLFBWTXNUOE-UHFFFAOYSA-N
DB04627	20173801	UUGITDASWNOAGG-CCXZUQQUSA-N
DB04628	20176741	MDWNFWDBQGOKNZ-XYUDZHFQSA-N
DB04637	20209544	FCMCSZXRVWDVAW-UHFFFAOYSA-N
DB04638	20044812	JZODKRWQWUWGCD-UHFFFAOYSA-N
DB04650	10016328	YBJHBAHKTGYVGT-OOZYFLPDSA-N
DB04650	75330	YBJHBAHKTGYVGT-OOZYFLPDSA-N
DB04665	10008786	ZYGHJZDHTFUPRJ-UHFFFAOYSA-N
DB04674	20041147	DHZVWQPHNWDCFS-UHFFFAOYSA-N
DB04699	10008823	YEJRWHAVMIAJKC-UHFFFAOYSA-N
DB04703	60004390	QUQPHWDTPGMPEX-QJBIFVCTSA-N
DB04726	20172055	KPDQZGKJTJRBGU-UHFFFAOYSA-N
DB04734	10016804	HNEGQIOMVPPMNR-IHWYPQMZSA-N
DB04734	20168862	HNEGQIOMVPPMNR-IHWYPQMZSA-N
DB04737	75348	NNICRUQPODTGRU-MRVPVSSYSA-N
DB04744	20143612	CSFWPUWCSPOLJW-UHFFFAOYSA-N
DB04745	10023501	LISFMEBWQUVKPJ-UHFFFAOYSA-N
DB04777	20122422	YKIUTLHCSNCTDZ-QMMMGPOBSA-N
DB04782	20122422	YKIUTLHCSNCTDZ-MRVPVSSYSA-N
DB04784	10008707	WAPNOHKVXSQRPX-SSDOTTSWSA-N
DB04795	20162061	TXBBUSUXYMIVOS-UHFFFAOYSA-N
DB04813	20200589	JFIOVJDNOJYLKP-UHFFFAOYSA-N
DB04815	30096614	QCDFBFJGMNKBDO-UHFFFAOYSA-N
DB04816	30100963	QBPFLULOKWLNNW-UHFFFAOYSA-N
DB04824	30096628	KJFMBFZCATUALV-UHFFFAOYSA-N
DB04827	20096502	JOYRKODLDBILNP-UHFFFAOYSA-N
DB04829	10017661	VAYOSLLFUXYJDT-RDTXWAMCSA-N
DB04874	10008743	IIMIOEBMYPRQGU-UHFFFAOYSA-L
DB04874	20025291	IIMIOEBMYPRQGU-UHFFFAOYSA-L
DB04886	20123593	NIDRYBLTWYFCFV-FMTVUPSXSA-N
DB04996	10005734	CKNPWBAXEKSCRG-UHFFFAOYSA-J
DB04996	10009160	CKNPWBAXEKSCRG-UHFFFAOYSA-J
DB04996	20025291	CKNPWBAXEKSCRG-UHFFFAOYSA-J
DB04996	30096620	CKNPWBAXEKSCRG-UHFFFAOYSA-J
DB05188	10008880	SUTQDFLDQUPTKX-QVLMFNNZSA-N
DB05289	20207883	SYTBZMRGLBWNTM-SNVBAGLBSA-N
DB05296	10009160	ZCISRIHHEXSWIR-WRIGXHCHSA-L
DB05296	30096620	ZCISRIHHEXSWIR-WRIGXHCHSA-L
DB05377	20208575	RZXLPPRPEOUENN-UHFFFAOYSA-N
DB05389	20188012	VOWOEBADKMXUBU-UHFFFAOYSA-J
DB05420	20180003	ASYYOZSDALANRF-UHFFFAOYSA-K
DB05428	10009160	VAZLWPAHMORDGR-WRIGXHCHSA-L
DB05428	30096620	VAZLWPAHMORDGR-WRIGXHCHSA-L
DB05461	20188012	QRNMKZJPTYRAIL-UHFFFAOYSA-N
DB05478	19876	JXQUAHHUSMJUFV-HZPZRMRQSA-N
DB05549	19876	ICMWGKNAXGUKQN-UHFFFAOYSA-N
DB05607	10016803	RPYIKXHIQXRXEM-WLHGVMLRSA-N
DB05607	30095503	RPYIKXHIQXRXEM-WLHGVMLRSA-N
DB05607	8411	RPYIKXHIQXRXEM-WLHGVMLRSA-N
DB05630	20188012	YQDGWZZYGYKDLR-UZVLBLASSA-K
DB05642	20188012	SAURKKOJWIFYSR-UHFFFAOYSA-N
DB05667	10018239	XMAYWYJOQHXEEK-ZEQKJWHPSA-N
DB05732	10005915	LVZZABGEQTZXHP-UHFFFAOYSA-L
DB05732	20112701	LVZZABGEQTZXHP-UHFFFAOYSA-L
DB05966	10008628	VOHOCSJONOJOSD-SCIDSJFVSA-N
DB05966	20207394	VOHOCSJONOJOSD-SCIDSJFVSA-N
DB05966	20209106	VOHOCSJONOJOSD-SCIDSJFVSA-N
DB06021	10008880	GTWJVFFZCKODEV-UHFFFAOYSA-N
DB06151	10024965	PWKSKIMOESPYIA-BYPYZUCNSA-N
DB06216	10016803	GMDCDXMAFMEDAG-BTJKTKAUSA-N
DB06216	30095503	GMDCDXMAFMEDAG-BTJKTKAUSA-N
DB06216	8411	GMDCDXMAFMEDAG-BTJKTKAUSA-N
DB06253	10017746	CCTREOMTIFSZAU-OGFXRTJISA-N
DB06253	10024064	CCTREOMTIFSZAU-OGFXRTJISA-N
DB06264	20198962	FSKFPVLPFLJRQB-UHFFFAOYSA-N
DB06264	20211281	FSKFPVLPFLJRQB-UHFFFAOYSA-N
DB06328	20200752	GMPKIPWJBDOURN-UHFFFAOYSA-N
DB06405	20207491	MGNVWUDMMXZUDI-UHFFFAOYSA-N
DB06637	10008866	NUKYPUAOHBNCPY-UHFFFAOYSA-N
DB06689	10008325	KGWDUNBJIMUFAP-KVVVOXFISA-N
DB06689	10008720	KGWDUNBJIMUFAP-KVVVOXFISA-N
DB06689	10016910	KGWDUNBJIMUFAP-KVVVOXFISA-N
DB06689	20172705	KGWDUNBJIMUFAP-KVVVOXFISA-N
DB06693	20142237	AJLFOPYRIVGYMJ-INTXDZFKSA-N
DB06693	20173179	AJLFOPYRIVGYMJ-INTXDZFKSA-N
DB06707	20040694	GEFQWZLICWMTKF-CDUCUWFYSA-N
DB06712	20209816	FAIIFDPAEUKBEP-UHFFFAOYSA-N
DB06723	20188012	WNROFYMDJYEPJX-UHFFFAOYSA-K
DB06727	10016305	SLRCCWJSBJZJBV-ZQDZILKHSA-N
DB06727	20101095	SLRCCWJSBJZJBV-ZQDZILKHSA-N
DB06727	30085199	SLRCCWJSBJZJBV-ZQDZILKHSA-N
DB06727	30085414	SLRCCWJSBJZJBV-ZQDZILKHSA-N
DB06727	30085415	SLRCCWJSBJZJBV-ZQDZILKHSA-N
DB06727	30085433	SLRCCWJSBJZJBV-ZQDZILKHSA-N
DB06727	30085436	SLRCCWJSBJZJBV-ZQDZILKHSA-N
DB06727	30085438	SLRCCWJSBJZJBV-ZQDZILKHSA-N
DB06727	30085511	SLRCCWJSBJZJBV-ZQDZILKHSA-N
DB06727	30085947	SLRCCWJSBJZJBV-ZQDZILKHSA-N
DB06728	10005663	PAYRUJLWNCNPSJ-UHFFFAOYSA-N
DB06753	88820	YYQRGCZGSFRBAM-UHFFFAOYSA-N
DB06756	10009018	KWIUHFFTVRNATP-UHFFFAOYSA-N
DB06767	20025291	NLXLAEXVIDQMFP-UHFFFAOYSA-N
DB06767	20025292	NLXLAEXVIDQMFP-UHFFFAOYSA-N
DB06768	20025291	RZOBLYBZQXQGFY-UHFFFAOYSA-N
DB06768	8113	RZOBLYBZQXQGFY-UHFFFAOYSA-N
DB06769	10018223	YTKUWDBFDASYHO-UHFFFAOYSA-N
DB06770	10005706	WVDDGKGOMKODPV-UHFFFAOYSA-N
DB06774	20248832	YKPUWZUDDOIDPM-SOFGYWHQSA-N
DB06777	10009059	RUDATBOHQWOJDD-BSWAIDMHSA-N
DB06782	20097917	WQABCVAJNWAXTE-UHFFFAOYSA-N
DB06784	10008628	YEEGWNXDUZONAA-RYDPDVNUSA-K
DB06784	20207394	YEEGWNXDUZONAA-RYDPDVNUSA-K
DB06784	20209106	YEEGWNXDUZONAA-RYDPDVNUSA-K
DB06788	10009160	BKEMVGVBBDMHKL-VYFXDUNUSA-N
DB06788	30096620	BKEMVGVBBDMHKL-VYFXDUNUSA-N
DB06795	20112341	TYMRLRRVMHJFTF-UHFFFAOYSA-N
DB06797	20208588	LEROTMJVBFSIMP-UHFFFAOYSA-N
DB06799	10016149	VKYKSIONXSXAKP-UHFFFAOYSA-N
DB06815	20100720	FGVVTMRZYROCTH-UHFFFAOYSA-N
DB06819	20200289	OBKXEAXTFZPCHS-UHFFFAOYSA-N
DB06821	20209890	GPTONYMQFTZPKC-UHFFFAOYSA-N
DB06934	20026636	JZFUHAGLMZWKTF-SECBINFHSA-N
DB06973	20096923	IISBACLAFKSPIT-UHFFFAOYSA-N
DB06987	20209081	METKIMKYRPQLGS-GFCCVEGCSA-N
DB07291	10018735	WIWSALMJHPGFDY-UHFFFAOYSA-N
DB07301	10006006	UJOBWOGCFQCDNV-UHFFFAOYSA-N
DB07331	20040330	YBADLXQNJCMBKR-UHFFFAOYSA-N
DB07376	20208279	BBEQQKBWUHCIOU-UHFFFAOYSA-N
DB07381	20033058	NWCHELUCVWSRRS-VIFPVBQESA-N
DB07447	20059206	NVKAWKQGWWIWPM-MISPCMORSA-N
DB07478	20209774	QDNPCYCBQFHNJC-UHFFFAOYSA-N
DB07496	20096830	GWEHVDNNLFDJLR-UHFFFAOYSA-N
DB07529	20233867	LHGOQMPIWSCKBA-FNORWQNLSA-N
DB07623	20027674	UHBAPGWWRFVTFS-UHFFFAOYSA-N
DB07669	88414	LGFDNUSAWCHVJN-UHFFFAOYSA-N
DB07673	75039	MCIIDRLDHRQKPH-QMMMGPOBSA-N
DB07767	10009240	KSEBMYQBYZTDHS-HWKANZROSA-N
DB07767	60005418	KSEBMYQBYZTDHS-HWKANZROSA-N
DB07768	10016300	MUMGGOZAMZWBJJ-KZYORJDKSA-N
DB07776	10016211	VHBFFQKBGNRLFZ-UHFFFAOYSA-N
DB07795	20096805	XHEFDIBZLJXQHF-UHFFFAOYSA-N
DB07810	20123979	VGEREEWJJVICBM-UHFFFAOYSA-N
DB07814	20000382	IXORZMNAPKEEDV-OBDJNFEBSA-N
DB07919	10018937	BXNJHAXVSOCGBA-UHFFFAOYSA-N
DB07950	20097589	SEOVTRFCIGRIMH-UHFFFAOYSA-N
DB08132	20208526	NFVBVKHGDDDCEA-UHFFFAOYSA-N
DB08193	20208097	WUKHOVCMWXMOOA-UHFFFAOYSA-N
DB08209	30095492	CEQFOVLGLXCDCX-WUKNDPDISA-N
DB08214	76839	CYKCUAPYWQDIKR-UHFFFAOYSA-N
DB08238	20097213	UWPJYQYRSWYIGZ-UHFFFAOYSA-N
DB08254	20097586	KVBGVZZKJNLNJU-UHFFFAOYSA-N
DB08286	20198967	GHRYSOFWKRRLMI-UHFFFAOYSA-N
DB08294	20040729	QBHBHOSRLDPIHG-UHFFFAOYSA-N
DB08327	20039579	IGMNYECMUMZDDF-UHFFFAOYSA-N
DB08357	20097239	RRQYJINTUHWNHW-UHFFFAOYSA-N
DB08399	20246875	CDRPUGZCRXZLFL-OWOJBTEDSA-N
DB08508	30096627	UAQVHNZEONHPQG-SSDOTTSWSA-N
DB08587	10009239	PCMORTLOPMLEFB-ONEGZZNKSA-N
DB08587	20035521	PCMORTLOPMLEFB-ONEGZZNKSA-N
DB08632	10008692	QMKYBPDZANOJGF-UHFFFAOYSA-N
DB08652	20209573	ZOAMBXDOGPRZLP-UHFFFAOYSA-N
DB08653	20143557	APJYDQYYACXCRM-UHFFFAOYSA-N
DB08653	20200939	APJYDQYYACXCRM-UHFFFAOYSA-N
DB08711	20044531	BVWTXUYLKBHMOX-UHFFFAOYSA-N
DB08748	20123964	YDIYEOMDOWUDTJ-UHFFFAOYSA-N
DB08797	10008875	SKZKKFZAGNVIMN-UHFFFAOYSA-N
DB08798	20044519	CYFLXLSBHQBMFT-UHFFFAOYSA-N
DB08809	10016785	JXTHNDFMNIQAHM-UHFFFAOYSA-N
DB08809	20202099	JXTHNDFMNIQAHM-UHFFFAOYSA-N
DB08826	20208688	TZXKOCQBRNJULO-UHFFFAOYSA-N
DB08837	20045263	CBXCPBUEXACCNR-UHFFFAOYSA-N
DB08841	20032299	DZGWFCGJZKJUFP-UHFFFAOYSA-N
DB08844	10016335	LEHOTFFKMJEONL-UHFFFAOYSA-N
DB08845	30095876	KPGXRSRHYNQIFN-UHFFFAOYSA-N
DB08847	10009020	PMMYEEVYMWASQN-DMTCNVIQSA-N
DB08847	30095877	PMMYEEVYMWASQN-DMTCNVIQSA-N
DB08858	20025291	RUGJYCHQQOPHCW-UHFFFAOYSA-L
DB08908	10016859	LDCRTTXIJACKKU-ONEGZZNKSA-N
DB08908	74928	LDCRTTXIJACKKU-ONEGZZNKSA-N
DB08921	10008727	XMGQYMWWDOXHJM-JTQLQIEISA-N
DB08921	40131608	XMGQYMWWDOXHJM-JTQLQIEISA-N
DB08938	20188012	SPPNVMTVMQOKSC-UHFFFAOYSA-A
DB08944	20182448	WFLSCFISQHLEED-GOEBONIOSA-N
DB08946	20200938	OIRFJRBSRORBCM-UHFFFAOYSA-N
DB08969	20208215	KGPPDNUWZNWPSI-UHFFFAOYSA-N
DB08982	10008574	ZCKKHYXUQFTBIK-KTKRTIGZSA-N
DB09001	10017815	MJCBWPMBFCUHBP-NPULLEENSA-N
DB09019	20068559	OJGDCBLYJGHCIH-UHFFFAOYSA-N
DB09023	75420	IVQOFBKHQCTVQV-UHFFFAOYSA-N
DB09028	60000003	ANJTVLIZGCUXLD-DTWKUNHWSA-N
DB09070	20206270	WZDGZWOAQTVYBX-XOINTXKNSA-N
DB09072	20207538	XYGBKMMCQDZQOZ-UHFFFAOYSA-M
DB09085	10008925	GKCBAIGFKIBETG-UHFFFAOYSA-N
DB09085	10008926	GKCBAIGFKIBETG-UHFFFAOYSA-N
DB09086	10009242	RRAFCDWBNXTKKO-UHFFFAOYSA-N
DB09096	30095486	OMPJBNCRMGITSC-UHFFFAOYSA-N
DB09104	20188012	VTHJTEIRLNZDEV-UHFFFAOYSA-L
DB09110	20107081	ZNEWHQLOPFWXOF-UHFFFAOYSA-N
DB09115	20208145	UXZFQZANDVDGMM-UHFFFAOYSA-N
DB09117	30096238	SQYNKIJPMDEDEG-UHFFFAOYSA-N
DB09120	20248832	YKPUWZUDDOIDPM-VURMDHGXSA-N
DB09125	10008628	QEEAPRPFLLJWCF-UHFFFAOYSA-K
DB09125	20207394	QEEAPRPFLLJWCF-UHFFFAOYSA-K
DB09125	20209106	QEEAPRPFLLJWCF-UHFFFAOYSA-K
DB09138	20188012	IUPNVOAUFBLQME-SGNQUONSSA-J
DB09138	20209696	IUPNVOAUFBLQME-SGNQUONSSA-J
DB09145	20188012	XLYOFNOQVPJJNP-UHFFFAOYSA-N
DB09146	10017706	FWZTTZUKDVJDCM-CEJAUHOTSA-M
DB09146	10026322	FWZTTZUKDVJDCM-CEJAUHOTSA-M
DB09146	20188012	FWZTTZUKDVJDCM-CEJAUHOTSA-M
DB09154	10008628	HRXKRNGNAMMEHJ-UHFFFAOYSA-K
DB09154	20207394	HRXKRNGNAMMEHJ-UHFFFAOYSA-K
DB09154	20209106	HRXKRNGNAMMEHJ-UHFFFAOYSA-K
DB09160	20188012	HBJYDUADMKVTGP-RCUQKECRSA-N
DB09203	20039276	YRCWQPVGYLYSOX-UHFFFAOYSA-N
DB09213	20200142	HEFNNWSXXWATRW-JTQLQIEISA-N
DB09214	20207463	DKYWVDODHFEZIM-NSHDSACASA-N
DB09216	20209183	YEZNLOUZAIOMLT-UHFFFAOYSA-N
DB09225	20218795	HDOZVRUNCMBHFH-UHFFFAOYSA-N
DB09269	10005843	WLJVXDMOQOGPHL-UHFFFAOYSA-N
DB09276	10016806	LTEMOXGFFHXNNS-UHFFFAOYSA-L
DB09277	10016951	SGMZJAMFUVOLNK-ULWFUOSBSA-M
DB09277	10017762	SGMZJAMFUVOLNK-ULWFUOSBSA-M
DB09314	20188012	ZTFPRNKAHXDALS-RCUQKECRSA-N
DB09320	10008927	WHRVRSCEWKLAHX-LQDWTQKMSA-N
DB09320	10008928	WHRVRSCEWKLAHX-LQDWTQKMSA-N
DB09320	10022988	WHRVRSCEWKLAHX-LQDWTQKMSA-N
DB09320	76809	WHRVRSCEWKLAHX-LQDWTQKMSA-N
DB09326	20025291	QGZKDVFQNNGYKY-BJUDXGSMSA-N
DB09327	10016331	DHMYGZIEILLVNR-UHFFFAOYSA-N
DB09338	20188012	HQRSUIDICNOLPX-UHFFFAOYSA-M
DB09347	20200749	GNOGSFBXBWBTIG-UHFFFAOYSA-N
DB09348	10016172	VEZXCJBBBCKRPI-UHFFFAOYSA-N
DB09357	40129051	SNPLKNRPJHDVJA-ZETCQYMHSA-N
DB09364	10008927	XRCLWOYOVQUZLE-UHFFFAOYSA-M
DB09364	10008928	XRCLWOYOVQUZLE-UHFFFAOYSA-M
DB09364	20188012	XRCLWOYOVQUZLE-UHFFFAOYSA-M
DB09364	76809	XRCLWOYOVQUZLE-UHFFFAOYSA-M
DB09394	30000818	NBIIXXVUZAFLBC-UHFFFAOYSA-N
DB09395	10009160	VMHLLURERBWHNL-UHFFFAOYSA-M
DB09395	30096620	VMHLLURERBWHNL-UHFFFAOYSA-M
DB09409	10009160	XKPKPGCRSHFTKM-UHFFFAOYSA-L
DB09409	20188012	XKPKPGCRSHFTKM-UHFFFAOYSA-L
DB09409	30096620	XKPKPGCRSHFTKM-UHFFFAOYSA-L
DB09413	30000818	GNSKLFRGEWLPPA-UHFFFAOYSA-M
DB09414	30000818	ZPWVASYFFYYZEW-UHFFFAOYSA-L
DB09421	10018211	XNSAINXGIQZQOO-SRVKXCTJSA-N
DB09425	20208134	BLALCKLYSDDAOC-JWFOFJTQSA-K
DB09449	30000818	AJPJDKMHJJGVTQ-UHFFFAOYSA-M
DB09459	10008687	FEWJPZIEWOKRBE-JCYAYHJZSA-N
DB09459	20097650	FEWJPZIEWOKRBE-JCYAYHJZSA-N
DB09462	10005613	PEDCQBHIVMGVHV-UHFFFAOYSA-N
DB09473	10018370	AEGSYIKLTCZUEZ-FZTWWWDYSA-K
DB09483	8113	PHZLMBHDXVLRIX-UHFFFAOYSA-M
DB09494	10008807	BXWNKGSJHAJOGX-UHFFFAOYSA-N
DB09501	10008628	FRHBOQMZUOWXQL-UHFFFAOYSA-N
DB09501	20025291	FRHBOQMZUOWXQL-UHFFFAOYSA-N
DB09501	20207394	FRHBOQMZUOWXQL-UHFFFAOYSA-N
DB09501	20209106	FRHBOQMZUOWXQL-UHFFFAOYSA-N
DB09510	10016903	XSQUKJJJFZCRTK-OUBTZVSYSA-N
DB09513	10016903	XSQUKJJJFZCRTK-NJFSPNSNSA-N
DB09516	10009217	NWVVVBRKAWDGAB-UHFFFAOYSA-N
DB09517	10017706	MQBDAEHWGRMADS-XNHLMZCASA-M
DB09517	10026322	MQBDAEHWGRMADS-XNHLMZCASA-M
DB09517	20097591	MQBDAEHWGRMADS-XNHLMZCASA-M
DB09526	10015976	QIGBRXMKCJKVMJ-UHFFFAOYSA-N
DB09543	20041130	OSWPMRLSEDHDFF-UHFFFAOYSA-N
DB09555	10016803	DBAKFASWICGISY-DASCVMRKSA-N
DB09555	30095503	DBAKFASWICGISY-DASCVMRKSA-N
DB09555	8411	DBAKFASWICGISY-DASCVMRKSA-N
DB09561	20097251	GEKBIENFFVFKRG-UHFFFAOYSA-L
DB09563	10017762	OEYIOHPDSNJKLS-BJUDXGSMSA-N
DB11071	10022730	ZQBAKBUEJOMQEX-UHFFFAOYSA-N
DB11073	20202110	NEUSVAOJNUQRTM-UHFFFAOYSA-N
DB11079	10008793	UEVAMYPIMMOEFW-UHFFFAOYSA-N
DB11079	10024503	UEVAMYPIMMOEFW-UHFFFAOYSA-N
DB11079	20208640	UEVAMYPIMMOEFW-UHFFFAOYSA-N
DB11085	10006033	GHMLBKRAJCXXBS-UHFFFAOYSA-N
DB11093	10008628	FNAQSUUGMSOBHW-UHFFFAOYSA-H
DB11093	20207394	FNAQSUUGMSOBHW-UHFFFAOYSA-H
DB11093	20209106	FNAQSUUGMSOBHW-UHFFFAOYSA-H
DB11100	10016341	POJWUDADGALRAB-UHFFFAOYSA-N
DB11107	10008687	KYKNRZGSIGMXFH-ZVGUSBNCSA-M
DB11107	20097650	KYKNRZGSIGMXFH-ZVGUSBNCSA-M
DB11110	10008628	PLSARIKBYIPYPF-UHFFFAOYSA-H
DB11110	20207394	PLSARIKBYIPYPF-UHFFFAOYSA-H
DB11110	20209106	PLSARIKBYIPYPF-UHFFFAOYSA-H
DB11117	10008732	FRPZMMHWLSIFAZ-UHFFFAOYSA-N
DB11121	20033035	OSDLLIBGSJNGJE-UHFFFAOYSA-N
DB11126	20097591	NEEHYRZPVYRGPP-IYEMJOQQSA-L
DB11128	20025291	FZDJSHPVOMNEIF-UHFFFAOYSA-T
DB11128	20188012	FZDJSHPVOMNEIF-UHFFFAOYSA-T
DB11129	10016903	AQLJVWUFPCUVLO-UHFFFAOYSA-N
DB11141	20097591	OXHQNTSSPHKCPB-IYEMJOQQSA-L
DB11145	10018370	MCJGNVYPOGVAJF-UHFFFAOYSA-N
DB11151	20188012	HEMHJVSKTPXQMS-UHFFFAOYSA-M
DB11153	20188012	KWYUFKZDYYNOTN-UHFFFAOYSA-M
DB11154	10008628	WGIWBXUNRXCYRA-UHFFFAOYSA-H
DB11154	20207394	WGIWBXUNRXCYRA-UHFFFAOYSA-H
DB11154	20209106	WGIWBXUNRXCYRA-UHFFFAOYSA-H
DB11157	20055854	NUZWLKWWNNJHPT-UHFFFAOYSA-N
DB11171	20188012	YHGPYBQVSJBGHH-UHFFFAOYSA-H
DB11175	20198936	NHVUUBRKFZWXRN-UHFFFAOYSA-L
DB11189	10016953	AACACXATQSKRQG-UHFFFAOYSA-L
DB11195	10005616	HEBKCHPVOIAQTA-SCDXWVJYSA-N
DB11197	10016953	NIBOCUPOPAKNJE-NVKWYWNSSA-L
DB11197	10016955	NIBOCUPOPAKNJE-NVKWYWNSSA-L
DB11197	30097731	NIBOCUPOPAKNJE-NVKWYWNSSA-L
DB11200	10016953	WYANSMZYIOPJFV-UHFFFAOYSA-L
DB11200	20188012	WYANSMZYIOPJFV-UHFFFAOYSA-L
DB11205	20188012	IMZDRXBSGZPLDE-UHFFFAOYSA-H
DB11210	10016953	GIPOFCXYHMWROH-UHFFFAOYSA-L
DB11217	10021818	BJRNKVDFDLYUGJ-RMPHRYRLSA-N
DB11217	40248272	BJRNKVDFDLYUGJ-RMPHRYRLSA-N
DB11233	10008628	QUTYHQJYVDNJJA-UHFFFAOYSA-K
DB11233	20207394	QUTYHQJYVDNJJA-UHFFFAOYSA-K
DB11233	20209106	QUTYHQJYVDNJJA-UHFFFAOYSA-K
DB11246	20097591	OCUCCJIRFHNWBP-IYEMJOQQSA-L
DB11248	20097591	WHMDKBIGKVEYHS-IYEMJOQQSA-L
DB11250	20096847	VBICKXHEKHSIBG-UHFFFAOYSA-N
DB11254	10008872	WFJIVOKAWHGMBH-UHFFFAOYSA-N
DB11255	20198936	CBDQOLKNTOMMTL-UHFFFAOYSA-K
DB11268	20112325	IBGBGRVKPALMCQ-UHFFFAOYSA-N
DB11279	30096636	HXCILVUBKWANLN-UHFFFAOYSA-N
DB11288	60000010	DTGKSKDOIYIVQL-UHFFFAOYSA-N
DB11290	10016909	CEGOLXSVJUTHNZ-UHFFFAOYSA-K
DB11304	10006089	QCDWFXQBSFUVSP-UHFFFAOYSA-N
DB11323	20200174	LVYLCBNXHHHPSB-UHFFFAOYSA-N
DB11326	30001402	KGBXLFKZBHKPEV-UHFFFAOYSA-N
DB11337	10017747	UZKQTCBAMSWPJD-FARCUNLSSA-N
DB11344	10008950	NOOLISFMXDJSKH-AEJSXWLSSA-N
DB11344	10026411	NOOLISFMXDJSKH-AEJSXWLSSA-N
DB11344	20180049	NOOLISFMXDJSKH-AEJSXWLSSA-N
DB11344	20180529	NOOLISFMXDJSKH-AEJSXWLSSA-N
DB11344	20182362	NOOLISFMXDJSKH-AEJSXWLSSA-N
DB11345	20253146	DSSYKIVIOFKYAU-OIBJUYFYSA-N
DB11348	30000818	QORWJWZARLRLPR-UHFFFAOYSA-H
DB11359	20035577	LHGVFZTZFXWLCP-UHFFFAOYSA-N
DB11373	20209862	QXAITBQSYVNQDR-ZIOPAAQOSA-N
DB11386	30096246	OSASVXMJTNOKOY-UHFFFAOYSA-N
DB11387	10011076	HEDRZPFGACZZDS-UHFFFAOYSA-N
DB11397	20200878	OEBRKCOSUFCWJD-UHFFFAOYSA-N
DB11412	20208630	PNVJTZOFSHSLTO-UHFFFAOYSA-N
DB11420	20096456	PRAKJMSDJKAYCZ-UHFFFAOYSA-N
DB11421	20209464	YWTYJOPNNQFBPC-UHFFFAOYSA-N
DB11423	20090996	BBMULGJBVDDDNI-OWKLGTHSSA-N
DB11447	10016278	WJFKNYWRSNBZNX-UHFFFAOYSA-N
DB11448	20209580	LMNZTLDVJIUSHT-UHFFFAOYSA-N
DB11451	10016036	RVGRUAULSDPKGF-UHFFFAOYSA-N
DB11451	20030831	RVGRUAULSDPKGF-UHFFFAOYSA-N
DB11458	20199644	XMVJITFPVVRMHC-UHFFFAOYSA-N
DB11460	10016443	YYGNTYWPHWGJRM-AAJYLUCBSA-N
DB11473	30096993	NFACJZMKEDPNKN-UHFFFAOYSA-N
DB11525	20025291	WQGJEAMPBSZCIF-HKSLRPGUSA-N
DB11552	10024858	ZMCBYSBVJIMENC-UHFFFAOYSA-N
DB11558	10008613	YXFVVABEGXRONW-UHFFFAOYSA-N
DB11561	20209281	XJGFWWJLMVZSIG-UHFFFAOYSA-N
DB11573	20188012	ZLVPDILYQLCEJO-UHFFFAOYSA-H
DB11577	20208634	CFZXDJWFRVEWSR-BUHFOSPRSA-N
DB11593	10009233	TXJUTRJFNRYTHH-UHFFFAOYSA-N
DB11594	20209659	YXUPZGKORWTXID-UHFFFAOYSA-N
DB11625	10016596	NJCBUSHGCBERSK-UHFFFAOYSA-N
DB11640	10017792	OYTKINVCDFNREN-UHFFFAOYSA-N
DB11641	2204	NMDYYWFGPIMTKO-KLCPSUAYSA-N
DB11672	40265327	VFLDPWHFBUODDF-FCXRPNKRSA-N
DB11749	20109353	FSVJFNAIGNNGKK-KRWDZBQOSA-N
DB11785	20165545	WTQYWNWRJNXDEG-RBZJEDDUSA-N
DB11831	20096430	VYZAHLCBVHPDDF-UHFFFAOYSA-N
DB11846	10016981	DDRJAANPRJIHGJ-UHFFFAOYSA-N
DB11859	10009052	AURFZBICLPNKBZ-SYBPFIFISA-N
DB11875	20246395	VFTRKSBEFQDZKX-UHFFFAOYSA-N
DB11937	20179948	HCZHHEIFKROPDY-UHFFFAOYSA-N
DB12028	20202494	WOVKYSAHUYNSMH-RRKCRQDMSA-N
DB12029	60005294	CWVRJTMFETXNAD-JUHZACGLSA-N
DB12039	20144325	PFTAWBLQPZVEMU-UKRRQHHQSA-N
DB12093	10021163	AEQDJSLRWYMAQI-KRWDZBQOSA-N
DB12110	20208132	VHFVKMTVMIZMIK-UHFFFAOYSA-N
DB12112	10016326	QGNJRVVDBSJHIZ-AQDFTDIISA-N
DB12173	10015922	HCIBTBXNLVOFER-UHFFFAOYSA-N
DB12216	10025008	BGEBZHIAGXMEMV-UHFFFAOYSA-N
DB12243	20097610	QELUYTUMUWHWMC-UHFFFAOYSA-N
DB12290	20218081	HKEAFJYKMMKDOR-VPRICQMDSA-N
DB12298	20111974	NOEGNKMFWQHSLB-UHFFFAOYSA-N
DB12300	20055095	BAJQRLZAPXASRD-UHFFFAOYSA-N
DB12308	10009052	AURFZBICLPNKBZ-YZRLXODZSA-N
DB12310	10026320	HDTRYLNUVZCQOY-LIZSDCNHSA-N
DB12310	10026321	HDTRYLNUVZCQOY-LIZSDCNHSA-N
DB12310	10026362	HDTRYLNUVZCQOY-LIZSDCNHSA-N
DB12328	20236671	DHZBEENLJMYSHQ-XCVPVQRUSA-N
DB12337	20000182	GRDXCFKBQWDAJH-UHFFFAOYSA-N
DB12358	20031245	JJJFUHOGVZWXNQ-UHFFFAOYSA-N
DB12418	20032280	CVHZOJJKTDOEJC-UHFFFAOYSA-N
DB12425	20044845	AUYYCJSJGJYCDS-UMVFHIKJSA-N
DB12450	20040759	ZTHYODDOHIVTJV-UHFFFAOYSA-N
DB12452	10008666	KBPLFHHGFOOTCA-UHFFFAOYSA-N
DB12480	40265324	QGJZLNKBHJESQX-FZFNOLFKSA-N
DB12519	10016973	FSYKKLYZXJSNPZ-UHFFFAOYSA-N
DB12521	10008989	SECXISVLQFMRJM-UHFFFAOYSA-N
DB12582	10016311	MXXWOMGUGJBKIW-YPCIICBESA-N
DB12618	10008811	DFYRUELUNQRZTB-UHFFFAOYSA-N
DB12622	10026488	MQYXUWHLBZFQQO-QGTGJCAVSA-N
DB12628	10017762	OEYIOHPDSNJKLS-GQALSZNTSA-N
DB12695	20209719	IZJDOKYDEWTZSO-UHFFFAOYSA-N
DB12709	20096798	UYXTWWCETRIEDR-UHFFFAOYSA-N
DB12751	10016805	BJEPYKJPYRNKOW-UHFFFAOYSA-N
DB12751	20096818	BJEPYKJPYRNKOW-UHFFFAOYSA-N
DB12765	10017075	HAMGRBXTJNITHG-UHFFFAOYSA-N
DB12771	20213174	JUUBCHWRXWPFFH-UHFFFAOYSA-N
DB12789	10016352	PXGPLTODNUVGFL-YNNPMVKQSA-N
DB12803	20209400	VKMGSWIFEHZQRS-UHFFFAOYSA-N
DB12816	20055164	WRYLYDPHFGVWKC-UHFFFAOYSA-N
DB12821	10016595	KAVGMUDTWQVPDF-UHFFFAOYSA-N
DB12856	20171100	DZLNHFMRPBPULJ-UHFFFAOYSA-N
DB12881	20221552	IVYPNXXAYMYVSP-UHFFFAOYSA-N
DB12944	20112696	QCDYQQDYXPDABM-UHFFFAOYSA-N
DB12972	10009052	AURFZBICLPNKBZ-FZCSVUEKSA-N
DB13014	10022062	BTXNYTINYBABQR-UHFFFAOYSA-N
DB13025	20207532	JTVPZMFULRWINT-UHFFFAOYSA-N
DB13111	20026681	SEBPXHSZHLFWRL-UHFFFAOYSA-N
DB13132	10025817	BLUAFEHZUWYNDE-NNWCWBAJSA-N
DB13132	20253147	BLUAFEHZUWYNDE-NNWCWBAJSA-N
DB13142	20097591	YPCRNBPOUVJVMU-LCGAVOCYSA-L
DB13145	20025291	GYAVMUDJCHAASE-UHFFFAOYSA-M
DB13154	10015949	WXNZTHHGJRFXKQ-UHFFFAOYSA-N
DB13155	10017721	XHCADAYNFIFUHF-TVKJYDDYSA-N
DB13156	10016343	YLDCUKJMEKGGFI-KSIULYHRSA-N
DB13156	20036237	YLDCUKJMEKGGFI-KSIULYHRSA-N
DB13156	30095882	YLDCUKJMEKGGFI-KSIULYHRSA-N
DB13163	20188012	JGKJMBOJWVAMIJ-OFAZAQPOSA-N
DB13178	10026409	CDAISMWEOUEBRE-GPIVLXJGSA-N
DB13178	10026410	CDAISMWEOUEBRE-GPIVLXJGSA-N
DB13180	20097591	RGHNJXZEOKUKBD-SQOUGZDYSA-N
DB13202	10008575	UAXYBJSAPFTPNB-KHPPLWFESA-N
DB13207	10009013	RVEWUBJVAHOGKA-WOYAITHZSA-N
DB13207	10016967	RVEWUBJVAHOGKA-WOYAITHZSA-N
DB13207	20096827	RVEWUBJVAHOGKA-WOYAITHZSA-N
DB13207	20096896	RVEWUBJVAHOGKA-WOYAITHZSA-N
DB13207	30095880	RVEWUBJVAHOGKA-WOYAITHZSA-N
DB13209	20188012	QGWDKKHSDXWPET-UHFFFAOYSA-E
DB13215	20209250	OHTXTCNTQJFRIG-UHFFFAOYSA-N
DB13217	20207324	JIEKMACRVQTPRC-UHFFFAOYSA-N
DB13218	10005707	IWYDHOAUDWTVEP-UHFFFAOYSA-N
DB13220	10016965	KKPUODLFBBWJPH-DKWTVANSSA-L
DB13220	20097654	KKPUODLFBBWJPH-DKWTVANSSA-L
DB13220	30095861	KKPUODLFBBWJPH-DKWTVANSSA-L
DB13221	20209022	KSUUMAWCGDNLFK-UHFFFAOYSA-N
DB13231	8113	MKJXYGKVIBWPFZ-UHFFFAOYSA-L
DB13236	20188012	ZDDUXABBRATYFS-UHFFFAOYSA-F
DB13238	20209861	VSRBKQFNFZQRBM-UHFFFAOYSA-N
DB13245	20198917	KUAZQDVKQLNFPE-UHFFFAOYSA-N
DB13259	10005618	HRYZWHHZPQKTII-UHFFFAOYSA-N
DB13261	20188012	MPORYQCGWFQFLA-ONPDANIMSA-N
DB13269	20039662	DBHODFSFBXJZNY-UHFFFAOYSA-N
DB13278	20201464	LIAWQASKBFCRNR-UHFFFAOYSA-N
DB13283	20208377	YZMCKZRAOLZXAZ-UHFFFAOYSA-N
DB13318	10017695	NNJPGOLRFBJNIW-HNNXBMFYSA-N
DB13322	20188012	BEBILBPAQKONJS-UHFFFAOYSA-L
DB13323	10015877	XSTXAVWGXDQKEL-UHFFFAOYSA-N
DB13326	20201416	KKAJSJJFBSOMGS-UHFFFAOYSA-N
DB13329	10021718	FWKQNCXZGNBPFD-UHFFFAOYSA-N
DB13330	20201437	ZEASXVYVFFXULL-UHFFFAOYSA-N
DB13331	20039274	NZASCBIBXNPDMH-UHFFFAOYSA-N
DB13336	10008706	NIQCNGHVCWTJSM-UHFFFAOYSA-N
DB13343	20208831	SLYPOVJCSQHITR-UHFFFAOYSA-N
DB13352	20097242	UEEJHVSXFDXPFK-UHFFFAOYSA-N
DB13363	20037329	BAPRUDZDYCKSOQ-RITPCOANSA-N
DB13374	10008930	RXPRRQLKFXBCSJ-GIVPXCGWSA-N
DB13374	10017657	RXPRRQLKFXBCSJ-GIVPXCGWSA-N
DB13376	10016181	KZNICNPSHKQLFF-UHFFFAOYSA-N
DB13378	20200268	LRCXRAABFLIVAI-UHFFFAOYSA-N
DB13381	10016980	MKWYFZFMAMBPQK-UHFFFAOYSA-J
DB13381	20096498	MKWYFZFMAMBPQK-UHFFFAOYSA-J
DB13387	20188012	BMUDPLZKKRQECS-HXFTUNQESA-K
DB13391	10016290	DCSCXTJOXBUFGB-JGVFFNPUSA-N
DB13392	20188012	SQFDQLBYJKFDDO-UHFFFAOYSA-K
DB13394	20207976	PZMVOUYYNKPMSI-UHFFFAOYSA-N
DB13394	20211285	PZMVOUYYNKPMSI-UHFFFAOYSA-N
DB13402	10016977	SULCNWZLMZPENK-UHFFFAOYSA-N
DB13402	10024176	SULCNWZLMZPENK-UHFFFAOYSA-N
DB13404	10016980	UEUXEKPTXMALOB-UHFFFAOYSA-J
DB13404	20096498	UEUXEKPTXMALOB-UHFFFAOYSA-J
DB13423	20188012	MSNWSDPPULHLDL-UHFFFAOYSA-K
DB13424	75421	YVGGHNCTFXOJCH-UHFFFAOYSA-N
DB13443	20209081	METKIMKYRPQLGS-LBPRGKRZSA-N
DB13483	7993	HBGOLJKPSFNJSD-UHFFFAOYSA-N
DB13509	20038075	MXCPYJZDGPQDRA-UHFFFAOYSA-N
DB13519	10016797	ZMZNLKYXLARXFY-UHFFFAOYSA-H
DB13522	20177654	XIUUSFJTJXFNGH-OLQVQODUSA-N
DB13524	20208648	PXWLVJLKJGVOKE-UHFFFAOYSA-N
DB13526	10005615	WXZMFSXDPGVJKK-UHFFFAOYSA-N
DB13544	89558	SBNKFTQSBPKMBZ-UHFFFAOYSA-N
DB13547	20112341	ZLYHTQKHXIVMLY-UHFFFAOYSA-N
DB13568	10005727	RERHJVNYJKZHLJ-UHFFFAOYSA-N
DB13576	20027733	NSFYKDVWNTWJOK-UHFFFAOYSA-K
DB13577	20143555	FDQGNLOWMMVRQL-UHFFFAOYSA-N
DB13582	10008628	NPFOYSMITVOQOS-GJNDDOAHSA-K
DB13582	20207394	NPFOYSMITVOQOS-GJNDDOAHSA-K
DB13582	20209106	NPFOYSMITVOQOS-GJNDDOAHSA-K
DB13595	20188012	XFKLULFTFNRQOX-UHFFFAOYSA-N
DB13598	7995	RTZKZFJDLAIYFH-UHFFFAOYSA-N
DB13600	20208531	OWZREIFADZCYQD-NSHGMRRFSA-N
DB13612	10016903	VYMUGTALCSPLDM-UHFFFAOYSA-L
DB13612	20038075	VYMUGTALCSPLDM-UHFFFAOYSA-L
DB13615	20188012	NGIYLSFJGRLEMI-MHTUOZSYSA-M
DB13618	20209011	SFBODOKJTYAUCM-UHFFFAOYSA-N
DB13620	20097591	HLCFGWHYROZGBI-JJKGCWMISA-M
DB13626	10016953	UTUUIUQHGDRVPU-UHFFFAOYSA-K
DB13626	20188012	UTUUIUQHGDRVPU-UHFFFAOYSA-K
DB13627	10018391	KYGZCKSPAKDVKC-UHFFFAOYSA-N
DB13628	10024859	NUVBSKCKDOMJSU-UHFFFAOYSA-N
DB13639	10008687	OHZCFWMJMWFNFP-ZVGUSBNCSA-L
DB13639	20097650	OHZCFWMJMWFNFP-ZVGUSBNCSA-L
DB13644	10116802	HWGBHCRJGXAGEU-UHFFFAOYSA-N
DB13650	10024064	GJJYZOBRHIMORS-GQOAHPRESA-K
DB13650	20097591	GJJYZOBRHIMORS-GQOAHPRESA-K
DB13650	20188012	GJJYZOBRHIMORS-GQOAHPRESA-K
DB13654	20188012	GUJOJGAPFQRJSV-UHFFFAOYSA-N
DB13655	10024263	NCYVXEGFNDZQCU-UHFFFAOYSA-N
DB13669	10016069	YNAVUWVOSKDBBP-UHFFFAOYSA-N
DB13690	74212	QYKIQEUNHZKYBP-UHFFFAOYSA-N
DB13696	20200309	QBSGXIBYUQJHMJ-UHFFFAOYSA-N
DB13707	10008687	HELHAJAZNSDZJO-OLXYHTOASA-L
DB13707	20097650	HELHAJAZNSDZJO-OLXYHTOASA-L
DB13718	10017692	LJOQGZACKSYWCH-WZBLMQSHSA-N
DB13732	20188012	XOGYVDXPYVPAAQ-SESJOKTNSA-M
DB13733	10021703	QXLPXWSKPNOQLE-UHFFFAOYSA-N
DB13737	20112693	WTYGAUXICFETTC-UHFFFAOYSA-N
DB13740	20201356	ORRZGUBHBVWWOP-UHFFFAOYSA-N
DB13743	20188012	KZNBHWLDPGWJMM-UHFFFAOYSA-J
DB13747	10024503	GSEJCLTVZPLZKY-UHFFFAOYSA-N
DB13748	10009013	LUCWYYXUZVULSK-WCCKRBBISA-N
DB13748	20096827	LUCWYYXUZVULSK-WCCKRBBISA-N
DB13748	20096896	LUCWYYXUZVULSK-WCCKRBBISA-N
DB13748	20200682	LUCWYYXUZVULSK-WCCKRBBISA-N
DB13748	30095880	LUCWYYXUZVULSK-WCCKRBBISA-N
DB13749	20097591	HJWFTNWQKDPLAS-SYAJEJNSSA-L
DB13749	20188012	HJWFTNWQKDPLAS-SYAJEJNSSA-L
DB13774	20097927	WNBGYVXHFTYOBY-UHFFFAOYSA-N
DB13780	20188012	USWVMPGQVYZHCA-UHFFFAOYSA-K
DB13786	20027358	QWLHYYKDLOVBNV-UHFFFAOYSA-L
DB13789	10008687	KQVRYPWCDUCYPZ-OLXYHTOASA-K
DB13789	10009160	KQVRYPWCDUCYPZ-OLXYHTOASA-K
DB13789	20097650	KQVRYPWCDUCYPZ-OLXYHTOASA-K
DB13789	30096620	KQVRYPWCDUCYPZ-OLXYHTOASA-K
DB13800	10008922	APKDPOQXVKRLEP-UHFFFAOYSA-L
DB13812	10008828	SEIRRUDMPNNSCY-UHFFFAOYSA-N
DB13812	30095493	SEIRRUDMPNNSCY-UHFFFAOYSA-N
DB13818	20188012	VTAVFIZOZUAKKE-UHFFFAOYSA-K
DB13826	20098663	RWLALWYNXFYRGW-UHFFFAOYSA-N
DB13833	20200937	PIPAJLPNWZMYQA-KNCRFDSUSA-N
DB13834	20188012	OASPSZUQLPQSSC-UHFFFAOYSA-M
DB13860	10008793	XCHHJFVNQPPLJK-UHFFFAOYSA-N
DB13860	10008798	XCHHJFVNQPPLJK-UHFFFAOYSA-N
DB13860	20208640	XCHHJFVNQPPLJK-UHFFFAOYSA-N
DB13862	30000818	GVALZJMUIHGIMD-UHFFFAOYSA-H
DB13875	10018938	RERZNCLIYCABFS-UHFFFAOYSA-N
DB13882	10008961	YNBADRVTZLEFNH-UHFFFAOYSA-N
DB13909	20040802	JAONZGLTYYUPCT-UHFFFAOYSA-K
DB13909	20188012	JAONZGLTYYUPCT-UHFFFAOYSA-K
DB13910	20200678	YZDVVHSLIPLZLO-UHFFFAOYSA-K
DB13960	20200164	LVDKZNITIUWNER-UHFFFAOYSA-N
DB13963	10006306	RFFLAFLAYFXFSW-UHFFFAOYSA-N
DB13966	10008715	AXISYYRBXTVTFY-UHFFFAOYSA-N
DB13972	30000100	FFEARJCKVFRZRR-UHFFFAOYSA-N
DB13984	30000705	LVZWSLJZHVFIQJ-UHFFFAOYSA-N
DB13995	10008628	SXAWSYZURCZSDX-UHFFFAOYSA-B
DB13995	20207394	SXAWSYZURCZSDX-UHFFFAOYSA-B
DB13995	20209106	SXAWSYZURCZSDX-UHFFFAOYSA-B
DB13996	10009160	UEGPKNKPLBYCNK-UHFFFAOYSA-L
DB13996	30096620	UEGPKNKPLBYCNK-UHFFFAOYSA-L
DB14006	10008793	UDKCHVLMFQVBAA-UHFFFAOYSA-M
DB14006	10017762	UDKCHVLMFQVBAA-UHFFFAOYSA-M
DB14006	20208640	UDKCHVLMFQVBAA-UHFFFAOYSA-M
DB14007	20208134	QPCDCPDFJACHGM-UHFFFAOYSA-N
DB14020	10022001	ISAOCJYIOMOJEB-UHFFFAOYSA-N
DB14031	20208221	IUCJMVBFZDHPDX-UHFFFAOYSA-N
DB14038	2541	KZJWDPNRJALLNS-VJSFXXLFSA-N
DB14077	10016909	HQKMJHAJHXVSDF-UHFFFAOYSA-L
DB14078	20209696	MBKDYNNUVRNNRF-UHFFFAOYSA-N
DB14080	10024965	CDIFCTOKYOUYOT-SCGRZTRASA-L
DB14084	20097173	QFOHBWFCKVYLES-UHFFFAOYSA-N
DB14086	20144325	PFTAWBLQPZVEMU-DZGCQCFKSA-N
DB14090	10016696	HHVIBTZHLRERCL-UHFFFAOYSA-N
DB14093	10016300	MUMGGOZAMZWBJJ-JQSYSRDDSA-N
DB14106	50120173	WJRFSUVOHUMYAO-UHFFFAOYSA-N
DB14107	20207432	NVIAYEIXYQCDAN-CLZZGJSISA-N
DB14108	76525	FHKSXSQHXQEMOK-UHFFFAOYSA-N
DB14109	10021818	BJRNKVDFDLYUGJ-ZIQFBCGOSA-N
DB14109	40248272	BJRNKVDFDLYUGJ-ZIQFBCGOSA-N
DB14110	10008581	PUPZLCDOIYMWBV-UHFFFAOYSA-N
DB14116	20188012	JAUGGEIKQIHSMF-UHFFFAOYSA-N
DB14121	60002034	DYNKRGCMLGUEMN-YFKPBYRVSA-N
DB14122	20025459	NYSZJNUIVUBQMM-BQYQJAHWSA-N
DB14138	20188012	LRCFXGAMWKDGLA-UHFFFAOYSA-N
DB14141	10005697	CBCKQZAAMUWICA-UHFFFAOYSA-N
DB14143	20209780	OGQYPPBGSLZBEG-UHFFFAOYSA-N
DB14144	10008620	PLIKAWJENQZMHA-UHFFFAOYSA-N
DB14144	20200940	PLIKAWJENQZMHA-UHFFFAOYSA-N
DB14149	10016909	JOMMDNSKWDWPIA-YJTCMNCISA-L
DB14149	20096847	JOMMDNSKWDWPIA-YJTCMNCISA-L
DB14156	20253146	DSSYKIVIOFKYAU-UHFFFAOYSA-N
DB14160	20053344	RTAQQCXQSZGOHL-UHFFFAOYSA-N
DB14177	20044839	QELSKZZBTMNZEB-UHFFFAOYSA-N
DB14178	20181970	REQPQFUJGGOFQL-UHFFFAOYSA-N
DB14183	10008915	GLZPCOQZEFWAFX-JXMROGBWSA-N
DB14183	10016282	GLZPCOQZEFWAFX-JXMROGBWSA-N
DB14183	10018379	GLZPCOQZEFWAFX-JXMROGBWSA-N
DB14184	10005746	KJPRLNWUNMBNBZ-QPJJXVBHSA-N
DB14186	20096428	OOCCDEMITAIZTP-QPJJXVBHSA-N
DB14189	10006311	PIICEJLVQHRZGT-UHFFFAOYSA-N
DB14193	30096992	NRKWVSAGIOWUJK-UHFFFAOYSA-P
DB14195	20209262	OUBMGJOQLXMSNT-UHFFFAOYSA-N
DB14200	20201452	DEQZTKGFXNUBJL-UHFFFAOYSA-N
DB14202	20200815	MHKLKWCYGIBEQF-UHFFFAOYSA-N
DB14212	10008850	LXCFILQKKLGQFO-UHFFFAOYSA-N
DB14474	20209597	JNYAEWCLZODPBN-JGWLITMVSA-N
DB14475	8113	JVTAAEKCZFNVCJ-REOHCLBHSA-N
DB14479	10024965	KNVKDNCWDNRTOE-SCGRZTRASA-L
DB14481	20188012	XAAHAAMILDNBPS-UHFFFAOYSA-L
DB14481	30000818	XAAHAAMILDNBPS-UHFFFAOYSA-L
DB14482	10016327	PPASLZSBLFJQEF-RXSVEWSESA-M
DB14482	20097541	PPASLZSBLFJQEF-RXSVEWSESA-M
DB14483	10016327	BLORRZQTHNGFTI-ZZMNMWMASA-L
DB14483	20097541	BLORRZQTHNGFTI-ZZMNMWMASA-L
DB14484	10016327	AIOKQVJVNPDJKA-ZZMNMWMASA-L
DB14484	20097541	AIOKQVJVNPDJKA-ZZMNMWMASA-L
DB14485	10016327	WWRJFSIRMWUMAE-ZZMNMWMASA-L
DB14485	20097541	WWRJFSIRMWUMAE-ZZMNMWMASA-L
DB14486	10016327	JMORAWFVNMGOKQ-MGMRMFRLSA-N
DB14486	20027731	JMORAWFVNMGOKQ-MGMRMFRLSA-N
DB14486	20097541	JMORAWFVNMGOKQ-MGMRMFRLSA-N
DB14487	10009160	DJWUNCQRNNEAKC-UHFFFAOYSA-L
DB14487	30096620	DJWUNCQRNNEAKC-UHFFFAOYSA-L
DB14488	20097591	VRIVJOXICYMTAG-IYEMJOQQSA-L
DB14489	10008686	MDXRFOWKIZPNTA-UHFFFAOYSA-L
DB14489	20097551	MDXRFOWKIZPNTA-UHFFFAOYSA-L
DB14490	10016327	RFBYLSCVRUTUSB-ZZMNMWMASA-L
DB14490	20097541	RFBYLSCVRUTUSB-ZZMNMWMASA-L
DB14491	10016803	PMVSDNDAUGGCCE-TYYBGVCCSA-L
DB14491	30095503	PMVSDNDAUGGCCE-TYYBGVCCSA-L
DB14491	8411	PMVSDNDAUGGCCE-TYYBGVCCSA-L
DB14493	10016953	UOXSXMSTSYWNMH-UHFFFAOYSA-L
DB14494	20188012	UOURRHZRLGCVDA-UHFFFAOYSA-D
DB14495	10008628	OAVRWNUUOUXDFH-UHFFFAOYSA-H
DB14495	20207394	OAVRWNUUOUXDFH-UHFFFAOYSA-H
DB14495	20209106	OAVRWNUUOUXDFH-UHFFFAOYSA-H
DB14497	20188012	RUGQTQJQCSDUFS-UHFFFAOYSA-H
DB14498	10009160	SCVFZCLFOSHCOH-UHFFFAOYSA-M
DB14498	30096620	SCVFZCLFOSHCOH-UHFFFAOYSA-M
DB14501	10016953	YJYOLOWXCPIBSY-UHFFFAOYSA-L
DB14502	30000818	BNIILDVGGAEEIG-UHFFFAOYSA-L
DB14506	20188012	WMFOQBRAJBCJND-UHFFFAOYSA-M
DB14507	10008628	WJSIUCDMWSDDCE-UHFFFAOYSA-K
DB14507	20207394	WJSIUCDMWSDDCE-UHFFFAOYSA-K
DB14507	20209106	WJSIUCDMWSDDCE-UHFFFAOYSA-K
DB14508	10008686	WAHQBNXSPALNEA-UHFFFAOYSA-L
DB14508	20097551	WAHQBNXSPALNEA-UHFFFAOYSA-L
DB14511	10009160	QTBSBXVTEAMEQO-UHFFFAOYSA-M
DB14511	30096620	QTBSBXVTEAMEQO-UHFFFAOYSA-M
DB14514	10008922	RECCGACJWKEPOU-UHFFFAOYSA-L
DB14517	30000818	ILRRQNADMUWWFW-UHFFFAOYSA-K
DB14518	10009160	WCOATMADISNSBV-UHFFFAOYSA-K
DB14518	30096620	WCOATMADISNSBV-UHFFFAOYSA-K
DB14520	20188012	UISKQNNAQKPSDO-UHFFFAOYSA-E
DB14522	20188012	XLYOFNOQVPJJNP-UHFFFAOYSA-M
DB14523	30000818	NBIIXXVUZAFLBC-UHFFFAOYSA-K
DB14526	10008628	SWXXYWDHQDTFSU-UHFFFAOYSA-K
DB14526	20207394	SWXXYWDHQDTFSU-UHFFFAOYSA-K
DB14526	20209106	SWXXYWDHQDTFSU-UHFFFAOYSA-K
DB14528	20097591	ANPGUZATXCGJJH-OPDGVEILSA-K
DB14529	20027733	MSPQQAUTCRWLGR-UHFFFAOYSA-K
DB14573	30000818	NBIIXXVUZAFLBC-HOSYLAQJSA-K
DB14598	10016980	SHWNNYZBHZIQQV-UHFFFAOYSA-J
DB14598	20096498	SHWNNYZBHZIQQV-UHFFFAOYSA-J
DB14599	10016980	KCFCAUKZKOSSBI-UHFFFAOYSA-J
DB14599	20096498	KCFCAUKZKOSSBI-UHFFFAOYSA-J
DB14600	10016980	ZGTMUACCHSMWAC-UHFFFAOYSA-L
DB14600	20096498	ZGTMUACCHSMWAC-UHFFFAOYSA-L
DB14600	20183001	ZGTMUACCHSMWAC-UHFFFAOYSA-L
DB14622	20188012	ASTWEMOBIXQPPV-UHFFFAOYSA-K
DB14622	30000818	ASTWEMOBIXQPPV-UHFFFAOYSA-K
DB14623	10008827	WETWJCDKMRHUPV-UHFFFAOYSA-N
DB14630	20204238	DYDUXGMDSXJQFT-UHFFFAOYSA-N
DB14642	10017756	BJFIDCADFRDPIO-DZCXQCEKSA-N
DB14665	10008819	KGEKLUUHTZCSIP-HOSYDEDBSA-N
DB14670	10008963	NQGIJDNPUZEBRU-UHFFFAOYSA-N
DB14673	20177290	AUDPKCCPWYXNEV-XTLNBZDDSA-N
DB14680	20246839	HVXBOLULGPECHP-WAYWQWQTSA-N
DB14695	20188012	IEECXTSVVFWGSE-UHFFFAOYSA-M
DB14704	10005616	HEBKCHPVOIAQTA-ZXFHETKHSA-N
DB14755	10016305	SLRCCWJSBJZJBV-AJNGGQMLSA-N
DB14755	20101095	SLRCCWJSBJZJBV-AJNGGQMLSA-N
DB14755	30085199	SLRCCWJSBJZJBV-AJNGGQMLSA-N
DB14755	30085414	SLRCCWJSBJZJBV-AJNGGQMLSA-N
DB14755	30085415	SLRCCWJSBJZJBV-AJNGGQMLSA-N
DB14755	30085433	SLRCCWJSBJZJBV-AJNGGQMLSA-N
DB14755	30085436	SLRCCWJSBJZJBV-AJNGGQMLSA-N
DB14755	30085438	SLRCCWJSBJZJBV-AJNGGQMLSA-N
DB14755	30085511	SLRCCWJSBJZJBV-AJNGGQMLSA-N
DB14755	30085947	SLRCCWJSBJZJBV-AJNGGQMLSA-N
DB14756	10008687	FEWJPZIEWOKRBE-XIXRPRMCSA-N
DB14756	20097650	FEWJPZIEWOKRBE-XIXRPRMCSA-N
DB15006	20209856	RYLHNOVXKPXDIP-UHFFFAOYSA-N
DB15111	10009160	QTBSBXVTEAMEQO-JVVVGQRLSA-N
DB15111	30096620	QTBSBXVTEAMEQO-JVVVGQRLSA-N
DB15202	75697	QEWYKACRFQMRMB-KTXUZGJCSA-N
DB15289	20055161	NDTYTMIUWGWIMO-SNVBAGLBSA-N
DB15300	10017692	LJOQGZACKSYWCH-LHHVKLHASA-N
DB15344	20208236	AXFYFNCPONWUHW-UHFFFAOYSA-N
DB15350	10026409	CDAISMWEOUEBRE-SHFUYGGZSA-N
DB15350	10026410	CDAISMWEOUEBRE-SHFUYGGZSA-N
DB15359	10020354	ORXQGKIUCDPEAJ-YRNVUSSQSA-N
DB15429	20200611	CWERGRDVMFNCDR-UHFFFAOYSA-N
DB15445	20143929	CORFWQGVBFFZHF-UHFFFAOYSA-N
DB15458	20096826	LRQKBLKVPFOOQJ-YFKPBYRVSA-N
DB15479	20188012	BLKLTTCUAPDQEG-UHFFFAOYSA-L
DB15555	10016805	JFQQIWNDAXACSR-UHFFFAOYSA-L
DB15555	20096818	JFQQIWNDAXACSR-UHFFFAOYSA-L
DB15556	10008628	AORYXJPNCRHPND-UHFFFAOYSA-L
DB15556	10016953	AORYXJPNCRHPND-UHFFFAOYSA-L
DB15556	20207394	AORYXJPNCRHPND-UHFFFAOYSA-L
DB15556	20209106	AORYXJPNCRHPND-UHFFFAOYSA-L
DB15573	2504	GRWFGVWFFZKLTI-UHFFFAOYSA-N
DB15574	60000019	WTARULDDTDQWMU-UHFFFAOYSA-N
DB15576	20033070	GYCKQBWUSACYIF-UHFFFAOYSA-N
DB15579	20180807	GVKKJJOMQCNPGB-JTQLQIEISA-N
DB15580	20208291	OWEGWHBOCFMBLP-UHFFFAOYSA-N
DB15587	20188012	WBTCZEPSIIFINA-MSFWTACDSA-J
DB15589	2471	OJYLAHXKWMRDGS-UHFFFAOYSA-N
DB15598	20180003	AHPWLYJHTFAWKI-UHFFFAOYSA-K
