drugbank_id	pharmgkb_id	inchi_key
DB00006	PA10032	OIRCOABEOLEUMC-GEJPAHFPSA-N
DB00007	PA450203	GFIJNRVAKGFPGQ-LIJARHBVSA-N
DB00014	PA164747674	BLCLNMBMMGCOAS-URPVMXJPSA-N
DB00035	PA449237	NFLWUMRGJYTJIN-PNIOQBSNSA-N
DB00050	PA164764506	SBNPWPIBESPSIF-MHWMIDJBSA-N
DB00080	PA164768820	DOAKLVKFURWEDJ-RWDRXURGSA-N
DB00091	PA449167	PMATZTZNYRCHOR-CGLBZJNRSA-N
DB00093	PA164744374	SFKQVVDKFKYTNA-DZCXQCEKSA-N
DB00104	PA450678	DEQANNDTNATYII-OULOTJBUSA-N
DB00106	PA164754915	AIWRTTMUVOZGPW-HSPKUQOVSA-N
DB00114	PA164749650	NGVDGCNFYWLIFO-UHFFFAOYSA-N
DB00116	PA164745110	MSTNYGQPCMXVAQ-KIYNQFGBSA-N
DB00117	PA449882	HNDVDQJCIGZPNO-YFKPBYRVSA-N
DB00118	PA164754994	MEFKEPWMEQBLKI-AIRLBKTGSA-N
DB00119	PA164778686	LCTONWCANYUPML-UHFFFAOYSA-N
DB00120	PA450931	COLNVLDHVKWLRT-QMMMGPOBSA-N
DB00121	PA448625	YBJHBAHKTGYVGT-ZKWXMUAHSA-N
DB00122	PA448976	OEYIOHPDSNJKLS-UHFFFAOYSA-N
DB00123	PA450280	KDXKERNSBIXSRK-YFKPBYRVSA-N
DB00125	PA448478	ODKSFYDXXFIFQN-BYPYZUCNSA-N
DB00127	PA164781199	PFNFFQXMRSDOHW-UHFFFAOYSA-N
DB00128	PA448494	CKLJMWTZIZZHCS-REOHCLBHSA-N
DB00129	PA164783814	AHLPHDHHMVZTML-BYPYZUCNSA-N
DB00130	PA10090	ZDXPYRJPNDTMRX-VKHMYHEASA-N
DB00131	PA164744376	UDMBCSSLTHHNCD-KQYNXXCUSA-N
DB00132	PA449384	DTOSIQBPPRVQHS-PDBXOOCHSA-N
DB00133	PA451330	MTCFGRXMJLQNBG-REOHCLBHSA-N
DB00134	PA450423	FFEARJCKVFRZRR-BYPYZUCNSA-N
DB00135	PA451822	OUYCCCASQSFEME-QMMMGPOBSA-N
DB00136	PA448717	GMRQFYUYWCNGIN-NKMMMXOESA-N
DB00137	PA164748318	KBPHJBAIARWVSC-RGZFRNHPSA-N
DB00138	PA449176	LEVWYRKDKASIDU-IMJSIDKUSA-N
DB00140	PA451242	AUNGANRZJHBGPY-SCRDCRAPSA-N
DB00142	PA449776	WHUUTDBJXJRKMK-VKHMYHEASA-N
DB00144	PA164768860	UNJJBGNPUUVVFQ-ZJUUUORDSA-N
DB00145	PA449789	DHMQDGOQFOQNFH-UHFFFAOYSA-N
DB00146	PA164745614	JWUBBDSIWDLEOM-DTOXIADCSA-N
DB00147	PA164749166	RADKZDMFGJYCBB-UHFFFAOYSA-N
DB00148	PA164778930	CVSVTCORWBXHQV-UHFFFAOYSA-N
DB00149	PA450197	ROHFNLRQFUQHCH-YFKPBYRVSA-N
DB00150	PA10323	QIVBCDIJIAJPQS-VIFPVBQESA-N
DB00151	PA449173	XUJNEKJLAYXESH-REOHCLBHSA-N
DB00152	PA451652	JZRWCGZRTZMZEH-UHFFFAOYSA-N
DB00153	PA449484	MECHNRXZTMCUDQ-RKHKHRCZSA-N
DB00154	PA164743249	HOBAELRKJCKHQD-QNEBEIHSSA-N
DB00155	PA164747225	RHGKLRLOHDJJDR-BYPYZUCNSA-N
DB00156	PA451673	AYFVYJQAPQTCCC-GBXIJSLDSA-N
DB00157	PA164755085	BOPGDPNILDQYTO-NNYOXOHSSA-N
DB00158	PA449692	OVBPIULPVIDEAO-LBPRGKRZSA-N
DB00159	PA164746077	JAZBEHYOTPTENJ-JLNKQSITSA-N
DB00160	PA448055	QNAYBMKLOCPYGJ-REOHCLBHSA-N
DB00161	PA451843	KZSNJWFQEVHDMF-BYPYZUCNSA-N
DB00162	PA451884	FPIPGXGPPPQFEQ-OVSJKPMPSA-N
DB00163	PA451900	GVJHHUAWPYXKBD-IEOSBIPESA-N
DB00165	PA451897	LXNHXLLTXMVWPM-UHFFFAOYSA-N
DB00166	PA164776929	AGBQKNBQESQNJD-SSDOTTSWSA-N
DB00167	PA164750430	AGPKZVBTJJNPAG-WHFBIAKZSA-N
DB00168	PA448493	IAOZJIPTCAWIRG-QWRGUYRKSA-N
DB00169	PA164748138	QYSXJUFSXHHAJI-YRZJJWOYSA-N
DB00170	PA450358	MJVAVZPDRWSRRC-UHFFFAOYSA-N
DB00171	PA164743471	ZKHQWZAMYRWXGA-KQYNXXCUSA-N
DB00172	PA451125	ONIBWKKTOPOVIA-BYPYZUCNSA-N
DB00173	PA448048	GFFGJBXGBJISGV-UHFFFAOYSA-N
DB00174	PA164776968	DCXYFEDJOCDNAF-REOHCLBHSA-N
DB00175	PA451089	TUZYXOIXSAXUGO-PZAWKZKUSA-N
DB00176	PA449690	CJOFXWAVKWHTFT-XSFVSMFZSA-N
DB00177	PA451848	ACWBQPMHZXGDFX-QFIPXVFZSA-N
DB00178	PA451223	HDACQVRGBOVJII-JBDAPHQKSA-N
DB00179	PA164746493	HCZKYJDFEPMADG-TXEJJXNPSA-N
DB00180	PA449661	XSFJVAJPIHIPKU-XWCQMRHXSA-N
DB00181	PA448533	KPYSYYIEGFHWSV-UHFFFAOYSA-N
DB00182	PA448408	KWTSXDURSIMDCE-UHFFFAOYSA-N
DB00182	PA449269	KWTSXDURSIMDCE-UHFFFAOYSA-N
DB00184	PA450626	SNICXCGAKADSCV-JTQLQIEISA-N
DB00185	PA164754754	WUTYZMFRCNBCHQ-LHIURRSHSA-N
DB00186	PA450267	DIWRORZWFLOCLC-UHFFFAOYSA-N
DB00187	PA449500	AQNDDEOPVVGCPG-UHFFFAOYSA-N
DB00188	PA10252	GXJABQQUPOEUTA-RDJZCZTQSA-N
DB00189	PA164746383	ZEHYJZXQEQOSON-AATRIKPKSA-N
DB00190	PA448794	TZFNLOMSOLWIDK-JTQLQIEISA-N
DB00191	PA164748099	DHHVAGZRUROJKS-UHFFFAOYSA-N
DB00192	PA164754881	UCEWGESNIULAGX-UHFFFAOYSA-N
DB00193	PA451735	TVYLLZQTGLZFBW-ZBFHGGJFSA-N
DB00194	PA448049	OIRDTQYFTABQOQ-UHTZMRCNSA-N
DB00195	PA448611	NWIUTZDMDHAVTP-UHFFFAOYSA-N
DB00196	PA449653	RFHAOTPXVQNOHP-UHFFFAOYSA-N
DB00197	PA451799	GXPHKUHSUJUWKP-UHFFFAOYSA-N
DB00198	PA450721	VSZGPKBBMSAYNT-RRFJBIMHSA-N
DB00199	PA449493	ULGZDMOVFRHVEP-RWJQBGPGSA-N
DB00201	PA448710	RYYVLZVUVIJVGH-UHFFFAOYSA-N
DB00202	PA451522	AXOIZCJOOAYSMI-UHFFFAOYSA-N
DB00203	PA451346	BNRNXUUZRGQAQC-UHFFFAOYSA-N
DB00204	PA449389	IXTMWRCNAAVVAI-UHFFFAOYSA-N
DB00205	PA451193	WKSAUQYGYAYLPV-UHFFFAOYSA-N
DB00206	PA451236	QEVHRUUCFGRFIF-MDEJGZGSSA-N
DB00207	PA448519	MQTOSJVFKKJCRP-BICOPXKESA-N
DB00208	PA451686	PHWBOXQYWZNQIN-UHFFFAOYSA-N
DB00209	PA164748976	OYYDSUSKLWTMMQ-JKHIJQBDSA-N
DB00210	PA448047	LZCDAPDGXCYOEH-UHFFFAOYSA-N
DB00211	PA164749381	PTKSEFOSCHHMPD-UHFFFAOYSA-N
DB00212	PA164774779	UXIGZRQVLGFTOU-VQXQMPIVSA-N
DB00213	PA450774	IQPSEEYGBUAQFF-UHFFFAOYSA-N
DB00214	PA451733	NGBFQHCMQULJNZ-UHFFFAOYSA-N
DB00215	PA10074	WSEQXVZVJXJVFP-UHFFFAOYSA-N
DB00215	PA449015	WSEQXVZVJXJVFP-UHFFFAOYSA-N
DB00216	PA134687947	PWVXXGRKLHYWKM-LJQANCHMSA-N
DB00218	PA450555	FABPRXSRWADJSP-MEDUHNTESA-N
DB00219	PA164752252	GFRUPHOKLBPHTQ-UHFFFAOYSA-N
DB00220	PA450606	QAGYKUNXZHXKMR-HKWSIXNMSA-N
DB00221	PA450103	HUYWAWARQUIQLE-UHFFFAOYSA-N
DB00222	PA449761	WIGIZIANZCJQQY-RUCARUNLSA-N
DB00224	PA449977	CBVCZFGXHXORBI-PXQQMZJSSA-N
DB00225	PA164784027	HZHFFEYYPYZMNU-UHFFFAOYSA-K
DB00226	PA164745308	HPBNRIOWIXYZFK-UHFFFAOYSA-N
DB00227	PA450272	PCZOHLXUXFIOCF-BXMDZJJMSA-N
DB00228	PA449461	JPGQOUSTVILISH-UHFFFAOYSA-N
DB00229	PA164749298	QYQDKDWGWDOFFU-IUODEOHRSA-N
DB00230	PA164754814	AYXYPKUFHZROOJ-ZETCQYMHSA-N
DB00231	PA451608	SEQDDYPDSLOBDC-UHFFFAOYSA-N
DB00232	PA164748094	CESYKOGBSMNBPD-UHFFFAOYSA-N
DB00233	PA448382	WUBBRNOQWQTFEX-UHFFFAOYSA-N
DB00234	PA144614921	CBQGYUDMJHNJBX-RTBURBONSA-N
DB00235	PA164749171	PZRHRDRVRGEVNW-UHFFFAOYSA-N
DB00236	PA164747673	NJBFOOCLYDNZJN-UHFFFAOYSA-N
DB00237	PA164743463	ZRIHAIZYIMGOAB-UHFFFAOYSA-N
DB00238	PA450616	NQDJXKOVJZTUJA-UHFFFAOYSA-N
DB00239	PA164754742	QRJJEGAJXVEBNE-HKOYGPOVSA-N
DB00241	PA448695	UZVHFVZFNXBMQJ-UHFFFAOYSA-N
DB00242	PA449027	PTOAARAWEBMLNO-KVQBGUIXSA-N
DB00243	PA164746007	XKLMZUWKNUAPSZ-UHFFFAOYSA-N
DB00244	PA450384	KBOPZPXVLCULAV-UHFFFAOYSA-N
DB00245	PA448591	GIJXKZJWITVLHI-PMOLBWCYSA-N
DB00246	PA451974	MVWVFYHBGMAFLY-UHFFFAOYSA-N
DB00247	PA164743265	KPJZHOPZRAFDTN-NQUBZZJWSA-N
DB00248	PA448708	KORNTPPJEAJQIU-KJXAQDMKSA-N
DB00249	PA164781019	XQFRJNBWHJMXHO-RRKCRQDMSA-N
DB00250	PA449211	MQJKPEGWNLWLTK-UHFFFAOYSA-N
DB00251	PA164768834	BLSQLHNBWJLIBQ-OZXSUGGESA-N
DB00252	PA450947	CXOFVDLJLONNDW-UHFFFAOYSA-N
DB00253	PA450346	GZENKSODFLBBHQ-ILSZZQPISA-N
DB00255	PA449307	RGLYKWWBQGJZGM-ISLYRVAYSA-N
DB00257	PA449057	VNFPBHJOKIVQEB-UHFFFAOYSA-N
DB00258	PA164712582	VSGNNIFQASZAOI-UHFFFAOYSA-L
DB00258	PA164746897	VSGNNIFQASZAOI-UHFFFAOYSA-L
DB00258	PA448021	VSGNNIFQASZAOI-UHFFFAOYSA-L
DB00259	PA451545	FDDDEECHVMSUSB-UHFFFAOYSA-N
DB00260	PA164764600	DYDCUQKUCUHJBH-UWTATZPHSA-N
DB00261	PA164742986	OTBXOEAOVRKTNQ-UHFFFAOYSA-N
DB00262	PA448810	DLGOEMSEDOSKAD-UHFFFAOYSA-N
DB00263	PA164748964	NHUHCSRWZMLRLA-UHFFFAOYSA-N
DB00264	PA450480	IUBSYMUCCVWXPE-UHFFFAOYSA-N
DB00265	PA164745460	DNTGGZPQPQTDQF-UHFFFAOYSA-N
DB00267	PA164750569	HJJDBAOLQAWBMH-YCRCPZNHSA-N
DB00268	PA164749035	UHSKFQJFRQCDBE-UHFFFAOYSA-N
DB00269	PA164768822	BFPSDSIWYFKGBC-UHFFFAOYSA-N
DB00270	PA450131	HMJIYCCIJYRONP-UHFFFAOYSA-N
DB00271	PA449281	YVPYQUNUQOZFHG-UHFFFAOYSA-N
DB00272	PA164784036	JXDFEQONERDKSS-UHFFFAOYSA-N
DB00273	PA451728	KJADKKWYZYXHBB-XBWDGYHZSA-N
DB00274	PA164746819	SNBUBQHDYVFSQF-HIFRSBDPSA-N
DB00276	PA10309	XCPGHVQEEXUHNC-UHFFFAOYSA-N
DB00277	PA451647	ZFXYFBGIUFBOJW-UHFFFAOYSA-N
DB00278	PA164745516	KXNPVXPOPUZYGB-IOVMHBDKSA-N
DB00279	PA164748036	AUYYCJSJGJYCDS-LBPRGKRZSA-N
DB00279	PA164778866	AUYYCJSJGJYCDS-LBPRGKRZSA-N
DB00280	PA449373	UVTNFZQICZKOEM-UHFFFAOYSA-N
DB00281	PA450226	NNJVILVZKWQKPM-UHFFFAOYSA-N
DB00282	PA450767	WRUUGTRCQOWXEG-UHFFFAOYSA-N
DB00283	PA164776997	YNNUSGIPVFPVBX-NHCUHLMSSA-N
DB00285	PA451866	PNVNVHUZROJLTJ-UHFFFAOYSA-N
DB00287	PA164781371	MKPLKVHSHYCHOC-AHTXBMBWSA-N
DB00288	PA164746074	ILKJAFIWWBXGDU-MOGDOJJUSA-N
DB00289	PA134688071	VHGCDTVCOLNTBX-QGZVFWFLSA-N
DB00290	PA448645	OYVAGSVQBOHSSS-WXFSZRTFSA-O
DB00291	PA448926	JCKYGMPEJWAADB-UHFFFAOYSA-N
DB00292	PA164743987	NPUKDXXFDDZOKR-LLVKDONJSA-N
DB00293	PA131625240	IVTVGDXNLFLDRM-HNNXBMFYSA-N
DB00294	PA164771231	GCKFUYQCUCGESZ-BPIQYHPVSA-N
DB00295	PA450550	BQJCRHHNABKAKU-KBQPJGBKSA-N
DB00296	PA451271	ZKMNUMMKYBVTFN-HNNXBMFYSA-N
DB00297	PA135057240	LEBVLXFERQHONN-UHFFFAOYSA-N
DB00297	PA164754741	LEBVLXFERQHONN-UHFFFAOYSA-N
DB00298	PA164749109	RFWZESUMWJKKRN-UHFFFAOYSA-N
DB00299	PA450839	JNTOCHDNEULJHD-UHFFFAOYSA-N
DB00301	PA164781042	UIOFUWFRIANQPC-JKIFEVAISA-N
DB00302	PA164750514	GYDJEQRTZSCIOI-LJGSYFOKSA-N
DB00303	PA164777032	JUZNIMUFDBIJCM-ANEDZVCMSA-N
DB00304	PA449238	RPLCPCMSCLEKRS-BPIQYHPVSA-N
DB00305	PA450524	NWIBSHFKIJFRCO-WUDYKRTCSA-N
DB00307	PA164752250	NAVMQTYZDKMPEU-UHFFFAOYSA-N
DB00308	PA449958	ALOBUEHUHMBRLE-UHFFFAOYSA-N
DB00309	PA10232	HHJUWIANJFBDHT-KOTLKJBCSA-N
DB00310	PA448970	JIVPVXMEBJLZRO-UHFFFAOYSA-N
DB00311	PA164754743	OUZWUKMCLIBBOG-UHFFFAOYSA-N
DB00312	PA450859	WEXRUCMBJFQVBZ-UHFFFAOYSA-N
DB00313	PA451846	NIJJYAXOARWZEE-UHFFFAOYSA-N
DB00314	PA164746226	VCOPTHOUUNAYKQ-WBTCAYNUSA-N
DB00315	PA451975	ULSDMUVEXKOYBU-ZDUSSCGKSA-N
DB00316	PA448015	RZVAJINKPMORJF-UHFFFAOYSA-N
DB00317	PA131301952	XGALLCVXEZPNRQ-UHFFFAOYSA-N
DB00318	PA449088	OROGSEYTTFOCAN-DNJOTXNNSA-N
DB00319	PA450975	IVBHGBMCVLDMKU-GXNBUGAJSA-N
DB00320	PA164743028	LUZRJRNZXALNLM-JGRZULCMSA-N
DB00320	PA164752819	LUZRJRNZXALNLM-JGRZULCMSA-N
DB00321	PA448385	KRMDCWKBEZIMAB-UHFFFAOYSA-N
DB00323	PA451720	MIQPIUSUKVNLNT-UHFFFAOYSA-N
DB00324	PA164781355	FAOZLTXFLGPHNG-KNAQIMQKSA-N
DB00326	PA164712582	FATUQANACHZLRT-KMRXSBRUSA-L
DB00326	PA164746233	FATUQANACHZLRT-KMRXSBRUSA-L
DB00327	PA449918	WVLOADHCBXTIJK-YNHQPCIGSA-N
DB00328	PA449982	CGIGDMFJXJATDK-UHFFFAOYSA-N
DB00330	PA164784021	AEUTYOVWOVBAKS-UWVGGRQHSA-N
DB00331	PA450395	XZWYZXLIPXDOLR-UHFFFAOYSA-N
DB00332	PA450082	OEXHQOGQTVQTAT-BHIXFJMTSA-N
DB00333	PA450401	USSIQXCVUWKGNF-UHFFFAOYSA-N
DB00335	PA448499	METKIMKYRPQLGS-UHFFFAOYSA-N
DB00336	PA164754877	IAIWVQXQOWNYOU-FPYGCLRLSA-N
DB00337	PA164783790	KASDHRXLYQOAKZ-XDSKOBMDSA-N
DB00338	PA10075	SUBDBMMJDZJVOS-UHFFFAOYSA-N
DB00338	PA450704	SUBDBMMJDZJVOS-UHFFFAOYSA-N
DB00339	PA451182	IPEHBUMCGVEMRF-UHFFFAOYSA-N
DB00340	PA164783811	MJFJKKXQDNNUJF-UHFFFAOYSA-N
DB00341	PA448905	ZKLPARSLTMPFCP-UHFFFAOYSA-N
DB00342	PA451619	GUGOEEXESWIERI-UHFFFAOYSA-N
DB00343	PA449334	HSUGRBWQSSZJOP-RTWAWAEBSA-N
DB00344	PA451168	BWPIARFWQZKAIA-UHFFFAOYSA-N
DB00345	PA134711723	HSMNQINEKMPTIC-UHFFFAOYSA-N
DB00346	PA164774795	WNMJYKCGWZFFKR-UHFFFAOYSA-N
DB00347	PA164744924	IRYJRGCIQBGHIV-UHFFFAOYSA-N
DB00348	PA164777037	OUBCNLGXQFSTLU-UHFFFAOYSA-N
DB00349	PA10888	CXOXHMZGEKVPMT-UHFFFAOYSA-N
DB00352	PA451663	WYWHKKSPHMUBEB-UHFFFAOYSA-N
DB00353	PA450461	UNBRKDKAWYKMIV-QWQRMKEZSA-N
DB00354	PA164748223	MOYGZHXDRJNJEP-UHFFFAOYSA-N
DB00355	PA448523	WZPBZJONDBGPKJ-VEHQQRBSSA-N
DB00356	PA448971	TZFWDZFKRBELIQ-UHFFFAOYSA-N
DB00357	PA448375	ROBVIMPUHSLWNV-UHFFFAOYSA-N
DB00358	PA450348	XEEQGYMUWCZPDN-UHFFFAOYSA-N
DB00359	PA451539	SEEPANYCNGTZFQ-UHFFFAOYSA-N
DB00360	PA161990676	FNKQXYHWGSIFBK-RPDRRWSUSA-N
DB00361	PA451881	GBABOYUKABKIAF-IELIFDKJSA-N
DB00362	PA164742938	JHVAMHSQVVQIOT-MFAJLEFUSA-N
DB00365	PA449812	AIJTTZAVMXIJGM-UHFFFAOYSA-N
DB00366	PA449419	HCFDWZZGGLSKEP-UHFFFAOYSA-N
DB00367	PA450218	WWYNJERNGUHSAO-XUDSTZEESA-N
DB00367	PA450656	WWYNJERNGUHSAO-XUDSTZEESA-N
DB00368	PA450649	SFLSHLFXELFNJZ-QMMMGPOBSA-N
DB00369	PA448997	VWFCHDSQECPREK-LURJTMIESA-N
DB00370	PA450522	RONZAEMNMFQXRA-UHFFFAOYSA-N
DB00371	PA450377	NPPQSCRMBWNHMW-UHFFFAOYSA-N
DB00372	PA164748882	XCTYLCDETUVOIP-UHFFFAOYSA-N
DB00373	PA451690	BLJRIMJGRPQVNF-JTQLQIEISA-N
DB00374	PA164768801	PAJMKGZZBBTTOY-ZFORQUDYSA-N
DB00376	PA164747026	HWHLPVGTWGOCJO-UHFFFAOYSA-N
DB00377	PA10352	CPZBLNMUGSZIPR-NVXWUHKLSA-N
DB00378	PA164745443	JGMOKGBVKVMRFX-HQZYFCCVSA-N
DB00379	PA450488	VLPIATFUUWWMKC-UHFFFAOYSA-N
DB00380	PA449259	BMKDZUISNHGIBY-ZETCQYMHSA-N
DB00381	PA448388	HTIQEAQVCYTUBX-UHFFFAOYSA-N
DB00382	PA451576	YLJREFDVOIBQDA-UHFFFAOYSA-N
DB00383	PA164776910	DUDKAZCAISNGQN-UHFFFAOYSA-N
DB00384	PA451752	FNYLWPVRPXGIIP-UHFFFAOYSA-N
DB00385	PA164748616	ZOCKGBMQLCSHFP-KQRAQHLDSA-N
DB00387	PA164784001	WYDUSKDSKCASEF-UHFFFAOYSA-N
DB00388	PA450935	SONNWYBIRXJNDC-VIFPVBQESA-N
DB00389	PA164742970	CFOYWRHIYXMDOT-UHFFFAOYSA-N
DB00390	PA449319	LTMHDMANZUZIPE-PUGKRICDSA-N
DB00391	PA164745485	BGRJTUBHPOOWDU-UHFFFAOYSA-N
DB00392	PA449531	CDOZDBSBBXSXLB-UHFFFAOYSA-N
DB00393	PA450633	UIAGMCDKSXEBJQ-UHFFFAOYSA-N
DB00395	PA448809	OFZCIYFFPZCNJE-UHFFFAOYSA-N
DB00396	PA451123	RJKFOVLPORLFTN-LEKSSAKUSA-N
DB00397	PA164748965	DLNKOYKMWOXYQA-CBAPKCEASA-N
DB00398	PA7000	MLDQJTXFUGDVEO-UHFFFAOYSA-N
DB00399	PA10235	XRASPMIURGNCCH-UHFFFAOYSA-N
DB00400	PA449814	DDUHZTYCFQRHIY-RBHXEPJQSA-N
DB00401	PA450634	VKQFCGNPDRICFG-UHFFFAOYSA-N
DB00402	PA10236	GBBSUAFBMRNDJC-INIZCTEOSA-N
DB00402	PA162630444	GBBSUAFBMRNDJC-INIZCTEOSA-N
DB00404	PA448333	VREFGVBLTWBCJP-UHFFFAOYSA-N
DB00405	PA164746251	ZDIGNSYAACHWNL-HNNXBMFYSA-N
DB00405	PA448675	ZDIGNSYAACHWNL-HNNXBMFYSA-N
DB00406	PA449755	LGLFFNDHMLKUMI-UHFFFAOYSA-N
DB00408	PA450273	XJGVXQDUIWGIRW-UHFFFAOYSA-N
DB00409	PA164749051	GUJRSXAPGDDABA-NSHDSACASA-N
DB00410	PA164764568	MINDHVHHQZYEEK-HBBNESRFSA-N
DB00411	PA448784	VPJXQGSRWJZDOB-UHFFFAOYSA-O
DB00412	PA451283	YASAKCUCGLMORW-UHFFFAOYSA-N
DB00413	PA164742949	FASDKYOPVNHBLU-ZETCQYMHSA-N
DB00414	PA164777011	VGZSUPCWNCWDAN-UHFFFAOYSA-N
DB00415	PA448419	AVKUERGKIZMTKX-NJBDSQKTSA-N
DB00416	PA164749507	DIGFQJFCDPKEPF-OIUSMDOTSA-L
DB00417	PA164745442	BPLBGHOLXOTWMN-MBNYWOFBSA-N
DB00418	PA164784035	KQPKPCNLIDLUMF-UHFFFAOYSA-N
DB00419	PA10140	UQRORFVVSGFNRO-UTINFBMNSA-N
DB00420	PA451126	ZGUGWUXLJSTTMA-UHFFFAOYSA-N
DB00421	PA451483	LXMSZDCAJNLERA-ZHYRCANASA-N
DB00422	PA10054	DUGOZIWVEXMGBE-UHFFFAOYSA-N
DB00422	PA450464	DUGOZIWVEXMGBE-UHFFFAOYSA-N
DB00423	PA164749506	GNXFOGHNGIVQEH-UHFFFAOYSA-N
DB00424	PA164776844	RKUNBYITZUJHSG-FXUDXRNXSA-N
DB00424	PA448505	RKUNBYITZUJHSG-FXUDXRNXSA-N
DB00425	PA451976	ZAFYATHCZYHLPB-UHFFFAOYSA-N
DB00426	PA449585	GGXKWVWZWMLJEH-UHFFFAOYSA-N
DB00427	PA451797	CBEQULMOCCWAQT-WOJGMQOQSA-N
DB00428	PA451514	ZSJLQEPLLKMAKR-GKHCUFPYSA-N
DB00429	PA164754883	UMMADZJLZAPZAW-OVXHCKHTSA-N
DB00430	PA164748136	PWAUCHMQEXVFJR-PMAPCBKXSA-N
DB00431	PA164754914	JLYXXMFPNIAWKQ-GNIYUCBRSA-N
DB00432	PA451775	VSQQQLOSPVPRAZ-RRKCRQDMSA-N
DB00433	PA451114	WIKYUJGCLQQFNW-UHFFFAOYSA-N
DB00434	PA164749366	JJCFRYNCJDLXIK-UHFFFAOYSA-N
DB00435	PA450635	MWUXSHHQAYIFBG-UHFFFAOYSA-N
DB00436	PA448563	HDWIHXWEUNVBIY-UHFFFAOYSA-N
DB00437	PA448320	OFCNXPDARWKPPY-UHFFFAOYSA-N
DB00438	PA448861	ORFOPKXBNMVMKC-DWVKKRMSSA-N
DB00439	PA448897	SEERZIQQUAZTOL-ANMDKAQQSA-N
DB00440	PA451788	IEDVJHCEMCRBQM-UHFFFAOYSA-N
DB00441	PA449748	SDUQYLNIPVEERB-QPPQHZFASA-N
DB00442	PA164784025	QDGZDCVAUDNJFG-FXQIFTODSA-N
DB00443	PA164754818	UREBDLICKHMUKA-DVTGEIKXSA-N
DB00443	PA449247	UREBDLICKHMUKA-DVTGEIKXSA-N
DB00444	PA451611	NRUKOCRGYNPUPR-QBPJDGROSA-N
DB00445	PA449412	AOJJSUZBOXZQNB-VTZDEGQISA-N
DB00445	PA449476	AOJJSUZBOXZQNB-VTZDEGQISA-N
DB00446	PA448927	WIIZWVCIJKGZOK-RKDXNWHRSA-N
DB00447	PA164754806	JAPHQRWPEGVNBT-UTUOFQBUSA-N
DB00448	PA166110257	MJIHNNLFOKEZEW-UHFFFAOYSA-N
DB00448	PA450180	MJIHNNLFOKEZEW-UHFFFAOYSA-N
DB00449	PA449364	OCUJLLGVOUDECM-UHFFFAOYSA-N
DB00450	PA449422	RMEDXOLNCUSCGS-UHFFFAOYSA-N
DB00451	PA164748036	XUIIKFGFIJCVMT-LBPRGKRZSA-N
DB00451	PA164752444	XUIIKFGFIJCVMT-LBPRGKRZSA-N
DB00451	PA450221	XUIIKFGFIJCVMT-LBPRGKRZSA-N
DB00452	PA164743181	PGBHMTALBVVCIT-VCIWKGPPSA-N
DB00452	PA450608	PGBHMTALBVVCIT-VCIWKGPPSA-N
DB00454	PA450369	XADCESSVHJOZHK-UHFFFAOYSA-N
DB00455	PA450266	JCCNYMKQOSZNPW-UHFFFAOYSA-N
DB00456	PA448886	XIURVHNZVLADCM-IUODEOHRSA-N
DB00457	PA451093	IENZQIKPVFGBNW-UHFFFAOYSA-N
DB00458	PA449969	BCGWQEUPMDMJNV-UHFFFAOYSA-N
DB00459	PA448039	IHUNBGSDBOWDMA-AQFIFDHZSA-N
DB00460	PA451871	YTZALCGQUPRCGW-MXVXOLGGSA-N
DB00461	PA450572	BLXXJMDCKKHMKV-UHFFFAOYSA-N
DB00462	PA164784032	CXYRUNPLKGGUJF-JIRGPDKYSA-M
DB00463	PA164746525	FWJKNZONDWOGMI-UHFFFAOYSA-N
DB00465	PA450150	OZWKMVRBQXNZKK-UHFFFAOYSA-N
DB00466	PA164777007	VJKUPQSHOVKBCO-ZTYBEOBUSA-N
DB00467	PA449462	IDYZIJYBMGIQMJ-UHFFFAOYSA-N
DB00468	PA451209	LOUPRKONTZGTKE-WZBLMQSHSA-N
DB00468	PA451213	LOUPRKONTZGTKE-WZBLMQSHSA-N
DB00470	PA449421	CYQFCXCEBYINGO-IAGOWNOFSA-N
DB00471	PA450546	UCHDWCPVSPXUMX-TZIWLTJVSA-N
DB00472	PA449673	RTHCYVBBDHJXIQ-UHFFFAOYSA-N
DB00473	PA164746489	DKLKMKYDWHYZTD-UHFFFAOYSA-N
DB00474	PA164784030	NZXKDOXHBHYTKP-UHFFFAOYSA-N
DB00476	PA10066	ZEUITGRIYCTCEM-KRWDZBQOSA-N
DB00477	PA448964	ZPEIMTDSQAKGNT-UHFFFAOYSA-N
DB00478	PA164748038	UBCHPRBFMUDMNC-UHFFFAOYSA-N
DB00479	PA164744372	LKCWBDHBTVXHDL-RMDFUYIESA-N
DB00480	PA162363968	GOTYRUGSSMKFNF-UHFFFAOYSA-N
DB00481	PA451221	GZUITABIAKMVPG-UHFFFAOYSA-N
DB00482	PA448871	RZEKVGVHFLEQIL-UHFFFAOYSA-N
DB00484	PA448665	XYLJNLCSTIOKRM-UHFFFAOYSA-N
DB00485	PA164749649	YFAGHNZHGGCZAX-JKIFEVAISA-N
DB00486	PA164746998	GECBBEABIDMGGL-RTBURBONSA-N
DB00487	PA164742856	FHFYDNQZQSQIAI-UHFFFAOYSA-N
DB00488	PA164743136	UUVWYPNAQBNQJQ-UHFFFAOYSA-N
DB00489	PA451457	ZBMZVLHSJCTVON-UHFFFAOYSA-N
DB00490	PA448689	QWCRAEMEVRGPNT-UHFFFAOYSA-N
DB00491	PA164776726	IBAQFPQHRJAVAV-ULAWRXDQSA-N
DB00492	PA449710	BIDNLKIUORFRQP-XYGFDPSESA-N
DB00493	PA448852	GPRBEKHLDVQUJE-QSWIMTSFSA-N
DB00494	PA164748726	JRURYQJSLYLRLN-BJMVGYQFSA-N
DB00495	PA451954	HBOMLICNUCNMMY-XLPZGREQSA-N
DB00496	PA164774901	HXGBXQDTNZMWGS-RUZDIDTESA-N
DB00497	PA450741	BRUQQQPBMZOVGD-XFKAJCMBSA-N
DB00498	PA164784031	NFBAXHOPROOJAW-UHFFFAOYSA-N
DB00499	PA449685	MKXKFYHWDHIYRV-UHFFFAOYSA-N
DB00500	PA451721	UPSPUYADGBWSHF-UHFFFAOYSA-N
DB00501	PA449001	AQIXAKUUQRKLND-UHFFFAOYSA-N
DB00502	PA449841	LNEPOXFFQSENCJ-UHFFFAOYSA-N
DB00503	PA166160002	NCDNCNXCDXHOMX-XGKFQTDJSA-N
DB00503	PA166163408	NCDNCNXCDXHOMX-XGKFQTDJSA-N
DB00503	PA451260	NCDNCNXCDXHOMX-XGKFQTDJSA-N
DB00504	PA164749284	OZYUPQUCAUTOBP-QXAKKESOSA-N
DB00505	PA164746229	NPRHVSBSZMAEIN-UHFFFAOYSA-N
DB00507	PA164754874	YQNQNVDNTFHQSW-UHFFFAOYSA-N
DB00508	PA451773	XSCGXQMFQXDFCW-UHFFFAOYSA-N
DB00509	PA164748036	XUIIKFGFIJCVMT-GFCCVEGCSA-N
DB00509	PA164752444	XUIIKFGFIJCVMT-GFCCVEGCSA-N
DB00509	PA450221	XUIIKFGFIJCVMT-GFCCVEGCSA-N
DB00511	PA164746246	HPMZBILYSWLILX-UMDUKNJSSA-N
DB00512	PA451850	MYPYJXKWCTUITO-LYRMYLQWSA-N
DB00513	PA164774947	SLXKOJJOQWFEFD-UHFFFAOYSA-N
DB00514	PA449273	MKXZASYAUGDDCJ-NJAFHUGGSA-N
DB00515	PA166131585	LXZZYRPGZAFOLE-UHFFFAOYSA-L
DB00517	PA164754880	QSFKGMJOKUZAJM-UHFFFAOYSA-M
DB00518	PA164746058	HXHWSAZORRCQMX-UHFFFAOYSA-N
DB00519	PA451737	VXFJYXUZANRPDJ-WTNASJBWSA-N
DB00520	PA164743013	JYIKNQVWKBUSNH-QWDBRQCVSA-N
DB00521	PA164768736	LWAFSWPYPHEXKX-UHFFFAOYSA-N
DB00522	PA164750572	SPPTWHFVYKCNNK-FQEVSTJZSA-N
DB00523	PA164746900	SHGAZHPCJJPHSC-ZVCIMWCZSA-N
DB00523	PA450128	SHGAZHPCJJPHSC-ZVCIMWCZSA-N
DB00523	PA451746	SHGAZHPCJJPHSC-ZVCIMWCZSA-N
DB00524	PA164781022	AQCHWTWZEMGIFD-UHFFFAOYSA-N
DB00525	PA164752438	FUSNMLFNXJSCDI-UHFFFAOYSA-N
DB00526	PA131285527	ZROHGHOFXNOHSO-BNTLRKBRSA-L
DB00527	PA449286	PUFQVTATUTYEAL-UHFFFAOYSA-N
DB00528	PA164769058	ZDXUKAKRHYTAKV-UHFFFAOYSA-N
DB00529	PA449706	ZJAOAACCNHFJAH-UHFFFAOYSA-N
DB00530	PA134687924	AAKJLRGGTJKAMG-UHFFFAOYSA-N
DB00531	PA449165	CMSMOCZEIVJLDB-UHFFFAOYSA-N
DB00532	PA450373	GMHKMTDVRCWUDX-UHFFFAOYSA-N
DB00533	PA451268	RZJQGNCSTQAWON-UHFFFAOYSA-N
DB00534	PA164748977	BJFGVYCULWBXKF-UHFFFAOYSA-M
DB00535	PA164768739	RTXOFQZKPXMALH-GHXIOONMSA-N
DB00536	PA164781028	ZRALSGWEFCBTJO-UHFFFAOYSA-N
DB00537	PA449009	MYSWGUAQZAJSOK-UHFFFAOYSA-N
DB00538	PA164743703	HBEAOBRDTOXWRZ-UHFFFAOYSA-K
DB00539	PA451731	XFCLJVABOIYOMF-QPLCGJKRSA-N
DB00540	PA450657	PHVGLTMQBUFIQQ-UHFFFAOYSA-N
DB00541	PA451879	OGWKCGZFUXNPDA-CFWMRBGOSA-N
DB00542	PA448561	XPCFTKFZXHTYIP-PMACEKPBSA-N
DB00543	PA448405	QWGDMFLQWFTERH-UHFFFAOYSA-N
DB00544	PA128406956	GHASVSINZRGABV-UHFFFAOYSA-N
DB00545	PA451185	RVOLLAQWKVFTGE-UHFFFAOYSA-N
DB00546	PA164783813	GJSLOMWRLALDCT-UHFFFAOYSA-N
DB00547	PA164746011	VWVSBHGCDBMOOT-IIEHVVJPSA-N
DB00548	PA164754850	BDJRBEYXGGNYIS-UHFFFAOYSA-N
DB00549	PA451949	YEEZWCHGZNKEEK-UHFFFAOYSA-N
DB00550	PA451156	KNAHARQHSZJURB-UHFFFAOYSA-N
DB00551	PA164749213	RRUDCFGSUDOHDG-UHFFFAOYSA-N
DB00552	PA450863	FPVKHBSQESCIEP-JQCXWYLXSA-N
DB00553	PA450433	QXKHYNVANLEOEG-UHFFFAOYSA-N
DB00555	PA450164	PYZRQGJRPPTADH-UHFFFAOYSA-N
DB00556	PA164781354	QYSGYZVSCZSLHT-UHFFFAOYSA-N
DB00557	PA449943	ZQDWXGKKHFNSQK-UHFFFAOYSA-N
DB00558	PA164740891	ARAIBEBZBOPLMB-UFGQHTETSA-N
DB00559	PA10034	GJPICJJJRGTNOD-UHFFFAOYSA-N
DB00561	PA164784026	XFDJYSQDBULQSI-UHFFFAOYSA-N
DB00562	PA164776841	NDTSRXAMMQDVSW-UHFFFAOYSA-N
DB00563	PA450428	FBOZXECLQNJBKD-ZDUSSCGKSA-N
DB00564	PA448785	FFGPTBGBLSHEPO-UHFFFAOYSA-N
DB00565	PA164744925	YXSLJKQTIDHPOT-LJCJQEJUSA-N
DB00565	PA164776840	YXSLJKQTIDHPOT-LJCJQEJUSA-N
DB00566	PA451521	ACTRVOBWPAIOHC-XIXRPRMCSA-N
DB00567	PA448883	ZAIPMKNFIOOWCQ-UEKVPHQBSA-N
DB00568	PA164749342	DERZBLKQOCDDDZ-UHFFFAOYSA-N
DB00569	PA164746297	KANJSNBRCNMZMV-ABRZTLGGSA-N
DB00570	PA451877	JXLYSJRDGCGARV-CFWMRBGOSA-N
DB00571	PA451145	AQHHHDLHHXJYJD-UHFFFAOYSA-N
DB00572	PA164776844	RKUNBYITZUJHSG-SPUOUPEWSA-N
DB00572	PA448505	RKUNBYITZUJHSG-SPUOUPEWSA-N
DB00573	PA449597	RDJGLLICXDHJDY-UHFFFAOYSA-N
DB00574	PA164747936	DBGIVFWFUFKIQN-UHFFFAOYSA-N
DB00574	PA449592	DBGIVFWFUFKIQN-UHFFFAOYSA-N
DB00575	PA449051	GJSURZIOUXUGAL-UHFFFAOYSA-N
DB00576	PA164781307	VACCAVUAMIDAGB-UHFFFAOYSA-N
DB00577	PA451839	HDOVUKNUBWVHOX-QMMMGPOBSA-N
DB00578	PA448788	FPPNZSSZRUTDAP-UWFZAAFLSA-N
DB00579	PA450326	ZPXSCAKFGYXMGA-UHFFFAOYSA-N
DB00580	PA10226	LNPDTQAFDNKSHK-UHFFFAOYSA-N
DB00581	PA164748762	JCQLYHFGKNRPGE-FCVZTGTOSA-N
DB00582	PA10233	BCEHBSKCWLPMDN-MGPLVRAMSA-N
DB00583	PA450154	PHIQHXFUZVPYII-ZCFIWIBFSA-N
DB00584	PA449456	GBXSMTUPTTWBMN-XIRDDKMYSA-N
DB00585	PA164752234	SGXXNSQHWDMGGP-UHFFFAOYSA-N
DB00586	PA449293	DCOPUUMXTXDBNB-UHFFFAOYSA-N
DB00587	PA164743057	BZMKNPGKXJAIDV-VAWYXSNFSA-N
DB00588	PA449686	WMWTYOKRWGGJOA-CENSZEJFSA-N
DB00589	PA164749019	BKRGVLQUQGGVSM-KBXCAEBGSA-N
DB00590	PA449407	RUZYUOTYCVRMRZ-UHFFFAOYSA-N
DB00591	PA164754912	FEBLZLNTKCEFIT-VSXGLTOVSA-N
DB00592	PA450977	GLUUGHFHXGJENI-UHFFFAOYSA-N
DB00593	PA449533	HAPOVYFOVVWLRS-UHFFFAOYSA-N
DB00594	PA448368	XSDQTOBWRPYKKA-UHFFFAOYSA-N
DB00597	PA164746463	DPNNNPAKRZOSMO-UHFFFAOYSA-K
DB00598	PA164743150	SGUAFYQXFOLMHL-UHFFFAOYSA-N
DB00599	PA451664	IUJDSEJGGMCXSG-UHFFFAOYSA-N
DB00600	PA164764582	VYQNWZOUAUKGHI-UHFFFAOYSA-N
DB00601	PA450233	TYZROVQLWOKYKF-ZDUSSCGKSA-N
DB00602	PA450133	SPBDXSGPUHCETR-CVSKBELMSA-N
DB00604	PA449011	DCSUBABJRXZOMT-IRLDBZIGSA-N
DB00605	PA451565	MLKXDPUZXIRXEP-MFOYZWKCSA-N
DB00606	PA449168	BOCUKUHCLICSIY-UHFFFAOYSA-N
DB00607	PA450576	GPXLMGHLHQJAGZ-JTDSTZFVSA-N
DB00608	PA448948	WHTVZRBIWZFKQO-UHFFFAOYSA-N
DB00609	PA164768738	AEOCXXJPGCBFJA-UHFFFAOYSA-N
DB00610	PA164748761	WXFIGDLSSYIKKV-RCOVLWMOSA-N
DB00611	PA164745398	IFKLAQQSCNILHL-PWRODBHTSA-N
DB00612	PA448641	VHYCDWMUTMEGQY-UHFFFAOYSA-N
DB00613	PA448404	OVCDSSHSILBFBN-UHFFFAOYSA-N
DB00614	PA164746760	PLHJDBGFXBMTGZ-UHFFFAOYSA-N
DB00615	PA451249	ATEBXHFBFRCZMA-VXTBVIBXSA-N
DB00616	PA164764517	ZTWZVMIYIIVABD-OEMFJLHTSA-N
DB00617	PA164748880	VQASKUSHBVDKGU-UHFFFAOYSA-N
DB00619	PA10804	KTUFNOKKBVMGRW-UHFFFAOYSA-N
DB00620	PA451749	GFNANZIMVAIWHM-OBYCQNJPSA-N
DB00621	PA164749395	QSLJIVKCVHQPLV-PEMPUTJUSA-N
DB00622	PA450620	ZBBHBTPTTSWHBA-UHFFFAOYSA-N
DB00623	PA449676	PLDUPXSUYLZYBN-UHFFFAOYSA-N
DB00624	PA451627	MUMGGOZAMZWBJJ-DYKIIFRCSA-N
DB00625	PA449441	XPOQHMRABVBWPR-ZDUSSCGKSA-N
DB00627	PA450617	PVNIIMVLHYAWGP-UHFFFAOYSA-N
DB00628	PA164749297	XDDJGVMJFWAHJX-UHFFFAOYSA-N
DB00629	PA164774903	WDZVGELJXXEGPV-UHFFFAOYSA-N
DB00630	PA448082	OGSPWJRAVKPPFI-UHFFFAOYSA-N
DB00631	PA164754863	WDDPHFBMKLOVOX-AYQXTPAHSA-N
DB00632	PA164749211	NOPFSRXAKWQILS-UHFFFAOYSA-N
DB00633	PA449256	CUHVIMMYOGQXCV-NSHDSACASA-N
DB00634	PA451536	SKIVFJLNDNKQPD-UHFFFAOYSA-N
DB00635	PA451100	XOFYZVNMUHMLCC-ZPOLXVRWSA-N
DB00636	PA449045	KNHUKKLJHYUCFP-UHFFFAOYSA-N
DB00637	PA448498	GXDALQBWZGODGZ-UHFFFAOYSA-N
DB00639	PA164781353	SWLMUYACZKCSHZ-UHFFFAOYSA-N
DB00640	PA448049	OIRDTQYFTABQOQ-KQYNXXCUSA-N
DB00641	PA451363	RYMZZMVNJRMUDD-HGQWONQESA-N
DB00642	PA10810	WBXPDJSOTKVWSJ-ZDUSSCGKSA-N
DB00643	PA164776669	OPXLLQIJSORQAM-UHFFFAOYSA-N
DB00644	PA449801	XLXSAKCOAKORKW-UHFFFAOYSA-N
DB00645	PA164748037	BZEWSEKUUPWQDQ-UHFFFAOYSA-N
DB00647	PA451142	XLMALTXPSGQGBX-GCJKJVERSA-N
DB00648	PA164746157	JWBOIMRXGHLCPP-UHFFFAOYSA-N
DB00649	PA451494	XNKLLVCARDGLGL-JGVFFNPUSA-N
DB00650	PA450198	VVIAGPKUTFNRDU-ABLWVSNPSA-N
DB00651	PA164748027	KSCFJBIXMNOVSH-UHFFFAOYSA-N
DB00652	PA164744326	VOKSWYLNZZRQPF-GDIGMMSISA-N
DB00653	PA164712884	CSNNHWWHGAXBCP-UHFFFAOYSA-L
DB00653	PA450302	CSNNHWWHGAXBCP-UHFFFAOYSA-L
DB00654	PA164774763	GGXICVAJURFBLW-CEYXHVGTSA-N
DB00655	PA449512	DNXHEGUUPJUMQT-CBZIJGRNSA-N
DB00656	PA451744	PHLBKPHSAVXXEF-UHFFFAOYSA-N
DB00657	PA450334	IMYZQPCYWPFTAG-UHFFFAOYSA-N
DB00658	PA164781197	ZNSIZMQNQCNRBW-UHFFFAOYSA-N
DB00659	PA10344	AFCGFAGUEYAMAO-UHFFFAOYSA-N
DB00660	PA164747189	IMWZZHHPURKASS-UHFFFAOYSA-N
DB00661	PA451868	SGTNSNPWRIOYBX-UHFFFAOYSA-N
DB00662	PA164764516	FEZBIKUBAYAZIU-UHFFFAOYSA-N
DB00664	PA164747038	KXRZBTAEDBELFD-UHFFFAOYSA-N
DB00665	PA450632	XWXYUMMDTVBTOU-UHFFFAOYSA-N
DB00666	PA164754805	RWHUEXWOYVBUCI-ITQXDASVSA-N
DB00668	PA449470	UCTWMZQNUQWSLP-VIFPVBQESA-N
DB00669	PA451566	KQKPFRSPSRPDEB-UHFFFAOYSA-N
DB00670	PA10159	RMHMFHUVIITRHF-UHFFFAOYSA-N
DB00671	PA164768821	OKBVVJOGVLARMR-QSWIMTSFSA-N
DB00672	PA448966	RKWGIWYCVPQPMF-UHFFFAOYSA-N
DB00673	PA164747039	ATALOFNDEOCMKK-OITMNORJSA-N
DB00674	PA449726	ASUTZQLVASHGKV-JDFRZJQESA-N
DB00675	PA451581	NKANXQFJJICGDU-QPLCGJKRSA-N
DB00676	PA164748881	SESFRYSPDFLNCH-UHFFFAOYSA-N
DB00677	PA164748933	MUCZHBLJLSDCSD-UHFFFAOYSA-N
DB00678	PA450268	PSIFNNKUMBGKDQ-UHFFFAOYSA-N
DB00679	PA451666	KLBQZWRITKRQQV-UHFFFAOYSA-N
DB00680	PA164747738	FUBVWMNBEHXPSU-UHFFFAOYSA-N
DB00681	PA448415	APKFDSVGJQXUKY-INPOYWNPSA-N
DB00683	PA450496	DDLIGBOFAVUZHB-UHFFFAOYSA-N
DB00684	PA451704	NLVFBUXFDBBNBW-PBSUHMDJSA-N
DB00685	PA164749184	WVPSKSLAZQPAKQ-CDMJZVDBSA-N
DB00686	PA164774806	FCCNSUIJIOOXEZ-SJYYZXOBSA-N
DB00687	PA164743961	AAXVEMMRQDVLJB-BULBTXNYSA-N
DB00688	PA450566	RTGDFNSFWBGLEC-SYZQJQIISA-N
DB00689	PA164781027	FUBBGQLTSCSAON-PBFPGSCMSA-N
DB00690	PA449681	SAADBVWGJQAEFS-UHFFFAOYSA-N
DB00691	PA164769059	UWWDHYUMIORJTA-HSQYWUDLSA-N
DB00692	PA450926	MRBDMNSDAVCSSF-UHFFFAOYSA-N
DB00693	PA164746009	GNBHRKFJIUUOQI-UHFFFAOYSA-N
DB00694	PA449212	STQGQHZAVUOBTE-VGBVRHCVSA-N
DB00695	PA449719	ZZUFCTLCJUWOSV-UHFFFAOYSA-N
DB00696	PA164747651	XCGSFFUVFURLIX-VFGNJEKYSA-N
DB00697	PA451701	XFYDIVBRZNQMJC-UHFFFAOYSA-N
DB00698	PA450640	NXFQHRVNIOXGAQ-YCRREMRBSA-N
DB00699	PA164743014	YSEXMKHXIOCEJA-FVFQAYNVSA-N
DB00700	PA164749044	JUKPWJGBANNWMW-VWBFHTRKSA-N
DB00701	PA448422	YMARZQAQMVYCKC-OEMFJLHTSA-N
DB00703	PA450413	FLOSMHQXBMRNHR-UHFFFAOYSA-N
DB00704	PA450588	DQCKKXVULJGBQN-XFWGSAIBSA-N
DB00705	PA449223	WHBIGIKBNXZKFE-UHFFFAOYSA-N
DB00706	PA451583	DRHKJLXJIQTDTD-OAHLLOKOSA-N
DB00708	PA451527	GGCSSNBKKAUURC-UHFFFAOYSA-N
DB00709	PA450163	JTEGQNOMFQHVDC-NKWVEPMBSA-N
DB00710	PA10270	MPBVHIBUJCELCL-UHFFFAOYSA-N
DB00711	PA164748883	RCKMWOKWVGPNJF-UHFFFAOYSA-N
DB00712	PA449683	SYTBZMRGLBWNTM-UHFFFAOYSA-N
DB00713	PA450725	UWYHMGVUTGAWSP-JKIFEVAISA-N
DB00714	PA164781163	VMWNQDUVQKEIOC-CYBMUJFWSA-N
DB00715	PA450801	AHOUBRCZNHFOSL-YOEHRIQHSA-N
DB00716	PA450601	RQTOOFIXOKYGAN-UHFFFAOYSA-N
DB00717	PA450651	VIKNJXKGJWUCNN-XGXHKTLJSA-N
DB00718	PA10005	WOZSCQDILHKSGG-UHFFFAOYSA-N
DB00719	PA164747157	SEBMTIQKRHYNIT-UHFFFAOYSA-N
DB00720	PA10239	ACSIXWWBWUQEHA-UHFFFAOYSA-N
DB00721	PA451110	MFDFERRIHVXMIY-UHFFFAOYSA-N
DB00722	PA450242	RLAWWYSOJDYHDC-BZSNNMDCSA-N
DB00723	PA450431	WJAJPNHVVFWKKL-UHFFFAOYSA-N
DB00724	PA449972	DOUYETYNHWVLEO-UHFFFAOYSA-N
DB00725	PA164749405	FUFVKLQESJNNAN-UHFFFAOYSA-M
DB00726	PA451791	ZSCDBOWYZJWBIY-UHFFFAOYSA-N
DB00727	PA450644	SNIOPGDIGTZGOP-UHFFFAOYSA-N
DB00728	PA164754992	YXRDKMPIGHSVRX-OOJCLDBCSA-N
DB00730	PA164746466	WJCNZQLZVWNLKY-UHFFFAOYSA-N
DB00731	PA450600	OELFLUMRDSZNSF-BRWVUGGUSA-N
DB00732	PA164744925	XXZSQOVSEBAPGS-UHFFFAOYSA-L
DB00732	PA164776840	XXZSQOVSEBAPGS-UHFFFAOYSA-L
DB00733	PA164744926	JBKPUQTUERUYQE-UHFFFAOYSA-O
DB00734	PA451257	RAPZEAPATHNIPO-UHFFFAOYSA-N
DB00735	PA164748617	OZGNYLLQHRPOBR-UHFFFAOYSA-N
DB00736	PA10075	SUBDBMMJDZJVOS-DEOSSOPVSA-N
DB00736	PA450704	SUBDBMMJDZJVOS-DEOSSOPVSA-N
DB00737	PA450338	OCJYIGYOJCODJL-UHFFFAOYSA-N
DB00738	PA450850	XDRYMKDFEDOLFX-UHFFFAOYSA-N
DB00739	PA164746559	DXVUYOAEDJXBPY-NFFDBFGFSA-N
DB00740	PA451251	FTALBRSUTCGOEG-UHFFFAOYSA-N
DB00741	PA449905	JYGXADMDTFJGBT-VWUMJDOOSA-N
DB00742	PA450320	FBPFZTCFMRRESA-KVTDHHQDSA-N
DB00742	PA451455	FBPFZTCFMRRESA-KVTDHHQDSA-N
DB00743	PA164745426	MXZROTBGJUUXID-UHFFFAOYSA-K
DB00744	PA451955	MWLSOWXNZPKENC-UHFFFAOYSA-N
DB00745	PA450530	YFGHCGITMMYXAQ-UHFFFAOYSA-N
DB00746	PA164746490	UBQYURCVBFRUQT-UHFFFAOYSA-N
DB00747	PA451308	STECJAGHUSJQJN-FWXGHANASA-N
DB00748	PA164746898	OJFSXZCBGQGRNV-UHFFFAOYSA-N
DB00749	PA449550	NNYBQONXHNTVIJ-UHFFFAOYSA-N
DB00750	PA451101	MVFGUOIZUNYYSO-UHFFFAOYSA-N
DB00751	PA164764489	WHWZLSFABNNENI-UHFFFAOYSA-N
DB00752	PA451741	AELCINSCMGFISI-UHFFFAOYSA-N
DB00753	PA450106	PIWKPBJCKXDKJR-UHFFFAOYSA-N
DB00754	PA164768735	SZQIFWWUIBRPBZ-UHFFFAOYSA-N
DB00755	PA164746900	SHGAZHPCJJPHSC-YCNIQYBTSA-N
DB00755	PA450128	SHGAZHPCJJPHSC-YCNIQYBTSA-N
DB00755	PA451746	SHGAZHPCJJPHSC-YCNIQYBTSA-N
DB00756	PA449871	ACGUYXCXAPNIKK-UHFFFAOYSA-N
DB00757	PA449390	UKTAZPQNNNJVKR-KJGYPYNMSA-N
DB00758	PA449053	GKTWGGQPFAXNFI-HNNXBMFYSA-N
DB00761	PA451055	WCUXLLCKKVVCTQ-UHFFFAOYSA-M
DB00762	PA450085	UWKQSNNFCGGAFS-XIFFEERXSA-N
DB00763	PA450422	PMRYVIKBURPHAH-UHFFFAOYSA-N
DB00764	PA450541	QLIIKPVHVRXHRI-CXSFZGCWSA-N
DB00765	PA450487	NHTGHBARYWONDQ-JTQLQIEISA-N
DB00766	PA164742987	HZZVJAQRINQKSD-PBFISZAISA-N
DB00767	PA164749018	JSZILQVIPPROJI-UHFFFAOYSA-N
DB00768	PA450698	JBIMVDZLSHOPLA-LSCVHKIXSA-N
DB00769	PA164745515	FWFVLWGEFDIZMJ-FOMYWIRZSA-N
DB00770	PA448334	GMVPRGQOIOIIMI-DWKJAMRDSA-N
DB00771	PA164781044	HOOSGZJRQIVJSZ-NNBUQUNQSA-N
DB00772	PA164748092	JXSJBGJIGXNWCI-UHFFFAOYSA-N
DB00773	PA449552	VJJPUSNTGOMMGY-MRVIYFEKSA-N
DB00774	PA164752557	DMDGGSIALPNSEE-UHFFFAOYSA-N
DB00775	PA451698	COKMIXFXJJXBQG-NRFANRHFSA-N
DB00776	PA450732	CTRLABGOLIVAIY-UHFFFAOYSA-N
DB00777	PA164778685	UVOIBTBFPOZKGP-UHFFFAOYSA-N
DB00778	PA164750505	RXZBMPWDPOLZGW-HITVVWEBSA-N
DB00779	PA164746384	MHWLWQUZZRMNGJ-UHFFFAOYSA-N
DB00780	PA450903	RMUCZJUITONUFY-UHFFFAOYSA-N
DB00781	PA451027	WQVJHHACXVLGBL-BPJDFBQWSA-N
DB00782	PA164746224	VVWYOYDLCMFIEM-UHFFFAOYSA-N
DB00783	PA449503	VOXZDWNPVJITMN-ZBRFXRBCSA-N
DB00784	PA450347	HYYBABOKPJLUIN-UHFFFAOYSA-N
DB00786	PA164748329	OCSMOTCMPXTDND-OUAUKWLOSA-N
DB00787	PA448045	MKUXAQIIEYXACX-UHFFFAOYSA-N
DB00788	PA450595	CMWTZPSULFXXJA-VIFPVBQESA-N
DB00790	PA450877	IPVQLZZIHOAWMC-QXKUPLGCSA-N
DB00791	PA451830	IDPUKCWIGUEADI-UHFFFAOYSA-N
DB00792	PA164764429	UFLGIAIHIAPJJC-UHFFFAOYSA-N
DB00793	PA164768737	CTETYYAZBPJBHE-UHFFFAOYSA-N
DB00794	PA451105	DQMZLTXERSFNPB-UHFFFAOYSA-N
DB00797	PA451716	JIVZKJJQOZQXQB-UHFFFAOYSA-N
DB00798	PA449753	CEAZRRDELHUEMR-UHFFFAOYSA-N
DB00799	PA164746821	OGQICQVSFDPSEI-UHFFFAOYSA-N
DB00800	PA164784034	TVURRHSHRRELCG-UHFFFAOYSA-N
DB00801	PA164746526	WYCLKVQLVUQKNZ-UHFFFAOYSA-N
DB00802	PA448084	IDBPHNDTYPBSNI-UHFFFAOYSA-N
DB00803	PA164760862	YKQOSKADJPQZHB-BRLOSWAASA-N
DB00804	PA164744928	CURUTKGFNZGFSE-UHFFFAOYSA-N
DB00805	PA164748351	LDMWSLGGVTVJPG-UHFFFAOYSA-N
DB00806	PA450864	BYPFEZZEUUWMEJ-UHFFFAOYSA-N
DB00807	PA164776849	KCLANYCVBBTKTO-UHFFFAOYSA-N
DB00808	PA449975	NDDAHWYSQHTHNT-UHFFFAOYSA-N
DB00809	PA164749389	BGDKAVGWHJFAGW-UHFFFAOYSA-N
DB00810	PA448626	YSXKPIUOCJLQIE-UHFFFAOYSA-N
DB00811	PA451241	IWUCXVSUMQZMFG-AFCXAGJDSA-N
DB00812	PA450932	VYMDGNCVAMGZFE-UHFFFAOYSA-N
DB00813	PA449599	PJMPHNIQZUBGLI-UHFFFAOYSA-N
DB00815	PA451398	DBMJMQXJHONAFJ-UHFFFAOYSA-M
DB00816	PA450390	LMOINURANNBYCM-UHFFFAOYSA-N
DB00817	PA164776843	XBPZXDSZHPDXQU-UHFFFAOYSA-N
DB00818	PA451141	OLBCVFGFOZPWHH-UHFFFAOYSA-N
DB00819	PA448018	BZKPWHYZMXOIDC-UHFFFAOYSA-N
DB00820	PA10333	WOXKDUGGOYFFRN-IIBYNOLFSA-N
DB00821	PA164781361	PUXBGTOOZJQSKH-UHFFFAOYSA-N
DB00822	PA449376	AUZONCFQVSMFAP-UHFFFAOYSA-N
DB00823	PA164749157	ONKUMRGIYFNPJW-KIEAKMPYSA-N
DB00824	PA164749350	SIQPXVQCUCHWDI-UHFFFAOYSA-N
DB00825	PA164776605	NOOLISFMXDJSKH-KXUCPTDWSA-N
DB00826	PA164744325	NCXMLFZGDNKEPB-FFPOYIOWSA-N
DB00827	PA449007	VDUWPHTZYNWKRN-UHFFFAOYSA-N
DB00828	PA164748039	YMDXZJFXQJVXBF-STHAYSLISA-N
DB00829	PA449283	AAOVKJBEBIDNHE-UHFFFAOYSA-N
DB00830	PA164747188	OOBHFESNSZDWIU-UHFFFAOYSA-N
DB00831	PA451771	ZEWQUBUPAILYHI-UHFFFAOYSA-N
DB00832	PA164771230	WLWFNJKHKGIJNW-UHFFFAOYSA-N
DB00833	PA164749137	QYIYFLOTGYLRGG-GPCCPHFNSA-N
DB00834	PA450500	VKHAHZOOUSRJNA-GCNJZUOMSA-N
DB00835	PA164746251	ZDIGNSYAACHWNL-UHFFFAOYSA-N
DB00835	PA448675	ZDIGNSYAACHWNL-UHFFFAOYSA-N
DB00836	PA450262	RDOIQAHITMMDAJ-UHFFFAOYSA-N
DB00839	PA164774902	OUDSBRTVNLOZBN-UHFFFAOYSA-N
DB00841	PA449381	JRWZLRBJNMZMFE-UHFFFAOYSA-N
DB00842	PA450731	ADIMAYPTOBDMTL-UHFFFAOYSA-N
DB00843	PA449394	ADEBPBSSDYVVLD-UHFFFAOYSA-N
DB00844	PA164745372	NETZHAKZCGBWSS-CEDHKZHLSA-N
DB00845	PA164748759	WDQPAMHFFCXSNU-UHFFFAOYSA-N
DB00846	PA164750513	POPFMWWJOGLOIF-XWCQMRHXSA-N
DB00847	PA449171	UFULAYFCSOUIOV-UHFFFAOYSA-N
DB00848	PA450205	HLFSDGLLUJUHTE-SNVBAGLBSA-N
DB00849	PA450374	ALARQZQTBTVLJV-UHFFFAOYSA-N
DB00850	PA450882	RGCVKNLCSQQDEP-UHFFFAOYSA-N
DB00852	PA449466	KWGRBVOPPLSCSI-WCBMZHEXSA-N
DB00852	PA451170	KWGRBVOPPLSCSI-WCBMZHEXSA-N
DB00853	PA451609	BPEGJWRSRHCHSN-UHFFFAOYSA-N
DB00854	PA164744368	JAQUASYNZVUNQP-USXIJHARSA-N
DB00855	PA10015	ZGXJTSGNIOSYLO-UHFFFAOYSA-N
DB00856	PA164784022	MXOAEAUPQDYUQM-UHFFFAOYSA-N
DB00857	PA451614	DOMXUEMWDBAQBQ-WEVVVXLNSA-N
DB00859	PA450840	VVNCNSJFMMFHPL-VKHMYHEASA-N
DB00860	PA451096	OIGNJSKKLXVSLS-VWUMJDOOSA-N
DB00861	PA449313	HUPFGZXOMWLGNK-UHFFFAOYSA-N
DB00862	PA10229	SECKRCOLJRRGGV-UHFFFAOYSA-N
DB00863	PA451224	VMXUWOKSQNHOCA-UHFFFAOYSA-N
DB00864	PA451578	QJJXYPPXXYFBGM-LFZNUXCKSA-N
DB00865	PA448586	YXKTVDFXDRQTKV-HNNXBMFYSA-N
DB00866	PA164750541	PAZJSJFMUHDSTF-UHFFFAOYSA-N
DB00867	PA451258	IOVGROKTTNBUGK-SJCJKPOMSA-N
DB00868	PA164745459	MAFMQEKGGFWBAB-UHFFFAOYSA-N
DB00869	PA164748765	IAVUPMFITXYVAF-XPUUQOCRSA-N
DB00870	PA451569	MDKGKXOCJGEUJW-UHFFFAOYSA-N
DB00871	PA451616	XWTYSIMOBUGWOL-UHFFFAOYSA-N
DB00872	PA164742939	IKENVDNFQMCRTR-UHFFFAOYSA-N
DB00874	PA449818	HSRJKNPTNIJEKV-UHFFFAOYSA-N
DB00875	PA10268	NJMYODHXAKYRHW-DVZOWYKESA-N
DB00876	PA449481	OROAFUQRIXKEMV-LDADJPATSA-N
DB00877	PA451365	QFJCIRLUMZQUOT-HPLJOQBZSA-N
DB00878	PA164776863	GHXZTYHSJHQHIJ-UHFFFAOYSA-N
DB00879	PA10069	XQSPYNMVSIKCOC-NTSWFWBYSA-N
DB00880	PA448953	JBMKAUGHUNFTOL-UHFFFAOYSA-N
DB00881	PA451205	JSDRRTOADPPCHY-HSQYWUDLSA-N
DB00882	PA449046	GKIRPKYJQBWNGO-UHFFFAOYSA-N
DB00883	PA450125	MOYKHGMNXAOIAT-JGWLITMVSA-N
DB00884	PA451255	IIDJRNMFWXDHID-UHFFFAOYSA-N
DB00885	PA164781018	HIANJWSAHKJQTH-UHFFFAOYSA-N
DB00887	PA448682	MAEIEVLCKWDQJH-UHFFFAOYSA-N
DB00888	PA450336	HAWPXGHAZFHHAD-UHFFFAOYSA-N
DB00889	PA449809	MFWNKCLOYSRHCJ-BTTYYORXSA-N
DB00890	PA164745534	NFDFQCUYFHCNBW-SCGPFSFSSA-N
DB00891	PA164779050	GECHUMIMRBOMGK-UHFFFAOYSA-N
DB00892	PA164764617	CMHHMUWAYWTMGS-UHFFFAOYSA-N
DB00894	PA164743056	BPEWUONYVDABNZ-DZBHQSCQSA-N
DB00895	PA450280	IMPVZRLKKKXMKQ-SGDOCVTFSA-N
DB00896	PA164752251	QTTRZHGPGKRAFB-OOKHYKNYSA-N
DB00897	PA451753	JOFWLTCLBGQGBO-UHFFFAOYSA-N
DB00898	PA448073	LFQSCWFLJHTTHZ-UHFFFAOYSA-N
DB00899	PA451232	ZTVQQQVZCWLTDF-UHFFFAOYSA-N
DB00900	PA449301	BXZVVICBKDXVGW-NKWVEPMBSA-N
DB00902	PA164743018	HTMIBDQKFHUPSX-UHFFFAOYSA-N
DB00903	PA449518	AVOLMBLBETYQHX-UHFFFAOYSA-N
DB00904	PA450705	FELGMEQIXOGIFQ-UHFFFAOYSA-N
DB00905	PA164748867	AQOKCDNYWBIDND-FTOWTWDKSA-N
DB00906	PA451682	PBJUNZJWGZTSKL-MRXNPFEDSA-N
DB00907	PA449072	ZPUCINDJVBIVPJ-LJISPDSOSA-N
DB00908	PA451209	LOUPRKONTZGTKE-LHHVKLHASA-N
DB00908	PA451213	LOUPRKONTZGTKE-LHHVKLHASA-N
DB00909	PA451978	UBQNRHZMVUUOMG-UHFFFAOYSA-N
DB00910	PA450798	BPKAHTKRCLCHEA-UBFJEZKGSA-N
DB00911	PA10813	HJLSLZFTEKNLFI-UHFFFAOYSA-N
DB00912	PA451234	FAEKWTJYAYMJKF-QHCPKHFHSA-N
DB00913	PA164768817	LKYQLAWMNBFNJT-UHFFFAOYSA-N
DB00914	PA1000	ICFJFFQQTFMIBG-UHFFFAOYSA-N
DB00915	PA448360	DKNWSYNQZKUICI-UHFFFAOYSA-N
DB00916	PA450484	VAOCPAMSLUNLGC-UHFFFAOYSA-N
DB00917	PA449345	XEYBRNLFEZDVAW-ARSRFYASSA-N
DB00918	PA10246	WKEMJKQOLOHJLZ-UHFFFAOYSA-N
DB00919	PA164781342	UNFWWIHTNXNPBV-WXKVUWSESA-N
DB00920	PA450152	ZCVMWBYGMWKGHF-UHFFFAOYSA-N
DB00921	PA448685	RMRJXGBAOAMLHD-IHFGGWKQSA-N
DB00922	PA164749138	WHXMKTBCFHIYNQ-SECBINFHSA-N
DB00923	PA164746057	SLAYUXIURFNXPG-CRAIPNDOSA-N
DB00924	PA449160	JURKNVYFZMSNLP-UHFFFAOYSA-N
DB00925	PA450919	QZVCTJOXCFMACW-UHFFFAOYSA-N
DB00926	PA449554	HQMNCQVAMBCHCO-UHFFFAOYSA-N
DB00927	PA449586	XUFQPHANEAPEMJ-UHFFFAOYSA-N
DB00928	PA451996	NMUSYJAQQFHJEW-KVTDHHQDSA-N
DB00929	PA450523	OJLOPKGSLYJEMD-URPKTTJQSA-N
DB00933	PA450386	SLVMESMUVMCQIY-UHFFFAOYSA-N
DB00934	PA450322	QSLMDECMDJKHMQ-UHFFFAOYSA-N
DB00935	PA164748840	WYWIFABBXFUGLM-UHFFFAOYSA-N
DB00936	PA451299	YGSDEFSMJLZEOE-UHFFFAOYSA-N
DB00937	PA164778098	XXEPPPIWZFICOJ-UHFFFAOYSA-N
DB00938	PA451300	GIIZNNXWQWCKIB-UHFFFAOYSA-N
DB00939	PA450341	SBDNJUWAMKYJOX-UHFFFAOYSA-N
DB00940	PA164747037	GZHFODJQISUKAY-UHFFFAOYSA-N
DB00941	PA164743020	HDZAQYPYABGTCL-UHFFFAOYSA-N
DB00942	PA164749387	SWRUZBWLEWHWRI-UHFFFAOYSA-N
DB00943	PA451950	WREGKURFCTUGRC-POYBYMJQSA-N
DB00944	PA164745610	RWZVPVOZTJJMNU-UHFFFAOYSA-N
DB00945	PA448497	BSYNRYMUTXBXSQ-UHFFFAOYSA-N
DB00947	PA164747170	VWUXBMIQPBEWFH-WCCTWKNTSA-N
DB00948	PA164750540	YPBATNHYBCGSSN-VWPFQQQWSA-N
DB00949	PA449590	WKGXYQFOCVYPAC-UHFFFAOYSA-N
DB00950	PA449621	RWTNPBWLLIMQHL-UHFFFAOYSA-N
DB00951	PA450112	QRXWMOHMRWLFEY-UHFFFAOYSA-N
DB00952	PA450597	AMKVXSZCKVJAGH-UHFFFAOYSA-N
DB00953	PA451264	ULFRLSNUDGIQQP-UHFFFAOYSA-N
DB00954	PA449368	WLOHNSSYAXHWNR-DWIOZXRMSA-N
DB00955	PA164754913	CIDUJQMULVCIBT-MQDUPKMGSA-N
DB00956	PA449900	LLPOLZWFYMWNKH-CMKMFDCUSA-N
DB00957	PA164744346	KIQQMECNKUGGKA-NMYWJIRASA-N
DB00958	PA166131585	OLESAACUTLOWQZ-UHFFFAOYSA-L
DB00959	PA450466	VHRSUDSXCMQTMA-PJHHCJLFSA-N
DB00960	PA450966	JZQKKSLKJUAGIC-UHFFFAOYSA-N
DB00961	PA164748741	INWLQCZOYSRPNW-UHFFFAOYSA-N
DB00962	PA451952	HUNXMJYCHXQEGX-UHFFFAOYSA-N
DB00963	PA448670	ZBPLOVFIXSTCRZ-UHFFFAOYSA-N
DB00964	PA164748866	IEJXVRYNEISIKR-UHFFFAOYSA-N
DB00966	PA451605	RMMXLENWKUUMAY-UHFFFAOYSA-N
DB00967	PA164776964	JAUOIFJMECXRGI-UHFFFAOYSA-N
DB00968	PA450453	CJCSPKMFHVPWAR-JTQLQIEISA-N
DB00969	PA164745502	JSWZEAMFRNKZNL-UHFFFAOYSA-N
DB00970	PA151917012	RJURFGZVJUQBHK-IIXSONLDSA-N
DB00972	PA448517	MBUVEWMHONZEQD-UHFFFAOYSA-N
DB00973	PA10816	OLNTVTPDXPETLC-XPWALMASSA-N
DB00974	PA449439	KCXVZYZYPLLWCC-UHFFFAOYSA-N
DB00975	PA449367	IZEKFCXSFNUWAM-UHFFFAOYSA-N
DB00976	PA10202	LJVAJPDWBABPEJ-PNUFFHFMSA-N
DB00977	PA449527	BFPYWIDHMRZLRN-SLHNCBLASA-N
DB00978	PA164749165	ZEKZLJVOYLTDKK-UHFFFAOYSA-N
DB00979	PA164743019	SKYSRIRYMSLOIN-UHFFFAOYSA-N
DB00980	PA164744896	YLXDSYKOBKBWJQ-LBPRGKRZSA-N
DB00981	PA450957	PIJVFDBKTWXHHD-HIFRSBDPSA-N
DB00982	PA164746900	SHGAZHPCJJPHSC-XFYACQKRSA-N
DB00982	PA450128	SHGAZHPCJJPHSC-XFYACQKRSA-N
DB00982	PA451746	SHGAZHPCJJPHSC-XFYACQKRSA-N
DB00983	PA134687907	BPZSYCZIITTYBL-UHFFFAOYSA-N
DB00983	PA164743977	BPZSYCZIITTYBL-UHFFFAOYSA-N
DB00985	PA449349	NFLLKCVHYJRNRH-UHFFFAOYSA-N
DB00986	PA164754882	ANGKOCUUWGHLCE-UHFFFAOYSA-N
DB00987	PA449177	UHDGCWIWMRVCDJ-CCXZUQQUSA-N
DB00988	PA449396	VYFYYTLLBUKUHU-UHFFFAOYSA-N
DB00989	PA451262	XSVMFMHYUFZWBK-NSHDSACASA-N
DB00990	PA449563	BFYIZQONLCFLEV-DAELLWKTSA-N
DB00991	PA450730	OFPXSFXSNFPTHF-UHFFFAOYSA-N
DB00992	PA164784028	YUUAYBAIHCDHHD-UHFFFAOYSA-N
DB00993	PA448515	LMEKQMALGUDUQG-UHFFFAOYSA-N
DB00995	PA448510	AUJRCFUBUPVWSZ-XTZHGVARSA-M
DB00996	PA449720	UGJMXCAKCUNAIE-UHFFFAOYSA-N
DB00997	PA449412	AOJJSUZBOXZQNB-TZSSRYMLSA-N
DB00997	PA449476	AOJJSUZBOXZQNB-TZSSRYMLSA-N
DB00998	PA164754891	XPSQPHWEGNHMSK-SECBINFHSA-N
DB00999	PA449899	JZUFKLXOESDKRF-UHFFFAOYSA-N
DB01000	PA164743456	HGBLNBBNRORJKI-WCABBAIRSA-N
DB01001	PA448068	NDAUXUAQIAJITI-UHFFFAOYSA-N
DB01002	PA135057240	LEBVLXFERQHONN-INIZCTEOSA-N
DB01002	PA164754741	LEBVLXFERQHONN-INIZCTEOSA-N
DB01004	PA449733	IRSCQMHQWWYFCW-UHFFFAOYSA-N
DB01005	PA449942	VSNHCAURESNICA-UHFFFAOYSA-N
DB01006	PA450196	HPJKCIUCZWXJDR-UHFFFAOYSA-N
DB01007	PA164746156	QXHHHPZILQDDPS-UHFFFAOYSA-N
DB01008	PA448691	COVZYZSDYWQREU-UHFFFAOYSA-N
DB01009	PA166049175	DKYWVDODHFEZIM-UHFFFAOYSA-N
DB01009	PA450149	DKYWVDODHFEZIM-UHFFFAOYSA-N
DB01010	PA449437	VWLHWLSRQJQWRG-UHFFFAOYSA-O
DB01011	PA450486	FJLBFSROUSIWMA-UHFFFAOYSA-N
DB01012	PA164776671	VDHAWDNDOKGFTD-MRXNPFEDSA-N
DB01013	PA164744375	CBGUOGMQLZIXBE-XGQKBEPLSA-N
DB01015	PA451544	JLKIGFTWXXRPMT-UHFFFAOYSA-N
DB01016	PA449782	ZNNLBTZKUZBEKO-UHFFFAOYSA-N
DB01018	PA449825	INJOMKTZOLKMBF-UHFFFAOYSA-N
DB01019	PA448613	NZUPCNDJBJXXRF-UHFFFAOYSA-O
DB01020	PA450126	YWXYYJSYQOXTPL-SLPGGIOYSA-N
DB01021	PA164752426	LMJSLTNSBFUCMU-UHFFFAOYSA-N
DB01022	PA450961	MBWXNTAXLNYFJB-NKFFZRIASA-N
DB01023	PA449591	RZTAMFZIAATZDJ-UHFFFAOYSA-N
DB01024	PA164748728	HPNSFSBZBAHARI-RUDMXATFSA-N
DB01025	PA164745310	SGRYPYWGNKJSDL-UHFFFAOYSA-N
DB01026	PA450146	XMAYWYJOQHXEEK-UHFFFAOYSA-N
DB01028	PA450434	RFKMCNOHBTXSMU-UHFFFAOYSA-N
DB01029	PA450084	YOSHYTLCDANDAN-UHFFFAOYSA-N
DB01030	PA451729	UCFGDBYHRUNTLO-QHCPKHFHSA-N
DB01031	PA164745394	GXRZIMHKGDIBEW-UHFFFAOYSA-N
DB01032	PA451106	DBABZHXKTCFAPX-UHFFFAOYSA-N
DB01033	PA450379	GLVAUDGFNGKCSF-UHFFFAOYSA-N
DB01034	PA164764551	GVEZIHKRYBHEFX-NQQPLRFYSA-N
DB01035	PA451108	REQCZEXYDRLIBE-UHFFFAOYSA-N
DB01036	PA164746757	OOGJQPCLVADCPB-HXUWFJFHSA-N
DB01037	PA451316	MEZLKOACVSPNER-GFCCVEGCSA-N
DB01038	PA164750571	XZSMZRXAEFNJCU-UHFFFAOYSA-N
DB01039	PA449594	YMTINGFKWWXKFG-UHFFFAOYSA-N
DB01041	PA451644	UEJJHQNACJXSKW-UHFFFAOYSA-N
DB01042	PA450354	SGDBTWWWUNNDEQ-LBPRGKRZSA-N
DB01043	PA10364	BUGYDGFZZOZRHP-UHFFFAOYSA-N
DB01044	PA449738	XUBOMFCQGDBHNK-UHFFFAOYSA-N
DB01046	PA164777012	WGFOBBZOWHGYQH-MXHNKVEKSA-N
DB01047	PA449664	WJOHZNCJWYWUJD-IUGZLZTKSA-N
DB01048	PA448004	MCGSCOLBFJQGHM-SCZZXKLOSA-N
DB01050	PA166049174	HEFNNWSXXWATRW-UHFFFAOYSA-N
DB01050	PA449957	HEFNNWSXXWATRW-UHFFFAOYSA-N
DB01053	PA450842	JGSARLDLIJGVTE-MBNYWOFBSA-N
DB01054	PA146096020	PVHUJELLJLJGLN-UHFFFAOYSA-N
DB01055	PA164752445	WZNJWVWKTVETCG-YFKPBYRVSA-N
DB01056	PA451706	BUJAGSGYPOAWEI-UHFFFAOYSA-N
DB01057	PA164743139	BJOLKYGKSZKIGU-UHFFFAOYSA-N
DB01058	PA164764583	FSVJFNAIGNNGKK-UHFFFAOYSA-N
DB01059	PA450654	OGJPXUAPXNRGGI-UHFFFAOYSA-N
DB01060	PA448406	LSQZJLSUYDQPKJ-NJBDSQKTSA-N
DB01061	PA164749135	JTWOMNBEOCYFNV-NFFDBFGFSA-N
DB01062	PA164746030	XIQVNETUBQGFHX-UHFFFAOYSA-N
DB01064	PA450121	JWZZKOKVBUJMES-UHFFFAOYSA-N
DB01065	PA164752558	DRLFMBDRBRZALE-UHFFFAOYSA-N
DB01066	PA164747187	KMIPKYQIOVAHOP-YLGJWRNMSA-N
DB01067	PA449762	ZJJXGWJIGJFDTL-UHFFFAOYSA-N
DB01068	PA449050	DGBIGWXXNGSACT-UHFFFAOYSA-N
DB01069	PA451128	PWWVAXIEGOYWEE-UHFFFAOYSA-N
DB01070	PA164744345	ILYCWAKSDCYMBB-OPCMSESCSA-N
DB01071	PA164748010	HOKDBMAJZXIPGC-UHFFFAOYSA-N
DB01072	PA10251	AXRYRYVKAWYZBR-GASGPIRDSA-N
DB01074	PA130150436	CYXKNKQEMFBLER-UHFFFAOYSA-N
DB01075	PA449349	ZZVUWRFHKOJYTH-UHFFFAOYSA-N
DB01076	PA448500	XUKUURHRXDUEBC-KAYWLYCHSA-N
DB01077	PA449548	DBVJJBKOTRCVKF-UHFFFAOYSA-N
DB01078	PA164747478	OBATZBGFDSVCJD-LALPQLPRSA-N
DB01080	PA10231	PJDFLNIOAUIZSL-UHFFFAOYSA-N
DB01081	PA164746539	HYPPXZBJBPSRLK-UHFFFAOYSA-N
DB01082	PA451512	UCSJYZPVAKXKNQ-HZYVHMACSA-N
DB01083	PA164776864	AHLBNYSZXLDEJQ-FWEHEUNISA-N
DB01084	PA164751802	KBUZBQVCBVDWKX-UHFFFAOYSA-N
DB01085	PA450962	QCHFTSOMWOSFHM-WPRPVWTQSA-N
DB01086	PA448576	BLFLLBZGZJTVJG-UHFFFAOYSA-N
DB01087	PA451103	INDBQLZJXZLFIT-UHFFFAOYSA-N
DB01089	PA164742966	CVBMAZKKCSYWQR-WCGOZPBSSA-N
DB01090	PA164777033	XSBSKEQEUFOSDD-UHFFFAOYSA-N
DB01091	PA164745478	ABJKWBDEJIDSJZ-UHFFFAOYSA-N
DB01092	PA163522138	LPMXVESGRSUGHW-HBYQJFLCSA-N
DB01093	PA449342	IAZDPXIOMUYVGZ-UHFFFAOYSA-N
DB01094	PA164742902	AIONOLUJZLIMTK-AWEZNQCLSA-N
DB01095	PA449688	FJLGEFLZQAZZCD-JUFISIKESA-N
DB01096	PA164748782	XCGYUJZMCCFSRP-UHFFFAOYSA-N
DB01097	PA450192	VHOGYURTWQBHIL-UHFFFAOYSA-N
DB01098	PA134308647	BPRHUIZQVSMCRT-VEUZHWNKSA-N
DB01099	PA449654	XRECTZIEBJDKEO-UHFFFAOYSA-N
DB01100	PA450965	YVUQSNJEYSNKRX-UHFFFAOYSA-N
DB01101	PA448771	GAGWJHPBXLXJQN-UORFTKCHSA-N
DB01102	PA164747979	IIRWWTKISYTTBL-SFHVURJKSA-N
DB01103	PA164745551	GPKJTRJOBQGKQK-UHFFFAOYSA-N
DB01104	PA451333	VGKDLMBJGBXTGI-SJCJKPOMSA-N
DB01105	PA451344	UNAANXDKBXWMLN-UHFFFAOYSA-N
DB01106	PA164742988	ZCGOMHNNNFPNMX-KYTRFIICSA-N
DB01107	PA164746748	SIDLZWOQUZRBRU-UHFFFAOYSA-N
DB01108	PA164748507	KVJXBPDAXMEYOA-CXANFOAXSA-N
DB01110	PA450494	BYBLEWFAAKGYCD-UHFFFAOYSA-N
DB01111	PA164749509	BSSIRFLGSWHWDE-UHFFFAOYSA-I
DB01112	PA448868	JFPVXVDWJQMJEE-IZRZKJBUSA-N
DB01113	PA164745550	XQYZDYMELSJDRZ-UHFFFAOYSA-N
DB01114	PA448960	SOYKEARSMXGVTM-UHFFFAOYSA-N
DB01115	PA450631	HYIMSNHJOBLJNT-UHFFFAOYSA-N
DB01116	PA451784	CHQOEHPMXSHGCL-UHFFFAOYSA-N
DB01118	PA448383	IYIKLHRQXLHMJQ-UHFFFAOYSA-N
DB01119	PA449285	GDLBFKVLRPITMI-UHFFFAOYSA-N
DB01120	PA10892	BOVGTQGAOIONJV-UHFFFAOYSA-N
DB01121	PA164745309	XPFRXWCVYUEORT-UHFFFAOYSA-N
DB01122	PA164764601	OMHBPUNFVFNHJK-UHFFFAOYSA-P
DB01123	PA164748742	WDVSHHCDHLJJJR-UHFFFAOYSA-N
DB01124	PA451718	JLRGJRBPOGGCBT-UHFFFAOYSA-N
DB01125	PA164746467	XRCFXMGQEVUZFC-UHFFFAOYSA-N
DB01126	PA164749300	JWJOTENAMICLJG-QWBYCMEYSA-N
DB01127	PA164746010	LEZWWPYKPKIXLL-UHFFFAOYSA-N
DB01128	PA164746255	LKJPYSCBVHEWIU-UHFFFAOYSA-N
DB01129	PA451216	YREYEVIYCVEVJK-UHFFFAOYSA-N
DB01130	PA164749394	FNPXMHRZILFCKX-KAJVQRHHSA-N
DB01131	PA451124	SSOLNOMRVKKSON-UHFFFAOYSA-N
DB01132	PA450970	HYAFETHFCAUJAY-UHFFFAOYSA-N
DB01133	PA451688	DKJJVAGXPKPDRL-UHFFFAOYSA-N
DB01134	PA449245	VVOIQBFMTVCINR-WWMZEODYSA-N
DB01135	PA164744927	GBLRQXKSCRCLBZ-UHFFFAOYSA-N
DB01136	PA448817	OGHNVEJMJSYVRP-UHFFFAOYSA-N
DB01137	PA450214	GSDSWSVVBLHKDQ-JTQLQIEISA-N
DB01137	PA450684	GSDSWSVVBLHKDQ-JTQLQIEISA-N
DB01138	PA451550	MBGGBVCUIVRRBF-UHFFFAOYSA-N
DB01139	PA164749340	UQLLWWBDSUHNEB-CZUORRHYSA-N
DB01140	PA448835	BOEGTKLJZSQCCD-UEKVPHQBSA-N
DB01141	PA164781026	PIEUQSKUWLMALL-YABMTYFHSA-N
DB01142	PA449409	ODQWQRRAPPTVAG-UHFFFAOYSA-N
DB01143	PA448365	JKOQGQFVAUAYPM-UHFFFAOYSA-N
DB01144	PA164745512	GJQPMPFPNINLKP-UHFFFAOYSA-N
DB01145	PA164776911	NEDPPCHNEOMTJV-UHFFFAOYSA-N
DB01146	PA164746377	OWQUZNMMYNAXSL-UHFFFAOYSA-N
DB01147	PA449059	LQOLIRLGBULYKD-JKIFEVAISA-N
DB01148	PA164781386	SPIUTQOUKAMGCX-UHFFFAOYSA-N
DB01149	PA450603	VRBKIVRKKCLPHA-UHFFFAOYSA-N
DB01150	PA164746342	WDLWHQDACQUCJR-PBFPGSCMSA-N
DB01151	PA449233	HCYAFALTSJYZDH-UHFFFAOYSA-N
DB01153	PA164748328	JLGKQTAYUIMGRK-UHFFFAOYSA-N
DB01154	PA164746997	XLOMZPUITCYLMJ-UHFFFAOYSA-N
DB01155	PA10088	ZRCVYEYHRGVLOC-HYARGMPZSA-N
DB01156	PA448687	SNPPWIUOZRMYNY-UHFFFAOYSA-N
DB01157	PA451790	NOYPYLRCIDNJJB-UHFFFAOYSA-N
DB01158	PA448662	AAQOQKQBGPPFNS-UHFFFAOYSA-N
DB01159	PA449845	BCQZXOMGPXTTIC-UHFFFAOYSA-N
DB01160	PA164781385	IYGXEHDCSOYNKY-RZHHZEQLSA-N
DB01161	PA448946	VDANGULDQQJODZ-UHFFFAOYSA-N
DB01162	PA451612	VCKUSRYTPJJLNI-UHFFFAOYSA-N
DB01163	PA164754807	BWWVAEOLVKTZFQ-NTZNESFSSA-N
DB01164	PA164712582	UXVMQQNJUSDDNG-UHFFFAOYSA-L
DB01164	PA448729	UXVMQQNJUSDDNG-UHFFFAOYSA-L
DB01165	PA450214	GSDSWSVVBLHKDQ-UHFFFAOYSA-N
DB01165	PA450684	GSDSWSVVBLHKDQ-UHFFFAOYSA-N
DB01166	PA164746334	RRGUKTPIGVIEKM-UHFFFAOYSA-N
DB01167	PA450132	VHVPQPYKVGDNFY-ZPGVKDDISA-N
DB01168	PA451112	CPTBDICYNRMXFX-UHFFFAOYSA-N
DB01170	PA449823	ACGDKVXYNVEAGU-UHFFFAOYSA-N
DB01171	PA452615	YHXISWVBGDMDLQ-UHFFFAOYSA-N
DB01172	PA450137	SBUJHOSQTJFQJX-NOAMYHISSA-N
DB01173	PA450715	QVYRGXJJSLMXQH-UHFFFAOYSA-N
DB01174	PA450911	DDBREPKUVSBGFI-UHFFFAOYSA-N
DB01175	PA10074	WSEQXVZVJXJVFP-FQEVSTJZSA-N
DB01175	PA449015	WSEQXVZVJXJVFP-FQEVSTJZSA-N
DB01176	PA164742937	UVKZSORBKUEBAZ-UHFFFAOYSA-N
DB01177	PA449961	XDXDZDZNSLXDNA-TZNDIEGXSA-N
DB01178	PA448939	WEQAYVWKMWHEJO-UHFFFAOYSA-N
DB01179	PA450993	YJGVMLPVUAXIQN-XVVDYKMHSA-N
DB01180	PA164768818	SZLZWPPUNLXJEA-LAFLMMDJSA-N
DB01181	PA449964	HOMGKSMUEGBAAB-UHFFFAOYSA-N
DB01182	PA451131	JWHAUXFOSRPERK-UHFFFAOYSA-N
DB01183	PA450586	UZHSEJADLWPNLE-GRGSLBFTSA-N
DB01184	PA134711056	FGXWKSZFVQUSTL-UHFFFAOYSA-N
DB01185	PA164744518	YLRFCQOZQXIBAB-RBZZARIASA-N
DB01186	PA450873	YEHCICAEULNIGD-MZMPZRCHSA-N
DB01187	PA164743143	IWRUDYQZPTVTPA-UHFFFAOYSA-N
DB01188	PA164747060	SCKYRAXSEDYPSA-UHFFFAOYSA-N
DB01189	PA164749136	DPYMFVXJLLWWEU-UHFFFAOYSA-N
DB01190	PA449035	KDLRVYVGXIQJDK-NOWPCOIGSA-N
DB01191	PA164747936	DBGIVFWFUFKIQN-VIFPVBQESA-N
DB01191	PA449592	DBGIVFWFUFKIQN-VIFPVBQESA-N
DB01193	PA448011	GOEMGAFJFRBGGG-UHFFFAOYSA-N
DB01194	PA164744929	HCRKCZRJWPKOAR-JTQLQIEISA-N
DB01195	PA449646	DJBNUMBKLMJRSA-UHFFFAOYSA-N
DB01196	PA449507	FRPJXPJMRWBBIH-RBRWEJTLSA-N
DB01197	PA448780	FAKRSMQSSFJEIM-RQJHMYQMSA-N
DB01198	PA10236	GBBSUAFBMRNDJC-UHFFFAOYSA-N
DB01198	PA162630444	GBBSUAFBMRNDJC-UHFFFAOYSA-N
DB01199	PA451811	JFJZZMVDLULRGK-URLMMPGGSA-O
DB01200	PA448671	OZVBMTJYIDMWIL-AYFBDAFISA-N
DB01202	PA450206	HPHUVLMMVZITSG-LURJTMIESA-N
DB01203	PA450573	VWPOSFSPZNDTMJ-UCWKZMIHSA-N
DB01204	PA450526	KKZJGLLVHKMTCM-UHFFFAOYSA-N
DB01205	PA449659	OFBIFZUFASYYRE-UHFFFAOYSA-N
DB01206	PA164749407	GQYIWUVLTXOXAJ-UHFFFAOYSA-N
DB01207	PA164746413	GLLPUTYLZIKEGF-HAVVHWLPSA-N
DB01208	PA451472	DZZWHBIBMUVIIW-DTORHVGOSA-N
DB01209	PA164746059	VTMVHDZWSFQSQP-VBNZEHGJSA-N
DB01210	PA164747027	IXHBTMCLRNMKHZ-LBPRGKRZSA-N
DB01211	PA449028	AGOYDEPGAOXOCK-KCBOHYOISA-N
DB01212	PA448866	VAAUVRVFOQPIGI-SPQHTLEESA-N
DB01213	PA449697	RIKMMFOAQPJVMX-UHFFFAOYSA-N
DB01214	PA164748727	BQIPXWYNLPYNHW-UHFFFAOYSA-N
DB01215	PA449502	CDCHDCWJMGXXRH-UHFFFAOYSA-N
DB01216	PA449627	DBEPLOCGEIEOCV-WSBQPABSSA-N
DB01217	PA448432	YBBLVLTVTVSKRW-UHFFFAOYSA-N
DB01218	PA449839	FOHHNHSLJDZUGQ-UHFFFAOYSA-N
DB01219	PA449208	OZOMQRBLCMDCEG-UHFFFAOYSA-N
DB01220	PA164752443	NZCRJKRKKOLAOJ-XRCRFVBUSA-N
DB01221	PA450144	YQEZLKZALYSWHR-UHFFFAOYSA-N
DB01222	PA448681	VOVIALXJUBGFJZ-KWVAZRHASA-N
DB01223	PA164781029	FQPFAHBPWDRTLU-UHFFFAOYSA-N
DB01223	PA451647	FQPFAHBPWDRTLU-UHFFFAOYSA-N
DB01224	PA451201	URKOMYMAXPYINW-UHFFFAOYSA-N
DB01226	PA450528	ILVYCEVXHALBSC-OTBYEXOQSA-N
DB01227	PA164746889	XBMIVRRWGCYBTQ-AVRDEDQJSA-N
DB01227	PA450215	XBMIVRRWGCYBTQ-AVRDEDQJSA-N
DB01229	PA450761	RCINICONZNJXQF-MZXODVADSA-N
DB01230	PA450836	NRNCYVBFPDDJNE-UHFFFAOYSA-N
DB01231	PA164746037	OGAKLTJNUQRZJU-UHFFFAOYSA-N
DB01232	PA451305	QWAXKHKRTORLEM-UGJKXSETSA-N
DB01233	PA450475	TTWJBBZEZQICBI-UHFFFAOYSA-N
DB01234	PA164754818	UREBDLICKHMUKA-CXSFZGCWSA-N
DB01234	PA449247	UREBDLICKHMUKA-CXSFZGCWSA-N
DB01235	PA450213	WTDRDQBEARUVNC-LURJTMIESA-N
DB01236	PA451341	DFEYYRMXOJXZRJ-UHFFFAOYSA-N
DB01237	PA164760854	NUNIWXHYABYXKF-UHFFFAOYSA-N
DB01238	PA10026	CEUORZQYGODEFX-UHFFFAOYSA-N
DB01239	PA164781400	WSPOMRSOLSGNFJ-AUWJEWJLSA-N
DB01240	PA449479	KAQKFAOMNZTLHT-OZUDYXHBSA-N
DB01241	PA449750	HEMJJKBWTPKOJG-UHFFFAOYSA-N
DB01242	PA449048	GDLIGKIOYRNHDA-UHFFFAOYSA-N
DB01243	PA164754879	WDFKMLRRRCGAKS-UHFFFAOYSA-N
DB01244	PA164754755	UIEATEWHFDRYRU-UHFFFAOYSA-N
DB01245	PA164747980	MTCUAOILFDZKCO-UHFFFAOYSA-N
DB01246	PA164744009	ZZHLYYDVIOPZBE-UHFFFAOYSA-N
DB01247	PA450101	XKFPYPQQHFEXRZ-UHFFFAOYSA-N
DB01248	PA449383	ZDZOTLJHXYCWBA-VCVYQWHSSA-N
DB01249	PA164783998	NBQNWMBBSKPBAY-UHFFFAOYSA-N
DB01251	PA164744895	LLJFMFZYVVLQKT-UHFFFAOYSA-N
DB01252	PA164748124	WPGGHFDDFPHPOB-BBWFWOEESA-N
DB01253	PA449487	WVVSZNPYNCNODU-XTQGRXLLSA-N
DB01254	PA162372878	ZBNZXTGUTAYRHI-UHFFFAOYSA-N
DB01255	PA164748975	VOBHXZCDAVEXEY-JSGCOSHPSA-N
DB01256	PA164749341	STZYTFJPGGDRJD-NHUWBDDWSA-N
DB01259	PA152241907	BCFGMOOMADDAQU-UHFFFAOYSA-N
DB01260	PA164776996	WBGKWQHBNHJJPZ-LECWWXJVSA-N
DB01261	PA164748978	MFFMDFFZMYYVKS-SECBINFHSA-N
DB01262	PA164749631	XAUDJQYHKZQPEU-KVQBGUIXSA-N
DB01263	PA151958574	RAGOYPUPXAKGKH-XAKZXMRKSA-N
DB01264	PA163522472	CJBJHOAVZSMMDJ-HEXNFIEUSA-N
DB01265	PA164760861	IQFYYKKMVGJFEH-CSMHCCOUSA-N
DB01267	PA163518919	PMXMIIMHBWHSKN-UHFFFAOYSA-N
DB01268	PA162372840	WINHZLLDWRZWRT-ATVHPVEESA-N
DB01273	PA164781343	JQSHBVHOMNKWFT-DTORHVGOSA-N
DB01274	PA134687907	BPZSYCZIITTYBL-YJYMSZOUSA-N
DB01274	PA164743977	BPZSYCZIITTYBL-YJYMSZOUSA-N
DB01275	PA449894	RPTUSVTUFVMDQK-UHFFFAOYSA-N
DB01280	PA164752425	IXOXBSCIXZEQEQ-UHTZMRCNSA-N
DB01283	PA164769031	KHPKQFYUPIUARC-UHFFFAOYSA-N
DB01284	PA164749052	ZOEFCCMDUURGSE-SQKVDDBVSA-N
DB01288	PA10079	LSLYOANBFKQKPT-UHFFFAOYSA-N
DB01289	PA164743233	ZKUDBRCEOBOWLF-UHFFFAOYSA-N
DB01291	PA450983	VQDBNKDJNJQRDG-UHFFFAOYSA-N
DB01294	PA451299	ZREIPSZUJIFJNP-UHFFFAOYSA-K
DB01295	PA164743236	HXLAFSUPPDYFEO-UHFFFAOYSA-N
DB01296	PA164747613	MSWZFWKMSRAUBD-IVMDWMLBSA-N
DB01297	PA164752820	DURULFYMVIFBIR-UHFFFAOYSA-N
DB01298	PA164754808	SIBQAECNSSQUOD-UHFFFAOYSA-N
DB01299	PA451540	PJSFRIWCGOHTNF-UHFFFAOYSA-N
DB01303	PA448976	RLANKEDHRWMNRO-UHFFFAOYSA-M
DB01319	PA10084	MLBVMOWEQCZNCC-OEMFJLHTSA-N
DB01320	PA164746820	XWLUWCNOOVRFPX-UHFFFAOYSA-N
DB01321	PA164749133	XJSFLOJWULLJQS-NGVXBBESSA-N
DB01324	PA164748763	CYLWJCABXYDINA-UHFFFAOYSA-N
DB01325	PA164760863	AGMMTXLNIQSRCG-UHFFFAOYSA-N
DB01326	PA448837	OLVCFLKTBJRLHI-AXAPSJFSSA-N
DB01327	PA448839	MLYYVTUWGNIJIB-BXKDBHETSA-N
DB01328	PA164743021	DYAIAHUQIPBDIP-AXAPSJFSSA-N
DB01329	PA448849	GCFBRXLSHGKWDP-XCGNWRKASA-N
DB01330	PA164784033	SRZNHPXWXCNNDU-IXOPCIAXSA-N
DB01331	PA448856	WZOZEZRFJCJXNZ-ZBFHGGJFSA-N
DB01332	PA164748758	NNULBSISHYWZJU-LLKWHZGFSA-N
DB01333	PA448890	RDLPVSKMFDYCOR-UEKVPHQBSA-N
DB01336	PA164749507	JFXBEKISTKFVAB-AJQTZOPKSA-N
DB01337	PA450771	GVEAYVLWDAFXET-XGHATYIMSA-N
DB01338	PA164764567	OWWLUIWOFHMHOQ-XGHATYIMSA-N
DB01339	PA164748865	BGSZAXLLHYERSY-XQIGCQGXSA-N
DB01340	PA164748302	HHHKFGXWKKUNCY-FHWLQOOXSA-N
DB01342	PA164776845	YONOBYIBNBCDSJ-UHFFFAOYSA-N
DB01346	PA450911	YHRUERMOPBDCFD-UHFFFAOYSA-N
DB01346	PA451209	YHRUERMOPBDCFD-UHFFFAOYSA-N
DB01346	PA451213	YHRUERMOPBDCFD-UHFFFAOYSA-N
DB01347	PA164746338	DUEWVPTZCSAMNB-UHFFFAOYSA-N
DB01348	PA164776913	HRWCVUIFMSZDJS-SZMVWBNQSA-N
DB01349	PA164769057	ADXGNEYLLLSOAR-UHFFFAOYSA-N
DB01351	PA448401	VIROVYVQCGLCII-UHFFFAOYSA-N
DB01352	PA164754809	UORJNBVJVRLXMQ-UHFFFAOYSA-N
DB01353	PA164748035	STDBAQMTJLUMFW-UHFFFAOYSA-N
DB01354	PA164783812	PAZQYDJGLKSCSI-UHFFFAOYSA-N
DB01355	PA449875	UYXAWHWODHRRMR-UHFFFAOYSA-N
DB01356	PA450243	HBBGRARXTFLTSG-UHFFFAOYSA-N
DB01357	PA450388	IMSSROKUHAOUJS-MJCUULBUSA-N
DB01359	PA164749474	KQXKVJAGOJTNJS-HNNXBMFYSA-N
DB01362	PA450061	NTHXOOBQLCIOLC-UHFFFAOYSA-N
DB01364	PA449466	KWGRBVOPPLSCSI-WPRPVWTQSA-N
DB01364	PA451170	KWGRBVOPPLSCSI-WPRPVWTQSA-N
DB01365	PA164745533	RXQCGGRTAILOIN-UHFFFAOYSA-N
DB01366	PA164748908	FKNXQNWAXFXVNW-BLLLJJGKSA-N
DB01367	PA164764584	RUOKEQAAGRXIBM-GFCCVEGCSA-N
DB01370	PA164760864	XAGFODPZIPBFFR-UHFFFAOYSA-N
DB01377	PA164712884	AXZKOIWUVFPNLO-UHFFFAOYSA-N
DB01378	PA164712884	JLVVSXFLKOJNIY-UHFFFAOYSA-N
DB01380	PA449130	ITRJWOMZKQRYTA-RFZYENFJSA-N
DB01382	PA164748839	QFWPJPIVLCBXFJ-UHFFFAOYSA-N
DB01384	PA164777035	MKPDWECBUAZOHP-AFYJWTTESA-N
DB01388	PA450492	HBNPJJILLOYFJU-VMPREFPWSA-N
DB01390	PA451375	UIIMBOGNXHQVGW-UHFFFAOYSA-M
DB01392	PA451946	BLGXFZZNTVWLAY-SCYLSFHTSA-N
DB01393	PA162364313	IIBYAHWJQTYFKB-UHFFFAOYSA-N
DB01394	PA449092	IAKHMKGGTNLKSZ-UHFFFAOYSA-N
DB01395	PA164749409	METQSPRSQINEEU-HXCATZOESA-N
DB01396	PA449316	WDJUZGPOPHTGOT-XUDUSOBPSA-N
DB01397	PA164712884	MQHWFIOJQSCFNM-UHFFFAOYSA-L
DB01397	PA451299	MQHWFIOJQSCFNM-UHFFFAOYSA-L
DB01399	PA164745462	WVYADZUPLLSGPU-UHFFFAOYSA-N
DB01400	PA450611	ALWKGYPQUAPLQC-UHFFFAOYSA-N
DB01401	PA164712884	FQCQGOZEWWPOKI-UHFFFAOYSA-K
DB01401	PA448976	FQCQGOZEWWPOKI-UHFFFAOYSA-K
DB01401	PA451299	FQCQGOZEWWPOKI-UHFFFAOYSA-K
DB01403	PA164743234	VRQVVMDWGGWHTJ-CQSZACIVSA-N
DB01406	PA164749056	POZRVZJJTULAOH-LHZXLZLDSA-N
DB01407	PA164745640	STJMRWALKKWQGH-UHFFFAOYSA-N
DB01408	PA164743113	ANZXOIAKUNOVQU-UHFFFAOYSA-N
DB01409	PA164769056	LERNTVKEWCAPOY-DZZGSBJMSA-N
DB01410	PA164781399	LUKZNWIVRBCLON-GXOBDPJESA-N
DB01412	PA451646	YAPQBXQYLJRXSA-UHFFFAOYSA-N
DB01413	PA164754876	HVFLCNVBZFFHBT-ZKDACBOMSA-N
DB01414	PA164776752	RRYMAQUWDLIUPV-BXKDBHETSA-N
DB01415	PA164744555	UNJFKXSSGBWRBZ-BJCIPQKHSA-N
DB01416	PA164746385	WYUSVOMTXWRGEK-HBWVYFAYSA-N
DB01419	PA164784000	NWGGKKGAFZIVBJ-UHFFFAOYSA-N
DB01420	PA164751373	PDMMFKSKQVNJMI-BLQWBTBKSA-N
DB01421	PA164784023	UOZODPSAJZTQNH-LSWIJEOBSA-N
DB01422	PA164754993	RJIWZDNTCBHXAL-UHFFFAOYSA-N
DB01423	PA164748630	JNYSEDHQJCOWQU-UHFFFAOYSA-N
DB01424	PA164748135	RMMXTBMQSGEXHJ-UHFFFAOYSA-N
DB01425	PA164744894	KSEYRUGYKHXGFW-UHFFFAOYSA-N
DB01426	PA164776839	CJDRUOGAGYHKKD-HEFSZTOGSA-N
DB01427	PA164746803	RNLQIBCLLYYYFJ-UHFFFAOYSA-N
DB01428	PA164742933	DXGLGDHPHMLXJC-UHFFFAOYSA-N
DB01429	PA164764496	NZLBHDRPUJLHCE-UHFFFAOYSA-N
DB01430	PA164750492	OBDOVFRMEYHSQB-UHFFFAOYSA-N
DB01431	PA164745307	ATXHVCQZZJYMCF-XUDSTZEESA-N
DB01433	PA164746889	XBMIVRRWGCYBTQ-UHFFFAOYSA-N
DB01433	PA450215	XBMIVRRWGCYBTQ-UHFFFAOYSA-N
DB01435	PA448453	VEQOALNAAJBPNY-UHFFFAOYSA-N
DB01436	PA164746469	OFHCOWSQAMBJIW-AVJTYSNKSA-N
DB01437	PA164749505	JMBQKKAJIKAWKF-UHFFFAOYSA-N
DB01438	PA164746899	QPFYXYFORQJZEC-FOCLMDBBSA-N
DB01440	PA10819	SJZRECIVHVDYJC-UHFFFAOYSA-N
DB01452	PA452619	GVGLGOZIDCSQPN-PVHGPHFFSA-N
DB01454	PA131887008	SHXWCVYOXRDMCX-UHFFFAOYSA-N
DB01463	PA164747055	IKFBPFGUINLYQI-UHFFFAOYSA-N
DB01483	PA448538	FTOAOBMCPZCFFF-UHFFFAOYSA-N
DB01486	PA164748965	DLNKOYKMWOXYQA-IONNQARKSA-N
DB01494	PA448925	ONAOIDNSINNZOA-UHFFFAOYSA-N
DB01495	PA448453	ATKXDQOHNICLQW-UHFFFAOYSA-N
DB01495	PA448925	ATKXDQOHNICLQW-UHFFFAOYSA-N
DB01522	PA164746889	XBMIVRRWGCYBTQ-GCJKJVERSA-N
DB01522	PA450215	XBMIVRRWGCYBTQ-GCJKJVERSA-N
DB01544	PA164781320	PPTYJKAXVCCBDU-UHFFFAOYSA-N
DB01555	PA164746889	XBMIVRRWGCYBTQ-XMSQKQJNSA-N
DB01555	PA450215	XBMIVRRWGCYBTQ-XMSQKQJNSA-N
DB01558	PA10035	VMIYHDSEFNYJSL-UHFFFAOYSA-N
DB01559	PA164752437	CHBRHODLKOZEPZ-UHFFFAOYSA-N
DB01563	PA448925	RNFNDJAIBTYOQL-UHFFFAOYSA-N
DB01567	PA164745609	ROYOYTLGDLIGBX-UHFFFAOYSA-N
DB01574	PA164712884	IXWIAFSBWGYQOE-UHFFFAOYSA-M
DB01576	PA448408	KWTSXDURSIMDCE-QMMMGPOBSA-N
DB01576	PA449269	KWTSXDURSIMDCE-QMMMGPOBSA-N
DB01577	PA450403	MYWUZJCMWCOHBA-VIFPVBQESA-N
DB01579	PA450902	MFOCDFTXLCYLKU-CMPLNLGQSA-N
DB01580	PA10284	CEMAWMOMDPGJMB-UHFFFAOYSA-N
DB01581	PA164776842	QPPBRPIAZZHUNT-UHFFFAOYSA-N
DB01582	PA451542	ASWVTGNCAZCNNR-UHFFFAOYSA-N
DB01583	PA164748036	LKYWLLWWYBVUPP-XOCLESOZSA-L
DB01583	PA164752444	LKYWLLWWYBVUPP-XOCLESOZSA-L
DB01583	PA164778866	LKYWLLWWYBVUPP-XOCLESOZSA-L
DB01583	PA450221	LKYWLLWWYBVUPP-XOCLESOZSA-L
DB01586	PA165958403	RUDATBOHQWOJDD-UZVSRGJWSA-N
DB01586	PA451837	RUDATBOHQWOJDD-UZVSRGJWSA-N
DB01587	PA164749385	PWAJCNITSBZRBL-UHFFFAOYSA-N
DB01588	PA164776668	MWQCHHACWWAQLJ-UHFFFAOYSA-N
DB01589	PA164744373	IKMPWMZBZSAONZ-UHFFFAOYSA-N
DB01590	PA164746311	HKVAMNSJSFKALM-GKUWKFKPSA-N
DB01591	PA164783810	FBOUYBDGKBSUES-VXKWHMMOSA-N
DB01592	PA450087	XEEYBQQBJWHFJM-UHFFFAOYSA-N
DB01593	PA451956	HCHKCACWOHOZIP-UHFFFAOYSA-N
DB01594	PA164748034	XAXMYHMKTCNRRZ-UHFFFAOYSA-N
DB01595	PA10242	KJONHKAYOJNZEC-UHFFFAOYSA-N
DB01597	PA448998	DHSUYTOATWAVLW-WFVMDLQDSA-N
DB01598	PA449968	ZSKVGTPCRGIANV-ZXFLCMHBSA-N
DB01599	PA451107	FYPMFJGVHOHGLL-UHFFFAOYSA-N
DB01600	PA164764503	GUHPRPJDBZHYCJ-UHFFFAOYSA-N
DB01601	PA450264	KJHKTHWMRKYKJE-SUGCFTRWSA-N
DB01602	PA164745461	PFOLLRNADZZWEX-FFGRCDKISA-N
DB01603	PA164777034	RJQXTJLFIWVMTO-TYNCELHUSA-N
DB01604	PA164776912	ZEMIJUDPLILVNQ-ZXFNITATSA-N
DB01605	PA164750167	NPGNOVNWUSPMDP-HLLBOEOZSA-N
DB01606	PA164764504	LPQZKKCYTLCDGQ-WEDXCCLWSA-N
DB01607	PA451684	OHKOGUYZJXTSFX-KZFFXBSXSA-N
DB01608	PA164781043	LUALIOATIOESLM-UHFFFAOYSA-N
DB01610	PA10227	WPVFJKSGQUFQAP-GKAPJAKFSA-N
DB01611	PA164777036	XXSMGPRMXLTPCZ-UHFFFAOYSA-N
DB01613	PA164746528	SNFOERUNNSHUGP-ZXZARUISSA-N
DB01614	PA164783999	NOSIYYJFMPDDSA-UHFFFAOYSA-N
DB01615	PA164743727	XLOQNFNTQIRSOX-UHFFFAOYSA-N
DB01616	PA164764505	ZPFXAOWNKLFJDN-UHFFFAOYSA-N
DB01618	PA164746756	KLPWJLBORRMFGK-UHFFFAOYSA-N
DB01619	PA164750491	ISFHAYSTHMVOJR-UHFFFAOYSA-N
DB01620	PA164744506	IJHNSHDBIRRJRN-UHFFFAOYSA-N
DB01621	PA10158	JOMHSQGEWSNUKU-UHFFFAOYSA-N
DB01622	PA164754875	VZYCZNZBPPHOFY-UHFFFAOYSA-N
DB01623	PA451669	GFBKORZTTCHDGY-UWVJOHFNSA-N
DB01624	PA452629	WFPIAZLQTJBIFN-DVZOWYKESA-N
DB01625	PA164781398	JTPUMZTWMWIVPA-UHFFFAOYSA-O
DB01626	PA450797	DPWPWRLQFGFJFI-UHFFFAOYSA-N
DB01627	PA164749212	OJMMVQQUTAEWLP-KIDUDLJLSA-N
DB01628	PA164776853	MNJVRJDLRVPLFE-UHFFFAOYSA-N
DB01638	PA450320	FBPFZTCFMRRESA-JGWLITMVSA-N
DB01638	PA451455	FBPFZTCFMRRESA-JGWLITMVSA-N
DB01645	PA165109660	TZBJGXHYKVUXJN-UHFFFAOYSA-N
DB01656	PA165948052	MNDBXUUTURYVHR-UHFFFAOYSA-N
DB01687	PA450161	GUBGYTABKSRVRQ-PZPXDAEZSA-N
DB01703	PA450087	CMTBMSSPDNXOBC-UHFFFAOYSA-N
DB01708	PA451993	FMGSKLZLMKYGDP-USOAJAOKSA-N
DB01739	PA164750430	AGPKZVBTJJNPAG-UHNVWZDZSA-N
DB01746	PA450197	ROHFNLRQFUQHCH-RXMQYKEDSA-N
DB01764	PA164746234	SUYRLXYYZQTJHF-VMBLUXKRSA-N
DB01786	PA448055	QNAYBMKLOCPYGJ-UWTATZPHSA-N
DB01794	PA164712884	TXTOFHXWJBZWPO-UHFFFAOYSA-F
DB01853	PA164712884	DSJXIQQMORJERS-AGGZHOMASA-M
DB01942	PA449705	BDAGIHXWWSANSR-UHFFFAOYSA-N
DB01954	PA153906323	HJORMJIFDVBMOB-UHFFFAOYSA-N
DB02010	PA165109623	HKSZLNNOFSGOKW-FYTWVXJKSA-N
DB02013	PA450087	RZHWLGRUSMSXRP-UHFFFAOYSA-N
DB02031	PA164745110	MSTNYGQPCMXVAQ-RYUDHWBXSA-N
DB02032	PA448780	FAKRSMQSSFJEIM-BQBZGAKWSA-N
DB02061	PA450161	GUBGYTABKSRVRQ-CUHNMECISA-N
DB02097	PA449177	UHDGCWIWMRVCDJ-XVFCMESISA-N
DB02133	PA164712884	ATNHDLDRLWWWCB-AENOIHSZSA-M
DB02165	PA451956	JKKHGFKPEJPPQG-UHFFFAOYSA-N
DB02174	PA10090	ZDXPYRJPNDTMRX-GSVOUGTGSA-N
DB02176	PA448021	QWSOAYZXYZDDPB-UHFFFAOYSA-M
DB02266	PA166049190	LPEPZBJOKDYZAD-UHFFFAOYSA-N
DB02300	PA448714	LWQQLNNNIPYSNX-UROSTWAQSA-N
DB02325	PA450117	KFZMGEQAYNKOFK-UHFFFAOYSA-N
DB02424	PA152031327	QTQAWLPCGQOSGP-KSRBKZBZSA-N
DB02517	PA449776	WHUUTDBJXJRKMK-GSVOUGTGSA-N
DB02546	PA164748224	WAEXFXRVDQXREF-UHFFFAOYSA-N
DB02556	PA450931	COLNVLDHVKWLRT-MRVPVSSYSA-N
DB02587	PA146096022	OHCQJHSOBUTRHG-KGGHGJDLSA-N
DB02626	PA450087	SJKVBDKBQHKHPK-OVSNALSBSA-Q
DB02638	PA164781020	BENFXAYNYRLAIU-QSVFAHTRSA-N
DB02648	PA450154	PHIQHXFUZVPYII-ZCFIWIBFSA-O
DB02655	PA448494	CKLJMWTZIZZHCS-UWTATZPHSA-N
DB02659	PA166160055	BHQCQFFYRZLCQQ-OELDTZBJSA-N
DB02665	PA451741	AELCINSCMGFISI-DTWKUNHWSA-O
DB02678	PA164747613	MSWZFWKMSRAUBD-VFUOTHLCSA-N
DB02703	PA164749648	IECPWNUMDGFDKC-MZJAQBGESA-N
DB02709	PA165291838	LUKBXSAWLPMMSZ-OWOJBTEDSA-N
DB02743	PA450161	GUBGYTABKSRVRQ-WWZHPTPQSA-N
DB02745	PA130230921	DRTQHJPVMGBUCF-XVFCMESISA-N
DB02750	PA449173	OMYFBIZVJYGJJA-YBBRRFGFSA-M
DB02772	PA451525	CZMRCDWAGMRECN-UGDNZRGBSA-N
DB02779	PA451988	VICYBMUVWHJEFT-UHFFFAOYSA-N
DB02853	PA451125	ONIBWKKTOPOVIA-SCSAIBSYSA-N
DB02893	PA450423	FFEARJCKVFRZRR-SCSAIBSYSA-N
DB02932	PA164746255	LKJPYSCBVHEWIU-KRWDZBQOSA-N
DB03033	PA451991	YVZWQPOTHRMEQW-UHFFFAOYSA-M
DB03034	PA450214	GSDSWSVVBLHKDQ-SNVBAGLBSA-N
DB03034	PA450684	GSDSWSVVBLHKDQ-SNVBAGLBSA-N
DB03109	PA164752287	OVRNDRQMDRJTHS-UIAUGNHASA-N
DB03125	PA451788	IEDVJHCEMCRBQM-UHFFFAOYSA-O
DB03128	PA448031	OIPILFWXSMYKGL-UHFFFAOYSA-N
DB03166	PA448021	QTBSBXVTEAMEQO-UHFFFAOYSA-N
DB03172	PA152530738	HDZZVAMISRMYHH-KCGFPETGSA-N
DB03201	PA449173	XUJNEKJLAYXESH-UWTATZPHSA-N
DB03225	PA10323	QIVBCDIJIAJPQS-SECBINFHSA-N
DB03252	PA450280	KDXKERNSBIXSRK-RXMQYKEDSA-N
DB03255	PA450913	ISWSIDIOOBJBQZ-UHFFFAOYSA-N
DB03256	PA450198	VVIAGPKUTFNRDU-OLZOCXBDSA-N
DB03322	PA451145	AQHHHDLHHXJYJD-CQSZACIVSA-N
DB03323	PA450161	GUBGYTABKSRVRQ-PICCSMPSSA-N
DB03350	PA166131585	DYLMFCCYOUSRTK-UHFFFAOYSA-N
DB03467	PA151958361	FTVWIRXFELQLPI-ZDUSSCGKSA-N
DB03496	PA452627	BIIVYFLTOXDAOV-YVEFUNNKSA-N
DB03510	PA130230922	RXRZOKQPANIEDW-KQYNXXCUSA-N
DB03528	PA448049	OIRDTQYFTABQOQ-GAWUUDPSSA-N
DB03567	PA164752287	OVRNDRQMDRJTHS-CBQIKETKSA-N
DB03574	PA450087	QLXOENUMLPDRSK-AFXYHRJJSA-Q
DB03575	PA128406980	JTJMJGYZQZDUJJ-UHFFFAOYSA-N
DB03585	PA450750	HFHZKZSRXITVMK-UHFFFAOYSA-N
DB03606	PA153906323	HJORMJIFDVBMOB-GFCCVEGCSA-N
DB03700	PA451673	AYFVYJQAPQTCCC-PWNYCUMCSA-N
DB03740	PA164752287	OVRNDRQMDRJTHS-PVFLNQBWSA-N
DB03783	PA450897	CPJSUEIXXCENMM-UHFFFAOYSA-N
DB03793	PA448578	WPYMKLBDIGXBTP-UHFFFAOYSA-N
DB03839	PA451822	OUYCCCASQSFEME-MRVPVSSYSA-N
DB03843	PA449703	WSFSSNUMVMOOMR-UHFFFAOYSA-N
DB03849	PA165948031	CFBUZOUXXHZCFB-OYOVHJISSA-N
DB03894	PA164764584	RUOKEQAAGRXIBM-LBPRGKRZSA-N
DB03904	PA451831	XSQUKJJJFZCRTK-UHFFFAOYSA-N
DB03918	PA161990676	FNKQXYHWGSIFBK-ZMIZWQJLSA-N
DB03929	PA451330	MTCFGRXMJLQNBG-UWTATZPHSA-N
DB03943	PA164776968	DCXYFEDJOCDNAF-UWTATZPHSA-N
DB04027	PA448478	ODKSFYDXXFIFQN-SCSAIBSYSA-N
DB04115	PA165860812	YBHILYKTIRIUTE-UHFFFAOYSA-N
DB04149	PA153906323	HJORMJIFDVBMOB-LBPRGKRZSA-N
DB04272	PA449021	KRKNYBCHXYNGOX-UHFFFAOYSA-N
DB04275	PA140222717	MVAWJSIDNICKHF-UHFFFAOYSA-N
DB04293	PA164754806	JAPHQRWPEGVNBT-IJLUTSLNSA-N
DB04304	PA449770	RGHNJXZEOKUKBD-QTBDOELSSA-N
DB04342	PA164743144	JWCSIUVGFCSJCK-LIUKBUMOSA-N
DB04465	PA450161	GUBGYTABKSRVRQ-QKKXKWKRSA-N
DB04485	PA164760861	IQFYYKKMVGJFEH-XLPZGREQSA-N
DB04506	PA164712884	NSMUHPMZFPKNMZ-VBYMZDBQSA-M
DB04552	PA164746749	JZFPYUNJRRFVQU-UHFFFAOYSA-N
DB04570	PA164743144	JWCSIUVGFCSJCK-CAVRMKNVSA-N
DB04573	PA164769104	PROQIPRRNZUXQM-ZXXIGWHRSA-N
DB04574	PA164754789	JKKFKPJIXZFSSB-CBZIJGRNSA-N
DB04574	PA165958342	JKKFKPJIXZFSSB-CBZIJGRNSA-N
DB04575	PA164749042	PWZUUYSISTUNDW-VAFBSOEGSA-N
DB04650	PA448625	YBJHBAHKTGYVGT-OOZYFLPDSA-N
DB04690	PA153590860	VSJKWCGYPAHWDS-FQEVSTJZSA-N
DB04711	PA164745532	FFINMCNLQNTKLU-UHFFFAOYSA-N
DB04743	PA137179528	HYWYRSMBCFDLJT-UHFFFAOYSA-N
DB04786	PA10292	FIAFUQMPZJWCLV-UHFFFAOYSA-N
DB04789	PA166129561	ZNOVTXRBGFNYRX-ABLWVSNPSA-N
DB04794	PA164746464	OCAPBUJLXMYKEJ-UHFFFAOYSA-N
DB04817	PA166128206	LVWZTYCIRDMTEY-UHFFFAOYSA-N
DB04828	PA166049188	ZXVNMYWKKDOREA-UHFFFAOYSA-N
DB04835	PA164768835	GSNHKUDZZFZSJB-QYOOZWMWSA-N
DB04837	PA164748134	WRCHFMBCVFFYEQ-UHFFFAOYSA-N
DB04838	PA164748026	WZHCOOQXZCIUNC-UHFFFAOYSA-N
DB04840	PA452616	JWPGJSVJDAJRLW-UHFFFAOYSA-N
DB04841	PA164776636	SMANXXCATUTDDT-QPJJXVBHSA-N
DB04842	PA162565878	QOYHHIBFXOOADH-UHFFFAOYSA-N
DB04843	PA164746250	GKNPSSNBBWDAGH-UHFFFAOYSA-N
DB04844	PA140222719	MKJIEFSOBYUXJB-UHFFFAOYSA-N
DB04845	PA165110439	FABUFPQFXZVHFB-PVYNADRNSA-N
DB04851	PA164924560	CGVWPQOFHSAKRR-NDEPHWFRSA-N
DB04861	PA151958426	KOHIRBRYDXPAMZ-UHFFFAOYSA-N
DB04868	PA165958345	HHZIURLSWUIHRB-UHFFFAOYSA-N
DB04874	PA166131585	IIMIOEBMYPRQGU-UHFFFAOYSA-L
DB04876	PA165958346	SYOKIDBDQMKNDQ-XWTIBIIYSA-N
DB04877	PA165958347	VCMIRXRRQJNZJT-XRMSBCOFSA-N
DB04878	PA164752433	FZNCGRZWXLXZSZ-CIQUZCHMSA-N
DB04880	PA164768794	ZJKNESGOIKRXQY-UHFFFAOYSA-N
DB04884	PA166151992	USRHYDPUVLEVMC-FQEVSTJZSA-N
DB04890	PA164781356	YWGDOWXRIALTES-UHFFFAOYSA-N
DB04894	PA164743146	SWXOGPJRIDTIRL-DOUNNPEJSA-N
DB04896	PA164752812	GJJFMKBJSRMPLA-UHFFFAOYSA-N
DB04898	PA161748474	ZXIBCJHYVWYIKI-PZJWPPBQSA-N
DB04908	PA166153431	PPRRDFIXUUSXRA-UHFFFAOYSA-N
DB04909	PA166115581	RVAKDGYPIVSYEU-UHFFFAOYSA-N
DB04930	PA164743137	RLLPVAHGXHCWKJ-UHFFFAOYSA-N
DB04936	PA449716	BJHIKXHVCXFQLS-PQLUHFTBSA-N
DB04942	PA164743464	MUTNCGKQJGXKEM-UHFFFAOYSA-N
DB04948	PA164744510	KSMAGQUYOIHWFS-UHFFFAOYSA-N
DB04967	PA164748783	FBQPGGIHOFZRGH-UHFFFAOYSA-N
DB04996	PA166131585	CKNPWBAXEKSCRG-UHFFFAOYSA-J
DB04996	PA448021	CKNPWBAXEKSCRG-UHFFFAOYSA-J
DB05016	PA166151864	OOUGLTULBSNHNF-UHFFFAOYSA-N
DB05039	PA165958348	QZZUEBNBZAPZLX-QFIPXVFZSA-N
DB05109	PA165958349	PKVRCIRHQMSYJX-AIFWHQITSA-N
DB05220	PA166165015	ZLHFILGSQDJULK-UHFFFAOYSA-N
DB05239	PA166160044	BSMCAPRUBJMWDF-KRWDZBQOSA-N
DB05245	PA164744951	UEJSSZHHYBHCEL-UHFFFAOYSA-N
DB05246	PA164743145	AJXPJJZHWIXJCJ-UHFFFAOYSA-N
DB05260	PA164781198	CHPZKNULDCNCBW-UHFFFAOYSA-N
DB05265	PA165958350	IWCWQNVIUXZOMJ-MISYRCLQSA-N
DB05266	PA165958351	ZJVFLBOZORBYFE-UHFFFAOYSA-N
DB05271	PA165958352	KFQYTPMOWPVWEJ-INIZCTEOSA-N
DB05271	PA166165149	KFQYTPMOWPVWEJ-INIZCTEOSA-N
DB05289	PA449683	SYTBZMRGLBWNTM-SNVBAGLBSA-N
DB05294	PA166118341	UHTHHESEBZOYNR-UHFFFAOYSA-N
DB05296	PA448021	ZCISRIHHEXSWIR-WRIGXHCHSA-L
DB05351	PA166110257	MJIHNNLFOKEZEW-RUZDIDTESA-N
DB05351	PA450180	MJIHNNLFOKEZEW-RUZDIDTESA-N
DB05428	PA448021	VAZLWPAHMORDGR-WRIGXHCHSA-L
DB05521	PA165958354	BBAWEDCPNXPBQM-GDEBMMAJSA-N
DB05541	PA166153491	MSYKRHVOOPPJKU-BDAKNGLRSA-N
DB05575	PA166118340	RAHBGWKEPAQNFF-UHFFFAOYSA-N
DB05630	PA164743129	YQDGWZZYGYKDLR-UZVLBLASSA-K
DB05667	PA450146	XMAYWYJOQHXEEK-ZEQKJWHPSA-N
DB05812	PA166123407	GZOSMCIZMLWJML-VJLLXTKPSA-N
DB05966	PA449021	VOHOCSJONOJOSD-SCIDSJFVSA-N
DB06144	PA164784002	GZKLJWGUPQBVJQ-UHFFFAOYSA-N
DB06148	PA134687937	UEQUQVLFIPOEMF-UHFFFAOYSA-N
DB06150	PA165958357	ZZORFUFYDOWNEF-UHFFFAOYSA-N
DB06151	PA448033	PWKSKIMOESPYIA-BYPYZUCNSA-N
DB06155	PA152407999	JZCPYUJPEARBJL-UHFFFAOYSA-N
DB06176	PA166161306	OHRURASPPZQGQM-GCCNXGTGSA-N
DB06196	PA164749185	QURWXBZNHXJZBE-MCDGZUPGSA-N
DB06201	PA166131606	POGQSBRIGCQNEG-UHFFFAOYSA-N
DB06204	PA166179720	KWTWDQCKEHXFFR-SMDDNHRTSA-N
DB06209	PA154410481	DTGLZDAWLRGWQN-UHFFFAOYSA-N
DB06213	PA166129536	LZPZPHGJDAGEJZ-AKAIJSEGSA-N
DB06218	PA166160048	VPPJLAIAVCUEMN-GFCCVEGCSA-N
DB06253	PA164776929	CCTREOMTIFSZAU-OGFXRTJISA-N
DB06262	PA164748386	QXWYKJLNLSIPIN-JGVFFNPUSA-N
DB06267	PA164776753	IYFNEFQTYQPVOC-UHFFFAOYSA-N
DB06268	PA165958361	PHWXUGHIIBDVKD-UHFFFAOYSA-N
DB06274	PA164754864	UPNUIXSCZBYVBB-JVFUWBCBSA-N
DB06282	PA448905	ZKLPARSLTMPFCP-OAQYLSRUSA-N
DB06287	PA164746890	CBPNZQVSJQDFBE-FUXHJELOSA-N
DB06288	PA162565877	NTJOBXMMWNYJFB-UHFFFAOYSA-N
DB06290	PA166122590	JTZZSQYMACOLNN-VDWJNHBNSA-N
DB06292	PA166104278	JVHXJTBJCFBINQ-ADAARDCZSA-N
DB06311	PA165884699	WDPFJWLDPVQCAJ-UHFFFAOYSA-N
DB06335	PA165958362	QGJUIPDUBHWZPV-SGTAVMJGSA-N
DB06413	PA450530	YFGHCGITMMYXAQ-LJQANCHMSA-N
DB06414	PA166014703	PYGWGZALEOIKDF-UHFFFAOYSA-N
DB06441	PA165945763	PAEBIVWUMLRPSK-IDTAVKCVSA-N
DB06448	PA166129466	DHMTURDWPRKSOA-RUZDIDTESA-N
DB06523	PA451241	IWUCXVSUMQZMFG-RGDLXGNYSA-N
DB06532	PA166122486	UKOQVLAXCBRRGH-UHFFFAOYSA-N
DB06594	PA165958363	YJYPHIXNFHFHND-UHFFFAOYSA-N
DB06598	PA166119001	RXOVOXFAAGIKDQ-UHFFFAOYSA-N
DB06603	PA166161307	FPOHNWQLNRZRFC-ZHACJKMWSA-N
DB06605	PA166163740	QNZCBYKSOIHPEH-UHFFFAOYSA-N
DB06608	PA166115580	LBHLFPGPEGDCJG-UHFFFAOYSA-N
DB06623	PA166152829	JUUFBMODXQKSTD-UHFFFAOYSA-N
DB06634	PA166129533	XGGTZCKQRWXCHW-WMTVXVAQSA-N
DB06637	PA166123389	NUKYPUAOHBNCPY-UHFFFAOYSA-N
DB06678	PA450522	RONZAEMNMFQXRA-MRXNPFEDSA-N
DB06689	PA164746758	KGWDUNBJIMUFAP-KVVVOXFISA-N
DB06691	PA165817939	YECBIJXISLIIDS-UHFFFAOYSA-N
DB06694	PA165958368	HUCJFAOMUPXHDK-UHFFFAOYSA-N
DB06695	PA165958369	KSGXQBZTULBEEQ-UHFFFAOYSA-N
DB06697	PA165111698	SXYIRMFQILZOAM-HVNFFKDJSA-N
DB06698	PA165958372	UUQMNUMQCIQDMZ-UHFFFAOYSA-N
DB06699	PA165958373	MEUCPCLKGZSHTA-XYAYPHGZSA-N
DB06700	PA165958374	KYYIDSXMWOZKMP-UHFFFAOYSA-N
DB06701	PA10054	DUGOZIWVEXMGBE-CHWSQXEVSA-N
DB06701	PA450464	DUGOZIWVEXMGBE-CHWSQXEVSA-N
DB06702	PA165958376	DCCSDBARQIPTGU-HSZRJFAPSA-N
DB06703	PA165958377	ZPDFIIGFYAHNSK-YYLIZZNMSA-K
DB06706	PA165958379	XVQUOJBERHHONY-UHFFFAOYSA-N
DB06707	PA165958380	GEFQWZLICWMTKF-CDUCUWFYSA-N
DB06708	PA165111722	DYLGFOYVTXJFJP-MYYYXRDXSA-N
DB06709	PA165958382	NZWOPGCLSHLLPA-UHFFFAOYSA-N
DB06711	PA165958384	CNIIGCLFLJGOGP-UHFFFAOYSA-N
DB06712	PA165958385	FAIIFDPAEUKBEP-UHFFFAOYSA-N
DB06713	PA164953212	ISHXLNHNDMZNMC-XUDSTZEESA-N
DB06714	PA165958387	JCRIVQIOJSSCQD-UHFFFAOYSA-N
DB06715	PA451060	NLKNQRATVPKPDG-UHFFFAOYSA-M
DB06716	PA165958389	QVNNONOFASOXQV-UHFFFAOYSA-N
DB06717	PA165958390	BARDROPHSZEBKC-OITMNORJSA-N
DB06718	PA165958391	LKAJKIOFIWVMDJ-IYRCEVNGSA-N
DB06724	PA164712582	VTYYLEPIZMXCLO-UHFFFAOYSA-L
DB06726	PA166110256	SSEBTPPFLLCUMN-UHFFFAOYSA-N
DB06729	PA130231310	QWCJHSGMANYXCW-UHFFFAOYSA-N
DB06730	PA165958397	SIGSPDASOTUPFS-XUDSTZEESA-N
DB06735	PA449046	GKIRPKYJQBWNGO-OCEACIFDSA-N
DB06736	PA166049185	MNIPYSSQXLZQLJ-UHFFFAOYSA-N
DB06751	PA165958398	OMFNSKIUKYOYRG-MOSHPQCFSA-N
DB06766	PA165958399	MWTBKTRZPHJQLH-UHFFFAOYSA-N
DB06767	PA166131585	NLXLAEXVIDQMFP-UHFFFAOYSA-N
DB06768	PA166131585	RZOBLYBZQXQGFY-UHFFFAOYSA-N
DB06772	PA165958401	BMQGVNUXMIRLCK-OAGWZNDDSA-N
DB06775	PA165958402	LCQLHJZYVOQKHU-VKHMYHEASA-N
DB06777	PA165958403	RUDATBOHQWOJDD-BSWAIDMHSA-N
DB06777	PA451837	RUDATBOHQWOJDD-BSWAIDMHSA-N
DB06781	PA165958405	WYQPLTPSGFELIB-JTQPXKBDSA-N
DB06782	PA165958406	WQABCVAJNWAXTE-UHFFFAOYSA-N
DB06784	PA449021	YEEGWNXDUZONAA-RYDPDVNUSA-K
DB06788	PA448021	BKEMVGVBBDMHKL-VYFXDUNUSA-N
DB06793	PA451142	XLMALTXPSGQGBX-PGRDOPGGSA-N
DB06802	PA165958407	QEFAQIPZVLVERP-UHFFFAOYSA-N
DB06803	PA165958408	RJMUSRYZPJIFPJ-UHFFFAOYSA-N
DB06804	PA450648	FBWNMEQMRUMQSO-UHFFFAOYSA-N
DB06809	PA165958410	YIQPUIGJQJDJOS-UHFFFAOYSA-N
DB06819	PA166114316	OBKXEAXTFZPCHS-UHFFFAOYSA-N
DB06987	PA448499	METKIMKYRPQLGS-GFCCVEGCSA-N
DB07129	PA450488	VLPIATFUUWWMKC-SNVBAGLBSA-N
DB07232	PA166131609	JNAHVYVRKWKWKQ-CYBMUJFWSA-N
DB07465	PA165958362	QGJUIPDUBHWZPV-YQBUGCKMSA-N
DB07467	PA449975	NDDAHWYSQHTHNT-JTQLQIEISA-N
DB07477	PA166049177	QRZAKQDHEVVFRX-UHFFFAOYSA-N
DB07701	PA449394	ADEBPBSSDYVVLD-HXUWFJFHSA-N
DB07702	PA164769104	PROQIPRRNZUXQM-PNVOZDDCSA-N
DB07705	PA164746010	LEZWWPYKPKIXLL-GOSISDBHSA-N
DB07768	PA451627	MUMGGOZAMZWBJJ-KZYORJDKSA-N
DB08046	PA448970	JIVPVXMEBJLZRO-AWEZNQCLSA-N
DB08439	PA166049193	TZRHLKRLEZJVIJ-UHFFFAOYSA-N
DB08472	PA449673	RTHCYVBBDHJXIQ-MRXNPFEDSA-N
DB08544	PA449673	RTHCYVBBDHJXIQ-INIZCTEOSA-N
DB08607	PA451799	GXPHKUHSUJUWKP-NTKDMRAZSA-N
DB08645	PA164752426	LMJSLTNSBFUCMU-MRVPVSSYSA-N
DB08815	PA166129557	PQXKDMSYBGKCJA-CVTJIBDQSA-N
DB08816	PA165374673	OEKWJQXRCDYSHL-FNOIDJSQSA-N
DB08820	PA165950341	PURKAOJPTOLRMP-UHFFFAOYSA-N
DB08820	PA166152935	PURKAOJPTOLRMP-UHFFFAOYSA-N
DB08820	PA166179845	PURKAOJPTOLRMP-UHFFFAOYSA-N
DB08826	PA166118041	TZXKOCQBRNJULO-UHFFFAOYSA-N
DB08858	PA166131585	RUGJYCHQQOPHCW-UHFFFAOYSA-L
DB08865	PA165946122	KTEIFNKAUNYNJU-GFCCVEGCSA-N
DB08873	PA165948902	LHHCSNFAOIFYRV-DOVBMPENSA-N
DB08877	PA166123386	HFNKQEVNSGCOJV-OAHLLOKOSA-N
DB08878	PA165109541	TVZGACDUOSZQKY-LBPRGKRZSA-N
DB08881	PA165946873	GPXBXXGIAQBQNI-UHFFFAOYSA-N
DB08884	PA165985534	PCZHWPSNPWAQNF-LMOVPXPDSA-K
DB08889	PA166165203	BLMPQMFVWMYDKT-NZTKNTHTSA-N
DB08891	PA448533	KPYSYYIEGFHWSV-QMMMGPOBSA-N
DB08901	PA165980594	PHXJVRSECIGDHY-UHFFFAOYSA-N
DB08908	PA166152838	LDCRTTXIJACKKU-ONEGZZNKSA-N
DB08911	PA166115364	LIRYPHYGHXZJBZ-UHFFFAOYSA-N
DB08916	PA165981154	ULXXDDBFHOBEHA-CWDCEQMOSA-N
DB08918	PA164752812	GJJFMKBJSRMPLA-DZGCQCFKSA-N
DB08922	PA165291546	FBVFZWUMDDXLLG-HDICACEKSA-N
DB08930	PA166114961	RHWKPHLQXYSBKR-BMIGLBTASA-N
DB08934	PA166122593	TTZHDVOVKQGIBA-IQWMDFIBSA-N
DB08934	PA166163416	TTZHDVOVKQGIBA-IQWMDFIBSA-N
DB08934	PA166163427	TTZHDVOVKQGIBA-IQWMDFIBSA-N
DB08938	PA164712884	SPPNVMTVMQOKSC-UHFFFAOYSA-A
DB08942	PA166049183	YYUAYBYLJSNDCX-UHFFFAOYSA-N
DB08981	PA166049176	ZPAKPRAICRBAOD-UHFFFAOYSA-N
DB09001	PA165958387	MJCBWPMBFCUHBP-NPULLEENSA-N
DB09001	PA450911	MJCBWPMBFCUHBP-NPULLEENSA-N
DB09026	PA143487910	UXOWGYHJODZGMF-QORCZRPOSA-N
DB09027	PA166128166	VRTWBAAJJOHBQU-KMWAZVGDSA-N
DB09027	PA166163427	VRTWBAAJJOHBQU-KMWAZVGDSA-N
DB09038	PA166163327	OBWASQILIWPZMG-QZMOQZSNSA-N
DB09039	PA166123486	FJZZPCZKBUKGGU-AUSIDOKSSA-N
DB09053	PA166121346	XYFPWWZEPKGCCK-GOSISDBHSA-N
DB09065	PA166165092	ZCIGNRJZKPOIKD-CQXVEOKZSA-N
DB09068	PA166122595	YQNWZWMKLDQSAC-UHFFFAOYSA-N
DB09072	PA10819	XYGBKMMCQDZQOZ-UHFFFAOYSA-M
DB09073	PA166153469	AHJRHEGDXFFMBM-UHFFFAOYSA-N
DB09075	PA166128806	HGVDHZBSSITLCT-JLJPHGGASA-N
DB09078	PA166153472	WOSKHXYHFSIKNG-UHFFFAOYSA-N
DB09083	PA166123415	ACRHBAYQBXXRTO-OAQYLSRUSA-N
DB09094	PA450993	KOUZYZCESNTXJO-UHFFFAOYSA-N
DB09099	PA166178990	NHXLMOGPVYXJNR-ATOGVRKGSA-N
DB09102	PA166128167	FKRSSPOQAMALKA-CUPIEXAXSA-N
DB09104	PA164712884	VTHJTEIRLNZDEV-UHFFFAOYSA-L
DB09116	PA164712582	MYFXBBAEXORJNB-UHFFFAOYSA-N
DB09125	PA449021	QEEAPRPFLLJWCF-UHFFFAOYSA-K
DB09128	PA166160053	ZKIAIYBUSXZPLP-UHFFFAOYSA-N
DB09146	PA451525	FWZTTZUKDVJDCM-CEJAUHOTSA-M
DB09154	PA449021	HRXKRNGNAMMEHJ-UHFFFAOYSA-K
DB09183	PA166160002	NBRBXGKOEOGLOI-UHFFFAOYSA-N
DB09183	PA166163411	NBRBXGKOEOGLOI-UHFFFAOYSA-N
DB09212	PA166049180	YMBXTVYHTMGZDW-UHFFFAOYSA-N
DB09213	PA166049174	HEFNNWSXXWATRW-JTQLQIEISA-N
DB09213	PA449957	HEFNNWSXXWATRW-JTQLQIEISA-N
DB09214	PA166049175	DKYWVDODHFEZIM-NSHDSACASA-N
DB09214	PA450149	DKYWVDODHFEZIM-NSHDSACASA-N
DB09215	PA166049182	OEHFRZLKGRKFAS-UHFFFAOYSA-N
DB09216	PA166049189	YEZNLOUZAIOMLT-UHFFFAOYSA-N
DB09217	PA166049194	FULAPETWGIGNMT-UHFFFAOYSA-N
DB09237	PA448388	HTIQEAQVCYTUBX-KRWDZBQOSA-N
DB09274	PA165111697	FIHJKUPKCHIPAT-AHIGJZGOSA-N
DB09277	PA448976	SGMZJAMFUVOLNK-ULWFUOSBSA-M
DB09280	PA166114483	UFSKUSARDNFIRC-UHFFFAOYSA-N
DB09280	PA166152935	UFSKUSARDNFIRC-UHFFFAOYSA-N
DB09281	PA164712884	GXGAKHNRMVGRPK-UHFFFAOYSA-N
DB09296	PA166160002	PIDFDZJZLOTZTM-KHVQSSSXSA-N
DB09296	PA166163408	PIDFDZJZLOTZTM-KHVQSSSXSA-N
DB09296	PA166163409	PIDFDZJZLOTZTM-KHVQSSSXSA-N
DB09297	PA166160002	UAUIUKWPKRJZJV-QPLHLKROSA-N
DB09297	PA166163408	UAUIUKWPKRJZJV-QPLHLKROSA-N
DB09297	PA166163410	UAUIUKWPKRJZJV-QPLHLKROSA-N
DB09298	PA166129539	SEBFKMXJBCUCAI-HKTJVKLFSA-N
DB09308	PA166165147	IXXFZUPTQVDPPK-ZAWHAJPISA-N
DB09320	PA450842	WHRVRSCEWKLAHX-LQDWTQKMSA-N
DB09320	PA451110	WHRVRSCEWKLAHX-LQDWTQKMSA-N
DB09321	PA451956	XLOMVQKBTHCTTD-UHFFFAOYSA-N
DB09326	PA166131585	QGZKDVFQNNGYKY-BJUDXGSMSA-N
DB09330	PA166131626	DUYJMQONPNNFPI-UHFFFAOYSA-N
DB09351	PA448611	NWIUTZDMDHAVTP-KRWDZBQOSA-N
DB09364	PA451110	XRCLWOYOVQUZLE-UHFFFAOYSA-M
DB09389	PA450218	WWYNJERNGUHSAO-UHFFFAOYSA-N
DB09389	PA450656	WWYNJERNGUHSAO-UHFFFAOYSA-N
DB09395	PA448021	VMHLLURERBWHNL-UHFFFAOYSA-M
DB09407	PA164712884	TWRXJAOTZQYOKJ-UHFFFAOYSA-L
DB09409	PA164712884	XKPKPGCRSHFTKM-UHFFFAOYSA-L
DB09409	PA448021	XKPKPGCRSHFTKM-UHFFFAOYSA-L
DB09481	PA164712884	ZLNQQNXFFQJAID-UHFFFAOYSA-L
DB09501	PA166131585	FRHBOQMZUOWXQL-UHFFFAOYSA-N
DB09501	PA449021	FRHBOQMZUOWXQL-UHFFFAOYSA-N
DB09510	PA451831	XSQUKJJJFZCRTK-OUBTZVSYSA-N
DB09513	PA451831	XSQUKJJJFZCRTK-NJFSPNSNSA-N
DB09517	PA449770	MQBDAEHWGRMADS-XNHLMZCASA-M
DB09517	PA451525	MQBDAEHWGRMADS-XNHLMZCASA-M
DB09555	PA448960	DBAKFASWICGISY-DASCVMRKSA-N
DB09563	PA448976	OEYIOHPDSNJKLS-BJUDXGSMSA-N
DB09571	PA450403	MYWUZJCMWCOHBA-SECBINFHSA-N
DB11079	PA451299	UEVAMYPIMMOEFW-UHFFFAOYSA-N
DB11093	PA164712582	FNAQSUUGMSOBHW-UHFFFAOYSA-H
DB11093	PA449021	FNAQSUUGMSOBHW-UHFFFAOYSA-H
DB11110	PA164712884	PLSARIKBYIPYPF-UHFFFAOYSA-H
DB11110	PA449021	PLSARIKBYIPYPF-UHFFFAOYSA-H
DB11126	PA164712582	NEEHYRZPVYRGPP-IYEMJOQQSA-L
DB11126	PA449770	NEEHYRZPVYRGPP-IYEMJOQQSA-L
DB11128	PA166131585	FZDJSHPVOMNEIF-UHFFFAOYSA-T
DB11129	PA451831	AQLJVWUFPCUVLO-UHFFFAOYSA-N
DB11141	PA449770	OXHQNTSSPHKCPB-IYEMJOQQSA-L
DB11154	PA449021	WGIWBXUNRXCYRA-UHFFFAOYSA-H
DB11168	PA164712582	ZJXGOFZGZFVRHK-BALCVSAKSA-L
DB11189	PA164712884	AACACXATQSKRQG-UHFFFAOYSA-L
DB11189	PA449789	AACACXATQSKRQG-UHFFFAOYSA-L
DB11195	PA451938	HEBKCHPVOIAQTA-SCDXWVJYSA-N
DB11197	PA449173	NIBOCUPOPAKNJE-NVKWYWNSSA-L
DB11197	PA449789	NIBOCUPOPAKNJE-NVKWYWNSSA-L
DB11200	PA449789	WYANSMZYIOPJFV-UHFFFAOYSA-L
DB11210	PA449789	GIPOFCXYHMWROH-UHFFFAOYSA-L
DB11233	PA449021	QUTYHQJYVDNJJA-UHFFFAOYSA-K
DB11246	PA449770	OCUCCJIRFHNWBP-IYEMJOQQSA-L
DB11248	PA449770	WHMDKBIGKVEYHS-IYEMJOQQSA-L
DB11256	PA166129561	ZNOVTXRBGFNYRX-STQMWFEESA-N
DB11264	PA164712582	UHHRFSOMMCWGSO-UHFFFAOYSA-L
DB11315	PA164784032	LZCOQTDXKCNBEE-IKIFYQGPSA-N
DB11344	PA164776605	NOOLISFMXDJSKH-AEJSXWLSSA-N
DB11348	PA164712582	QORWJWZARLRLPR-UHFFFAOYSA-H
DB11363	PA166160050	KDGFLJKFZUIJMX-UHFFFAOYSA-N
DB11428	PA449256	CUHVIMMYOGQXCV-UHFFFAOYSA-N
DB11525	PA166131585	WQGJEAMPBSZCIF-HKSLRPGUSA-N
DB11560	PA166160006	FGQFOYHRJSUHMR-UHFFFAOYSA-N
DB11574	PA166163436	BVAZQCUMNICBAQ-PZHYSIFUSA-N
DB11575	PA166163437	OBMNJSNZOWALQB-NCQNOWPTSA-N
DB11575	PA166163438	OBMNJSNZOWALQB-NCQNOWPTSA-N
DB11576	PA450087	JEIPFZHSYJVQDO-UHFFFAOYSA-N
DB11581	PA166153473	LQBVNQSMGBZMKD-UHFFFAOYSA-N
DB11586	PA166128168	XRWSZZJLZRKHHD-WVWIJVSJSA-N
DB11596	PA450198	VVIAGPKUTFNRDU-STQMWFEESA-N
DB11613	PA166163415	FHCUMDQMBHQXKK-CDIODLITSA-N
DB11613	PA166163416	FHCUMDQMBHQXKK-CDIODLITSA-N
DB11614	PA165107052	WUZYKBABMWJHDL-UHFFFAOYSA-N
DB11629	PA166129564	NXFFJDQHYLNEJK-CYBMUJFWSA-N
DB11689	PA166129529	CYOHGALHFOKKQC-UHFFFAOYSA-N
DB11712	PA166179845	MJUVRTYWUMPBTR-MRXNPFEDSA-N
DB11718	PA166179872	CMJCXYNUCSMDBY-ZDUSSCGKSA-N
DB11730	PA166153470	RHXHGRAEPCAFML-UHFFFAOYSA-N
DB11737	PA166114460	QQLKULDARVNMAL-UHFFFAOYSA-N
DB11749	PA164764583	FSVJFNAIGNNGKK-KRWDZBQOSA-N
DB11793	PA166131610	PCHKPVIQAHNQLW-CQSZACIVSA-N
DB11807	PA450334	IMYZQPCYWPFTAG-NGZCFLSTSA-N
DB11808	PA166128132	LLGDPTDZOVKFDU-XUHJSTDZSA-N
DB11823	PA450144	YQEZLKZALYSWHR-ZDUSSCGKSA-N
DB11845	PA166131607	CUDVHEFYRIWYQD-UHFFFAOYSA-N
DB11868	PA450206	HPHUVLMMVZITSG-UHFFFAOYSA-N
DB11929	PA166128169	KUQWGLQLLVFLSM-ONAXAZCASA-N
DB11940	PA165858618	XMYKNCNAZKMVQN-NYYWCZLTSA-N
DB11947	PA166115441	YGKUEOZJFIXDGI-UHFFFAOYSA-N
DB11964	PA165947499	HRRXCXABAPSOCP-UHFFFAOYSA-N
DB11967	PA166179867	ACWZRVQXLIRSDF-UHFFFAOYSA-N
DB11995	PA166179849	OFZJKCQENFPZBH-UHFFFAOYSA-N
DB12001	PA166153471	UZWDCWONPYILKI-UHFFFAOYSA-N
DB12098	PA448533	KPYSYYIEGFHWSV-MRVPVSSYSA-N
DB12108	PA166163227	BEUQXVWXFDOSAQ-UHFFFAOYSA-N
DB12160	PA166123566	VUAFHZCUKUDDBC-BYPYZUCNSA-N
DB12161	PA140222719	MKJIEFSOBYUXJB-WEZHFFAMSA-N
DB12181	PA166131581	YZQLWPMZQVHJED-UHFFFAOYSA-N
DB12184	PA166123367	QOIGKGMMAGJZNZ-UHFFFAOYSA-N
DB12267	PA166163482	AILRADAXUVEEIR-UHFFFAOYSA-N
DB12286	PA164749138	WHXMKTBCFHIYNQ-UHFFFAOYSA-N
DB12314	PA165857067	ISZNZKHCRKXXAU-UHFFFAOYSA-N
DB12332	PA166163418	HMABYWSNWIZPAG-UHFFFAOYSA-N
DB12350	PA166129554	AEAPORIZZWBIEX-DTBDINHYSA-N
DB12395	PA144614921	CBQGYUDMJHNJBX-OALUTQOASA-N
DB12425	PA164748036	AUYYCJSJGJYCDS-UMVFHIKJSA-N
DB12425	PA164778866	AUYYCJSJGJYCDS-UMVFHIKJSA-N
DB12523	PA166129535	PVLJETXTTWAYEW-UHFFFAOYSA-N
DB12628	PA448976	OEYIOHPDSNJKLS-GQALSZNTSA-N
DB12650	PA451316	MEZLKOACVSPNER-FDJJMKDCSA-N
DB12752	PA165945764	FBMYKMYQHCBIGU-UHFFFAOYSA-N
DB12770	PA166110255	KMZQAVXSMUKBPD-DJWKRKHSSA-N
DB12783	PA165360203	BNQDCRGUHNALGH-UHFFFAOYSA-N
DB12789	PA164781385	PXGPLTODNUVGFL-YNNPMVKQSA-N
DB12802	PA450993	YJGVMLPVUAXIQN-HAEOHBJNSA-N
DB12804	PA166119201	SRIOCKJKFXAKHK-UHFFFAOYSA-N
DB12971	PA165949675	TXIIZHHIOHVWJD-UHFFFAOYSA-N
DB12979	PA165360204	YZZVIKDAOTXDEB-JTQLQIEISA-N
DB13132	PA165111696	BLUAFEHZUWYNDE-NNWCWBAJSA-N
DB13139	PA448068	NDAUXUAQIAJITI-LBPRGKRZSA-N
DB13142	PA164712582	YPCRNBPOUVJVMU-LCGAVOCYSA-L
DB13142	PA449770	YPCRNBPOUVJVMU-LCGAVOCYSA-L
DB13145	PA166131585	GYAVMUDJCHAASE-UHFFFAOYSA-M
DB13169	PA164746281	NPAGDVCDWIYMMC-IZPLOLCNSA-N
DB13179	PA127840611	LQCLVBQBTUVCEQ-QTFUVMRISA-N
DB13180	PA449770	RGHNJXZEOKUKBD-SQOUGZDYSA-N
DB13207	PA448478	RVEWUBJVAHOGKA-WOYAITHZSA-N
DB13207	PA449776	RVEWUBJVAHOGKA-WOYAITHZSA-N
DB13220	PA448494	KKPUODLFBBWJPH-DKWTVANSSA-L
DB13231	PA164712582	MKJXYGKVIBWPFZ-UHFFFAOYSA-L
DB13232	PA166049191	ONWXNHPOAGOMTG-UHFFFAOYSA-N
DB13249	PA164712884	ZADYMNAVLSWLEQ-UHFFFAOYSA-N
DB13264	PA164745442	MEGKRPMNPGTIIG-VNYBMUHKSA-N
DB13317	PA166049179	ARPYQKTVRGFPIS-VIFPVBQESA-N
DB13322	PA164712884	BEBILBPAQKONJS-UHFFFAOYSA-L
DB13323	PA166115521	XSTXAVWGXDQKEL-UHFFFAOYSA-N
DB13381	PA449439	MKWYFZFMAMBPQK-UHFFFAOYSA-J
DB13402	PA448925	SULCNWZLMZPENK-UHFFFAOYSA-N
DB13404	PA449439	UEUXEKPTXMALOB-UHFFFAOYSA-J
DB13443	PA448499	METKIMKYRPQLGS-LBPRGKRZSA-N
DB13486	PA164712884	SPAGIJMPHSUYSE-UHFFFAOYSA-N
DB13509	PA448497	MXCPYJZDGPQDRA-UHFFFAOYSA-N
DB13515	PA450401	USSIQXCVUWKGNF-QGZVFWFLSA-N
DB13576	PA450617	NSFYKDVWNTWJOK-UHFFFAOYSA-K
DB13582	PA449021	NPFOYSMITVOQOS-GJNDDOAHSA-K
DB13584	PA164745088	ICLWTJIMXVISSR-UHFFFAOYSA-N
DB13590	PA164712582	JWLAOERSRUNGEF-JQVJEGKNSA-L
DB13595	PA164712884	XFKLULFTFNRQOX-UHFFFAOYSA-N
DB13612	PA164712582	VYMUGTALCSPLDM-UHFFFAOYSA-L
DB13612	PA448497	VYMUGTALCSPLDM-UHFFFAOYSA-L
DB13612	PA451831	VYMUGTALCSPLDM-UHFFFAOYSA-L
DB13620	PA449770	HLCFGWHYROZGBI-JJKGCWMISA-M
DB13626	PA449789	UTUUIUQHGDRVPU-UHFFFAOYSA-K
DB13636	PA449349	UFKLOBYBVCBTBP-UHFFFAOYSA-N
DB13650	PA449770	GJJYZOBRHIMORS-GQOAHPRESA-K
DB13679	PA448960	SOYKEARSMXGVTM-HNNXBMFYSA-N
DB13720	PA164748388	LCTZPQRFOZKZNK-UHFFFAOYSA-N
DB13725	PA165817950	UISARWKNNNHPGI-UHFFFAOYSA-N
DB13748	PA448478	LUCWYYXUZVULSK-WCCKRBBISA-N
DB13749	PA164712884	HJWFTNWQKDPLAS-SYAJEJNSSA-L
DB13749	PA449770	HJWFTNWQKDPLAS-SYAJEJNSSA-L
DB13762	PA451216	YREYEVIYCVEVJK-RUZDIDTESA-N
DB13766	PA165818137	ZBIAKUMOEKILTF-UHFFFAOYSA-N
DB13783	PA166049184	FSQKKOOTNAMONP-UHFFFAOYSA-N
DB13786	PA164712884	QWLHYYKDLOVBNV-UHFFFAOYSA-L
DB13789	PA448021	KQVRYPWCDUCYPZ-OLXYHTOASA-K
DB13800	PA164712582	APKDPOQXVKRLEP-UHFFFAOYSA-L
DB13812	PA451647	SEIRRUDMPNNSCY-UHFFFAOYSA-N
DB13829	PA164712582	LECAAGVQUHQAJK-UHFFFAOYSA-N
DB13841	PA452629	WFPIAZLQTJBIFN-UHFFFAOYSA-N
DB13851	PA165260403	NLYNIRQVMRLPIQ-XQLAAWPRSA-N
DB13860	PA451299	XCHHJFVNQPPLJK-UHFFFAOYSA-N
DB13862	PA164712884	GVALZJMUIHGIMD-UHFFFAOYSA-H
DB13910	PA451846	YZDVVHSLIPLZLO-UHFFFAOYSA-K
DB13919	PA448765	HTQMVQVXFRQIKW-UHFFFAOYSA-N
DB13941	PA166104279	UCRHFBCYFMIWHC-UHFFFAOYSA-N
DB13962	PA164712582	UGZVNIRNPPEDHM-SBBOJQDXSA-L
DB13972	PA450423	FFEARJCKVFRZRR-UHFFFAOYSA-N
DB13995	PA449021	SXAWSYZURCZSDX-UHFFFAOYSA-B
DB13996	PA164712884	UEGPKNKPLBYCNK-UHFFFAOYSA-L
DB13996	PA448021	UEGPKNKPLBYCNK-UHFFFAOYSA-L
DB14006	PA448976	UDKCHVLMFQVBAA-UHFFFAOYSA-M
DB14006	PA451299	UDKCHVLMFQVBAA-UHFFFAOYSA-M
DB14060	PA166049196	KTDZCOWXCWUPEO-UHFFFAOYSA-N
DB14063	PA451868	SGTNSNPWRIOYBX-HHHXNRCGSA-N
DB14077	PA164712884	HQKMJHAJHXVSDF-UHFFFAOYSA-L
DB14080	PA164712884	CDIFCTOKYOUYOT-SCGRZTRASA-L
DB14080	PA448033	CDIFCTOKYOUYOT-SCGRZTRASA-L
DB14089	PA451521	ACTRVOBWPAIOHC-UHFFFAOYSA-N
DB14093	PA451627	MUMGGOZAMZWBJJ-JQSYSRDDSA-N
DB14116	PA164712884	JAUGGEIKQIHSMF-UHFFFAOYSA-N
DB14126	PA10204	SGOIRFVFHAKUTI-ZCFIWIBFSA-N
DB14185	PA166161216	DDINXHAORAAYAD-UHFFFAOYSA-N
DB14193	PA451956	WURFBLWHRSQCOI-UHFFFAOYSA-N
DB14194	PA451956	GBDYKLSNQRXEDB-UHFFFAOYSA-N
DB14476	PA451900	GVJHHUAWPYXKBD-UHFFFAOYSA-N
DB14479	PA448033	KNVKDNCWDNRTOE-SCGRZTRASA-L
DB14481	PA164712582	XAAHAAMILDNBPS-UHFFFAOYSA-L
DB14482	PA166163262	PPASLZSBLFJQEF-RXSVEWSESA-M
DB14483	PA164712582	BLORRZQTHNGFTI-ZZMNMWMASA-L
DB14484	PA164712884	AIOKQVJVNPDJKA-ZZMNMWMASA-L
DB14487	PA448021	DJWUNCQRNNEAKC-UHFFFAOYSA-L
DB14488	PA449770	VRIVJOXICYMTAG-IYEMJOQQSA-L
DB14493	PA449789	UOXSXMSTSYWNMH-UHFFFAOYSA-L
DB14495	PA449021	OAVRWNUUOUXDFH-UHFFFAOYSA-H
DB14497	PA164712582	RUGQTQJQCSDUFS-UHFFFAOYSA-H
DB14497	PA164712884	RUGQTQJQCSDUFS-UHFFFAOYSA-H
DB14498	PA448021	SCVFZCLFOSHCOH-UHFFFAOYSA-M
DB14501	PA449789	YJYOLOWXCPIBSY-UHFFFAOYSA-L
DB14506	PA450243	WMFOQBRAJBCJND-UHFFFAOYSA-M
DB14507	PA449021	WJSIUCDMWSDDCE-UHFFFAOYSA-K
DB14507	PA450243	WJSIUCDMWSDDCE-UHFFFAOYSA-K
DB14508	PA450243	WAHQBNXSPALNEA-UHFFFAOYSA-L
DB14509	PA450243	XGZVUEUWXADBQD-UHFFFAOYSA-L
DB14511	PA448021	QTBSBXVTEAMEQO-UHFFFAOYSA-M
DB14514	PA164712884	RECCGACJWKEPOU-UHFFFAOYSA-L
DB14518	PA448021	WCOATMADISNSBV-UHFFFAOYSA-K
DB14526	PA449021	SWXXYWDHQDTFSU-UHFFFAOYSA-K
DB14528	PA449770	ANPGUZATXCGJJH-OPDGVEILSA-K
DB14529	PA450617	MSPQQAUTCRWLGR-UHFFFAOYSA-K
DB14577	PA164712582	BHPQYMZQTOCNFJ-UHFFFAOYSA-N
DB14596	PA164764569	DMKSVUSAATWOCU-HROMYWEYSA-N
DB14598	PA164712582	SHWNNYZBHZIQQV-UHFFFAOYSA-J
DB14598	PA449439	SHWNNYZBHZIQQV-UHFFFAOYSA-J
DB14599	PA449439	KCFCAUKZKOSSBI-UHFFFAOYSA-J
DB14600	PA449439	ZGTMUACCHSMWAC-UHFFFAOYSA-L
DB14655	PA164760855	NOTIQUSPUUHHEH-UXOVVSIBSA-N
DB14682	PA164744368	JAQUASYNZVUNQP-PVAVHDDUSA-N
DB14704	PA451938	HEBKCHPVOIAQTA-ZXFHETKHSA-N
DB14750	PA449409	ODQWQRRAPPTVAG-BOPFTXTBSA-N
DB14775	PA166163226	BXSZILNGNMDGSL-UHFFFAOYSA-N
DB14850	PA166128130	BMAIGAHXAJEULY-UKTHLTGXSA-N
DB14872	PA10140	UQRORFVVSGFNRO-XFWSIPNHSA-N
DB15087	PA449716	BJHIKXHVCXFQLS-PUFIMZNGSA-N
DB15111	PA448021	QTBSBXVTEAMEQO-JVVVGQRLSA-N
DB15130	PA164742949	FASDKYOPVNHBLU-SSDOTTSWSA-N
DB15141	PA165950341	PURKAOJPTOLRMP-ASMGOKTBSA-N
DB15141	PA166152935	PURKAOJPTOLRMP-ASMGOKTBSA-N
DB15141	PA166179845	PURKAOJPTOLRMP-ASMGOKTBSA-N
DB15198	PA450401	USSIQXCVUWKGNF-KRWDZBQOSA-N
DB15393	PA165980595	QFCXANHHBCGMAS-UHFFFAOYSA-N
DB15410	PA451131	JWHAUXFOSRPERK-SFHVURJKSA-N
DB15414	PA7000	MLDQJTXFUGDVEO-FIBGUPNXSA-N
DB15533	PA164712582	OSGAYBCDTDRGGQ-UHFFFAOYSA-L
DB15555	PA164712884	JFQQIWNDAXACSR-UHFFFAOYSA-L
DB15556	PA449021	AORYXJPNCRHPND-UHFFFAOYSA-L
DB15556	PA449789	AORYXJPNCRHPND-UHFFFAOYSA-L
