drugbank_id	recon_id	name	inchi_key
DB00114	pydx5p	Pyridoxal phosphate	NGVDGCNFYWLIFO-UHFFFAOYSA-N
DB00116	thf	Tetrahydrofolic acid	MSTNYGQPCMXVAQ-KIYNQFGBSA-N
DB00117	his_L	Histidine	HNDVDQJCIGZPNO-YFKPBYRVSA-N
DB00118	amet	Ademetionine	MEFKEPWMEQBLKI-AIRLBKTGSA-N
DB00119	pyr	Pyruvic acid	LCTONWCANYUPML-UHFFFAOYSA-N
DB00120	phe_L	Phenylalanine	COLNVLDHVKWLRT-QMMMGPOBSA-N
DB00121	btn	Biotin	YBJHBAHKTGYVGT-ZKWXMUAHSA-N
DB00122	chol	Choline	OEYIOHPDSNJKLS-UHFFFAOYSA-N
DB00123	lys_L	L-Lysine	KDXKERNSBIXSRK-YFKPBYRVSA-N
DB00125	arg_D	Arginine	ODKSFYDXXFIFQN-BYPYZUCNSA-N
DB00125	arg_L	Arginine	ODKSFYDXXFIFQN-BYPYZUCNSA-N
DB00126	ascb_L	Ascorbic acid	CIWBSHSKHKDKBQ-JLAZNSOCSA-N
DB00127	sprm	Spermine	PFNFFQXMRSDOHW-UHFFFAOYSA-N
DB00128	asp_D	Aspartic acid	CKLJMWTZIZZHCS-REOHCLBHSA-N
DB00128	asp_L	Aspartic acid	CKLJMWTZIZZHCS-REOHCLBHSA-N
DB00129	orn	Ornithine	AHLPHDHHMVZTML-BYPYZUCNSA-N
DB00129	orn_D	Ornithine	AHLPHDHHMVZTML-BYPYZUCNSA-N
DB00130	gln_L	L-Glutamine	ZDXPYRJPNDTMRX-VKHMYHEASA-N
DB00131	amp	Adenosine phosphate	UDMBCSSLTHHNCD-KQYNXXCUSA-N
DB00132	lnlnca	alpha-Linolenic acid	DTOSIQBPPRVQHS-PDBXOOCHSA-N
DB00133	ser_D	Serine	MTCFGRXMJLQNBG-REOHCLBHSA-N
DB00133	ser_L	Serine	MTCFGRXMJLQNBG-REOHCLBHSA-N
DB00134	met_L	Methionine	FFEARJCKVFRZRR-BYPYZUCNSA-N
DB00135	tyr_L	Tyrosine	OUYCCCASQSFEME-QMMMGPOBSA-N
DB00136	1a25dhvitd3	Calcitriol	GMRQFYUYWCNGIN-NKMMMXOESA-N
DB00138	Lcystin	Cystine	LEVWYRKDKASIDU-IMJSIDKUSA-N
DB00139	succ	Succinic acid	KDYFGRWQOYBRFD-UHFFFAOYSA-N
DB00140	ribflv	Riboflavin	AUNGANRZJHBGPY-SCRDCRAPSA-N
DB00142	glu_L	Glutamic acid	WHUUTDBJXJRKMK-VKHMYHEASA-N
DB00143	gthrd	Glutathione	RWSXRVCMGQZWBV-WDSKDSINSA-N
DB00145	gly	Glycine	DHMQDGOQFOQNFH-UHFFFAOYSA-N
DB00146	25hvitd3	Calcifediol	JWUBBDSIWDLEOM-DTOXIADCSA-N
DB00147	pydx	Pyridoxal	RADKZDMFGJYCBB-UHFFFAOYSA-N
DB00148	creat	Creatine	CVSVTCORWBXHQV-UHFFFAOYSA-N
DB00149	leu_L	Leucine	ROHFNLRQFUQHCH-YFKPBYRVSA-N
DB00150	trp_L	Tryptophan	QIVBCDIJIAJPQS-VIFPVBQESA-N
DB00151	cys_L	Cysteine	XUJNEKJLAYXESH-REOHCLBHSA-N
DB00152	thm	Thiamine	JZRWCGZRTZMZEH-UHFFFAOYSA-N
DB00153	vitd2	Ergocalciferol	MECHNRXZTMCUDQ-RKHKHRCZSA-N
DB00154	CE2516	Dihomo-gamma-linolenic acid	HOBAELRKJCKHQD-QNEBEIHSSA-N
DB00154	HC02100	Dihomo-gamma-linolenic acid	HOBAELRKJCKHQD-QNEBEIHSSA-N
DB00154	dlnlcg	Dihomo-gamma-linolenic acid	HOBAELRKJCKHQD-QNEBEIHSSA-N
DB00155	citr_L	Citrulline	RHGKLRLOHDJJDR-BYPYZUCNSA-N
DB00156	thr_L	Threonine	AYFVYJQAPQTCCC-GBXIJSLDSA-N
DB00157	nadh	NADH	BOPGDPNILDQYTO-NNYOXOHSSA-N
DB00158	fol	Folic acid	OVBPIULPVIDEAO-LBPRGKRZSA-N
DB00159	CE2540	Icosapent	JAZBEHYOTPTENJ-JLNKQSITSA-N
DB00159	tmndnc	Icosapent	JAZBEHYOTPTENJ-JLNKQSITSA-N
DB00160	ala_D	Alanine	QNAYBMKLOCPYGJ-REOHCLBHSA-N
DB00160	ala_L	Alanine	QNAYBMKLOCPYGJ-REOHCLBHSA-N
DB00161	val_L	Valine	KZSNJWFQEVHDMF-BYPYZUCNSA-N
DB00162	retinol	Vitamin A	FPIPGXGPPPQFEQ-OVSJKPMPSA-N
DB00162	retinol_9_cis	Vitamin A	FPIPGXGPPPQFEQ-OVSJKPMPSA-N
DB00162	retinol_cis_11	Vitamin A	FPIPGXGPPPQFEQ-OVSJKPMPSA-N
DB00162	retinol_cis_13	Vitamin A	FPIPGXGPPPQFEQ-OVSJKPMPSA-N
DB00163	avite1	Vitamin E	GVJHHUAWPYXKBD-IEOSBIPESA-N
DB00165	pydxn	Pyridoxine	LXNHXLLTXMVWPM-UHFFFAOYSA-N
DB00166	lipoate	Lipoic acid	AGBQKNBQESQNJD-SSDOTTSWSA-N
DB00167	ile_L	Isoleucine	AGPKZVBTJJNPAG-WHFBIAKZSA-N
DB00169	vitd3	Cholecalciferol	QYSXJUFSXHHAJI-YRZJJWOYSA-N
DB00171	atp	ATP	ZKHQWZAMYRWXGA-KQYNXXCUSA-N
DB00172	pro_D	Proline	ONIBWKKTOPOVIA-BYPYZUCNSA-N
DB00172	pro_L	Proline	ONIBWKKTOPOVIA-BYPYZUCNSA-N
DB00173	ade	Adenine	GFFGJBXGBJISGV-UHFFFAOYSA-N
DB00174	asn_L	Asparagine	DCXYFEDJOCDNAF-REOHCLBHSA-N
DB00194	adn	Vidarabine	OIRDTQYFTABQOQ-UHTZMRCNSA-N
DB00200	aqcobal	Hydroxocobalamin	YOZNUFWCRFCGIH-WZHZPDAFSA-K
DB00200	h2o	Hydroxocobalamin	YOZNUFWCRFCGIH-WZHZPDAFSA-K
DB00200	oh1	Hydroxocobalamin	YOZNUFWCRFCGIH-WZHZPDAFSA-K
DB00258	ac	Calcium acetate	VSGNNIFQASZAOI-UHFFFAOYSA-L
DB00258	ca2	Calcium acetate	VSGNNIFQASZAOI-UHFFFAOYSA-L
DB00279	triodthy	Liothyronine	AUYYCJSJGJYCDS-LBPRGKRZSA-N
DB00326	ca2	Calcium glucoheptonate	FATUQANACHZLRT-KMRXSBRUSA-L
DB00338	omeprazole	Omeprazole	SUBDBMMJDZJVOS-UHFFFAOYSA-N
DB00360	thbpt	Sapropterin	FNKQXYHWGSIFBK-RPDRRWSUSA-N
DB00364	h2o	Sucralfate	IPLJAZDIICJQEL-JTJNLBSYSA-A
DB00364	oh1	Sucralfate	IPLJAZDIICJQEL-JTJNLBSYSA-A
DB00368	nrpphr	Norepinephrine	SFLSHLFXELFNJZ-QMMMGPOBSA-N
DB00396	prgstrn	Progesterone	RJKFOVLPORLFTN-LEKSSAKUSA-N
DB00416	i	Metocurine iodide	DIGFQJFCDPKEPF-OIUSMDOTSA-L
DB00435	no	Nitric Oxide	MWUXSHHQAYIFBG-UHFFFAOYSA-N
DB00451	thyox_L	Levothyroxine	XUIIKFGFIJCVMT-LBPRGKRZSA-N
DB00464	na1	Sodium tetradecyl sulfate	FVEFRICMTUKAML-UHFFFAOYSA-M
DB00483	i	Gallamine triethiodide	REEUVFCVXKWOFE-UHFFFAOYSA-K
DB00509	thyox_L	Dextrothyroxine	XUIIKFGFIJCVMT-GFCCVEGCSA-N
DB00515	cl	Cisplatin	LXZZYRPGZAFOLE-UHFFFAOYSA-L
DB00515	nh4	Cisplatin	LXZZYRPGZAFOLE-UHFFFAOYSA-L
DB00523	13_cis_retn	Alitretinoin	SHGAZHPCJJPHSC-ZVCIMWCZSA-N
DB00523	CE1617	Alitretinoin	SHGAZHPCJJPHSC-ZVCIMWCZSA-N
DB00523	CE5594	Alitretinoin	SHGAZHPCJJPHSC-ZVCIMWCZSA-N
DB00523	retn	Alitretinoin	SHGAZHPCJJPHSC-ZVCIMWCZSA-N
DB00526	oxa	Oxaliplatin	ZROHGHOFXNOHSO-BNTLRKBRSA-L
DB00534	cl	Chlormerodrin	BJFGVYCULWBXKF-UHFFFAOYSA-M
DB00548	C08261	Azelaic acid	BDJRBEYXGGNYIS-UHFFFAOYSA-N
DB00583	crn	Levocarnitine	PHIQHXFUZVPYII-ZCFIWIBFSA-N
DB00624	tststerone	Testosterone	MUMGGOZAMZWBJJ-DYKIIFRCSA-N
DB00627	nac	Niacin	PVNIIMVLHYAWGP-UHFFFAOYSA-N
DB00640	adn	Adenosine	OIRDTQYFTABQOQ-KQYNXXCUSA-N
DB00650	5fthf	Leucovorin	VVIAGPKUTFNRDU-ABLWVSNPSA-N
DB00653	so4	Magnesium sulfate	CSNNHWWHGAXBCP-UHFFFAOYSA-L
DB00655	estrone	Estrone	DNXHEGUUPJUMQT-CBZIJGRNSA-N
DB00668	adrnl	Epinephrine	UCTWMZQNUQWSLP-VIFPVBQESA-N
DB00736	omeprazole	Esomeprazole	SUBDBMMJDZJVOS-DEOSSOPVSA-N
DB00741	crtsl	Hydrocortisone	JYGXADMDTFJGBT-VWUMJDOOSA-N
DB00742	C01507	Mannitol	FBPFZTCFMRRESA-KVTDHHQDSA-N
DB00742	galt	Mannitol	FBPFZTCFMRRESA-KVTDHHQDSA-N
DB00742	sbt_D	Mannitol	FBPFZTCFMRRESA-KVTDHHQDSA-N
DB00755	13_cis_retn	Tretinoin	SHGAZHPCJJPHSC-YCNIQYBTSA-N
DB00755	CE1617	Tretinoin	SHGAZHPCJJPHSC-YCNIQYBTSA-N
DB00755	CE5594	Tretinoin	SHGAZHPCJJPHSC-YCNIQYBTSA-N
DB00755	retn	Tretinoin	SHGAZHPCJJPHSC-YCNIQYBTSA-N
DB00761	cl	Potassium chloride	WCUXLLCKKVVCTQ-UHFFFAOYSA-M
DB00761	k	Potassium chloride	WCUXLLCKKVVCTQ-UHFFFAOYSA-M
DB00770	prostge1	Alprostadil	GMVPRGQOIOIIMI-DWKJAMRDSA-N
DB00783	estradiol	Estradiol	VOXZDWNPVJITMN-ZBRFXRBCSA-N
DB00815	na1	Sodium lauryl sulfate	DBMJMQXJHONAFJ-UHFFFAOYSA-M
DB00829	C06948	Diazepam	AAOVKJBEBIDNHE-UHFFFAOYSA-N
DB00847	cysam	Cysteamine	UFULAYFCSOUIOV-UHFFFAOYSA-N
DB00855	5aop	Aminolevulinic acid	ZGXJTSGNIOSYLO-UHFFFAOYSA-N
DB00895	lys_L	Benzylpenicilloyl polylysine	IMPVZRLKKKXMKQ-SGDOCVTFSA-N
DB00898	etoh	Ethanol	LFQSCWFLJHTTHZ-UHFFFAOYSA-N
DB00907	coke	Cocaine	ZPUCINDJVBIVPJ-LJISPDSOSA-N
DB00917	prostge2	Dinoprostone	XEYBRNLFEZDVAW-ARSRFYASSA-N
DB00958	nh4	Carboplatin	OLESAACUTLOWQZ-UHFFFAOYSA-L
DB00982	13_cis_retn	Isotretinoin	SHGAZHPCJJPHSC-XFYACQKRSA-N
DB00982	CE1617	Isotretinoin	SHGAZHPCJJPHSC-XFYACQKRSA-N
DB00982	CE5594	Isotretinoin	SHGAZHPCJJPHSC-XFYACQKRSA-N
DB00982	retn	Isotretinoin	SHGAZHPCJJPHSC-XFYACQKRSA-N
DB00987	cytd	Cytarabine	UHDGCWIWMRVCDJ-CCXZUQQUSA-N
DB00988	dopa	Dopamine	VYFYYTLLBUKUHU-UHFFFAOYSA-N
DB01022	phyQ	Phylloquinone	MBWXNTAXLNYFJB-NKFFZRIASA-N
DB01065	melatn	Melatonin	DRLFMBDRBRZALE-UHFFFAOYSA-N
DB01115	nifedipine	Nifedipine	HYIMSNHJOBLJNT-UHFFFAOYSA-N
DB01124	tolbutamide	Tolbutamide	JLRGJRBPOGGCBT-UHFFFAOYSA-N
DB01160	CE5924	Dinoprost tromethamine	IYGXEHDCSOYNKY-RZHHZEQLSA-N
DB01160	HC02216	Dinoprost tromethamine	IYGXEHDCSOYNKY-RZHHZEQLSA-N
DB01160	prostgf2	Dinoprost tromethamine	IYGXEHDCSOYNKY-RZHHZEQLSA-N
DB01164	ca2	Calcium chloride	UXVMQQNJUSDDNG-UHFFFAOYSA-L
DB01164	cl	Calcium chloride	UXVMQQNJUSDDNG-UHFFFAOYSA-L
DB01229	taxol	Paclitaxel	RCINICONZNJXQF-MZXODVADSA-N
DB01235	34dhphe	Levodopa	WTDRDQBEARUVNC-LURJTMIESA-N
DB01240	prostgi2	Epoprostenol	KAQKFAOMNZTLHT-OZUDYXHBSA-N
DB01265	thymd	Telbivudine	IQFYYKKMVGJFEH-CSMHCCOUSA-N
DB01294	h2o	Bismuth subsalicylate	ZREIPSZUJIFJNP-UHFFFAOYSA-K
DB01294	oh1	Bismuth subsalicylate	ZREIPSZUJIFJNP-UHFFFAOYSA-K
DB01296	gam	Glucosamine	MSWZFWKMSRAUBD-IVMDWMLBSA-N
DB01303	chol	Oxtriphylline	RLANKEDHRWMNRO-UHFFFAOYSA-M
DB01345	k	Potassium cation	NPYPAHLBTDXSSS-UHFFFAOYSA-N
DB01375	h2o	Aluminium monostearate	UGMCXQCYOVCMTB-UHFFFAOYSA-K
DB01375	ocdca	Aluminium monostearate	UGMCXQCYOVCMTB-UHFFFAOYSA-K
DB01375	oh1	Aluminium monostearate	UGMCXQCYOVCMTB-UHFFFAOYSA-K
DB01390	hco3	Sodium bicarbonate	UIIMBOGNXHQVGW-UHFFFAOYSA-M
DB01390	na1	Sodium bicarbonate	UIIMBOGNXHQVGW-UHFFFAOYSA-M
DB01401	chol	Choline magnesium trisalicylate	FQCQGOZEWWPOKI-UHFFFAOYSA-K
DB01435	antipyrene	Antipyrine	VEQOALNAAJBPNY-UHFFFAOYSA-N
DB01494	glyb	Chloral betaine	ONAOIDNSINNZOA-UHFFFAOYSA-N
DB01495	antipyrene	Dichloralphenazone	ATKXDQOHNICLQW-UHFFFAOYSA-N
DB01524	C04295	Androstenediol	QADHLRWLCPCEKT-LOVVWNRFSA-N
DB01525	ecgon	Ecgonine	PHMBVCPLDPDESM-FKSUSPILSA-N
DB01525	pecgon	Ecgonine	PHMBVCPLDPDESM-FKSUSPILSA-N
DB01530	CE2209	5alpha-androstane-3alpha,17beta-diol	CBMYJHIOYJEBSB-KHOSGYARSA-N
DB01536	andrstndn	Androstenedione	AEMFNILZOJDQLW-QAGGRKNESA-N
DB01561	andrstandn	Androstanedione	RAJWOBJTTGJROA-WZNAKSSCSA-N
DB01574	h2o	Attapulgite	IXWIAFSBWGYQOE-UHFFFAOYSA-M
DB01574	oh1	Attapulgite	IXWIAFSBWGYQOE-UHFFFAOYSA-M
DB01575	h2o	Kaolin	KGOIAFZMMLWXLM-UHFFFAOYSA-N
DB01575	oh1	Kaolin	KGOIAFZMMLWXLM-UHFFFAOYSA-N
DB01583	na1	Liotrix	LKYWLLWWYBVUPP-XOCLESOZSA-L
DB01583	thyox_L	Liotrix	LKYWLLWWYBVUPP-XOCLESOZSA-L
DB01583	triodthy	Liotrix	LKYWLLWWYBVUPP-XOCLESOZSA-L
DB01586	C02528	Ursodeoxycholic acid	RUDATBOHQWOJDD-UZVSRGJWSA-N
DB01632	prpp	5-O-phosphono-alpha-D-ribofuranosyl diphosphate	PQGCEDQWHSBAJP-TXICZTDVSA-N
DB01638	C01507	Sorbitol	FBPFZTCFMRRESA-JGWLITMVSA-N
DB01638	galt	Sorbitol	FBPFZTCFMRRESA-JGWLITMVSA-N
DB01638	sbt_D	Sorbitol	FBPFZTCFMRRESA-JGWLITMVSA-N
DB01643	dtmp	Thymidine monophosphate	GYOZYWVXFNDGLU-XLPZGREQSA-N
DB01646	C02712	N-Acetylmethionine	XUYPXLNMDZIRQH-LURJTMIESA-N
DB01650	2coum	trans-2-hydroxycinnamic acid	PMOWTIHVNWZYFI-AATRIKPKSA-N
DB01652	4hbzcoa	4-hydroxybenzoyl-CoA	LTVXPVBFJBTNIJ-TYHXJLICSA-N
DB01655	6pgc	L-gulonic acid 6-phosphate	BIRSGZKFKXLSJQ-QTBDOELSSA-N
DB01671	h2o	p-Hydroxymercuribenzoic acid	WMHRYLDWLOGHSG-UHFFFAOYSA-M
DB01671	oh1	p-Hydroxymercuribenzoic acid	WMHRYLDWLOGHSG-UHFFFAOYSA-M
DB01675	2mp2coa	Methacrylyl-Coenzyme A	NPALUEYCDZWBOV-NDZSKPAWSA-N
DB01677	fum	Fumaric Acid	VZCYOOQTPOCHFL-OWOJBTEDSA-N
DB01687	lcts	beta-Mannobiose	GUBGYTABKSRVRQ-PZPXDAEZSA-N
DB01687	malt	beta-Mannobiose	GUBGYTABKSRVRQ-PZPXDAEZSA-N
DB01692	dtt	Dithioerythritol	VHJLVAABSRFDPM-ZXZARUISSA-N
DB01697	malttr	beta-cellotriose	FYGDTMLNYKFZSV-CSHPIKHBSA-N
DB01700	aicar	AICA ribonucleotide	NOTGFIUVDGNKRI-UUOKFMHZSA-N
DB01702	34dhpha	2-(3,4-Dihydroxyphenyl)Acetic Acid	CFFZDZCDUFSOFZ-UHFFFAOYSA-N
DB01708	dhea	Prasterone	FMGSKLZLMKYGDP-USOAJAOKSA-N
DB01709	2pg	2-phospho-D-glyceric acid	GXIURPTVHJPJLF-UWTATZPHSA-N
DB01713	udpxyl	UDP-alpha-D-xylose	DQQDLYVHOTZLOR-OCIMBMBZSA-N
DB01727	icit	Isocitric Acid	ODBLHEXUDAPZAU-OKKQSCSOSA-N
DB01729	mi134p	(1s,3s,4s)-1,3,4-Triphospho-Myo-Inositol	MMWCIQZXVOZEGG-MLQGYMEPSA-N
DB01729	mi145p	(1s,3s,4s)-1,3,4-Triphospho-Myo-Inositol	MMWCIQZXVOZEGG-MLQGYMEPSA-N
DB01738	ethamp	Phosphorylcolamine	SUHOOTKUPISOBE-UHFFFAOYSA-N
DB01739	ile_L	Allo-Isoleucine	AGPKZVBTJJNPAG-UHNVWZDZSA-N
DB01746	leu_L	D-Leucine	ROHFNLRQFUQHCH-RXMQYKEDSA-N
DB01747	fe3	Coprogen	FQIVLXIUJLOKPL-DWZMLRRXSA-N
DB01751	CE2881	3,3',5,5'-Tetraiodothyroacetic Acid	PPJYSSNKSXAVDB-UHFFFAOYSA-N
DB01752	ahcys	S-adenosyl-L-homocysteine	ZJUKTBDSGOFHSH-WFMPWKQPSA-N
DB01758	3ityr_L	3-Iodo-Tyrosine	UQTZMGFTRHFAAM-ZETCQYMHSA-N
DB01762	acac	Acetoacetic Acid	WDJHALXBUFZDSR-UHFFFAOYSA-N
DB01774	adpglc	Adenosine-5'-Monophosphate Glucopyranosyl-Monophosphate Ester	WFPZSXYXPSUOPY-ROYWQJLOSA-N
DB01774	adpman	Adenosine-5'-Monophosphate Glucopyranosyl-Monophosphate Ester	WFPZSXYXPSUOPY-ROYWQJLOSA-N
DB01775	dha	Dihydroxyacetone	RXKJFZQQPQGTFL-UHFFFAOYSA-N
DB01783	pnto_R	Pantothenic acid	GHOKWGTUZJEAQD-ZETCQYMHSA-N
DB01785	dmpp	Dimethylallyl Diphosphate	CBIDRCWHNCKSTO-UHFFFAOYSA-N
DB01786	ala_D	D-Alanine	QNAYBMKLOCPYGJ-UWTATZPHSA-N
DB01786	ala_L	D-Alanine	QNAYBMKLOCPYGJ-UWTATZPHSA-N
DB01796	quln	Quinolinic Acid	GJAWHXHKYYXBSV-UHFFFAOYSA-N
DB01811	CE4888	3h-Indole-5,6-Diol	SGNZYJXNUURYCH-UHFFFAOYSA-N
DB01812	pap	Adenosine-3'-5'-Diphosphate	WHTCPDAXWFLDIH-KQYNXXCUSA-N
DB01819	pep	Phosphoenolpyruvate	DTBNBXWJWCWCIK-UHFFFAOYSA-N
DB01822	dttOX	(4R,5R)-1,2-dithiane-4,5-diol	YPGMOWHXEQDBBV-IMJSIDKUSA-N
DB01828	mma	Methylamine	BAVYZALUXZFZLV-UHFFFAOYSA-N
DB01839	12ppd_R	Propylene glycol	DNIAPMSPPWPWGF-UHFFFAOYSA-N
DB01839	12ppd_S	Propylene glycol	DNIAPMSPPWPWGF-UHFFFAOYSA-N
DB01849	56dura	3,4-Dihydrouracil	OIVLITBTBDPEFK-UHFFFAOYSA-N
DB01861	udpg	Uridine diphosphate glucose	HSCJRCZFDFQWRP-JZMIEXBBSA-N
DB01861	udpgal	Uridine diphosphate glucose	HSCJRCZFDFQWRP-JZMIEXBBSA-N
DB01863	mi1345p	Inositol 1,3,4,5-Tetrakisphosphate	CIPFCGZLFXVXBG-CNWJWELYSA-N
DB01880	34dhcinm	3,4-Dihydroxycinnamic Acid	QAIPRVGONGVQAS-DUXPYHPUSA-N
DB01912	cl	2,2':6',2''-Terpyridine Platinum(Ii)	XTQMQLRZXBEQCS-UHFFFAOYSA-M
DB01917	ptrc	Putrescine	KIDHWZJUCRJVML-UHFFFAOYSA-N
DB01923	ru5p_D	L-Xylulose 5-Phosphate	FNZLKVNUWIIPSJ-WHFBIAKZSA-N
DB01923	xu5p_D	L-Xylulose 5-Phosphate	FNZLKVNUWIIPSJ-WHFBIAKZSA-N
DB01936	rib_D	alpha-D-arabinofuranose	HMFHBZSHGGEWLO-MBMOQRBOSA-N
DB01942	for	Formic acid	BDAGIHXWWSANSR-UHFFFAOYSA-N
DB01956	taur	Taurine	XOAAWQZATWQOTB-UHFFFAOYSA-N
DB01971	urcan	trans-urocanic acid	LOIYMIARKYCTBW-OWOJBTEDSA-N
DB01972	gmp	Guanosine-5'-Monophosphate	RQFCJASXJCIDSX-UUOKFMHZSA-N
DB01982	glcur	D-Mannuronic Acid	AEMOLEFTQBMNLQ-BYHBOUFCSA-N
DB01987	thmpp	Cocarboxylase	AYEKOFBPNLCAJY-UHFFFAOYSA-N
DB01990	chsterols	Cholesterol sulfate	BHYOQNUELFTYRT-DPAQBDIFSA-N
DB01992	coa	Coenzyme A	RGJOEKWQDUBAIZ-IBOSZNHHSA-N
DB02007	g6p	alpha-D-glucose 6-phosphate	NBSCHQHZLSJFNQ-DVKNGEFBSA-N
DB02007	man6p	alpha-D-glucose 6-phosphate	NBSCHQHZLSJFNQ-DVKNGEFBSA-N
DB02013	h2o	Iron azide hydrate	RZHWLGRUSMSXRP-UHFFFAOYSA-N
DB02013	oh1	Iron azide hydrate	RZHWLGRUSMSXRP-UHFFFAOYSA-N
DB02015	dhf	Dihydrofolic Acid	OZRNSSUDZOLUSN-LBPRGKRZSA-N
DB02031	thf	(6S)-5,6,7,8-tetrahydrofolic acid	MSTNYGQPCMXVAQ-RYUDHWBXSA-N
DB02056	prostgd2	Prostaglandin D2	BHMBVRSPMRCCGG-OUTUXVNYSA-N
DB02059	adprib	Adenosine-5-Diphosphoribose	SRNWOUGRCWSEMX-ZQSHOCFMSA-N
DB02061	lcts	Cellobiose	GUBGYTABKSRVRQ-CUHNMECISA-N
DB02061	malt	Cellobiose	GUBGYTABKSRVRQ-CUHNMECISA-N
DB02070	Lkynr	L-2-Amino-4-[2-Aminophenyl]-4-Oxobutanoic Acid	YGPSJZOEDVAXAB-QMMMGPOBSA-N
DB02073	biliverd	Biliverdine IX Alpha	QBUVFDKTZJNUPP-BBROENKCSA-N
DB02076	6pgc	6-phospho-D-gluconic acid	BIRSGZKFKXLSJQ-SQOUGZDYSA-N
DB02083	dmgly	N,N-dimethylglycine	FFDGPVCHZBVARC-UHFFFAOYSA-N
DB02092	HC02024	Cholesteryl Linoleate	NAACPBBQTFFYQB-LJAITQKLSA-N
DB02097	cytd	Cytidine	UHDGCWIWMRVCDJ-XVFCMESISA-N
DB02123	dgchol	Glycochenodeoxycholic Acid	GHCZAUBVMUEKKP-GYPHWSFCSA-N
DB02129	dhor_S	Dihydroorotic Acid	UFIVEPVSAGBUSI-REOHCLBHSA-N
DB02134	xan	Xanthine	LRFVTYWOQMYALW-UHFFFAOYSA-N
DB02142	pyam5p	Pyridoxamine-5'-Phosphate	ZMJGSOSNSPKHNH-UHFFFAOYSA-N
DB02153	3sala	3-sulfino-L-alanine	ADVPTQAUNPRNPO-REOHCLBHSA-N
DB02156	3spyr	Sulfopyruvate	BUTHMSUEBYPMKJ-UHFFFAOYSA-N
DB02159	12ppd_R	(R)-Propylene glycol	DNIAPMSPPWPWGF-GSVOUGTGSA-N
DB02159	12ppd_S	(R)-Propylene glycol	DNIAPMSPPWPWGF-GSVOUGTGSA-N
DB02165	h2o	Zinc trihydroxide	JKKHGFKPEJPPQG-UHFFFAOYSA-N
DB02165	oh1	Zinc trihydroxide	JKKHGFKPEJPPQG-UHFFFAOYSA-N
DB02174	gln_L	D-Glutamine	ZDXPYRJPNDTMRX-GSVOUGTGSA-N
DB02175	HC00319	Malonic acid	OFOBLEOULBTSOW-UHFFFAOYSA-N
DB02176	ac	Mercury Acetate Ion	QWSOAYZXYZDDPB-UHFFFAOYSA-M
DB02178	pacald	Phenylacetaldehyde	DTUQWGWMVIHBKE-UHFFFAOYSA-N
DB02180	tdcoa	Myristoyl-Coa	DUAFKXOFBZQTQE-QSGBVPJFSA-N
DB02181	dgtp	2'-Deoxyguanosine-5'-Triphosphate	HAAZLUGHYHWQIW-KVQBGUIXSA-N
DB02184	dtt	D-1,4-dithiothreitol	VHJLVAABSRFDPM-QWWZWVQMSA-N
DB02190	HC01434	(S)-oxalosuccinic acid	UFSCUAXLTRFIDC-REOHCLBHSA-N
DB02196	uacgam	Uridine-Diphosphate-N-Acetylgalactosamine	LFTYTUAZOPRMMI-NESSUJCYSA-N
DB02196	udpacgal	Uridine-Diphosphate-N-Acetylgalactosamine	LFTYTUAZOPRMMI-NESSUJCYSA-N
DB02201	HC00319	Malonate Ion	OFOBLEOULBTSOW-UHFFFAOYSA-L
DB02209	pdx5p	Pyridoxine phosphate	WHOMFKWHIQZTHY-UHFFFAOYSA-N
DB02236	gar	Glycinamide Ribonucleotide	OBQMLSFOUZUIOB-HJZCUYRDSA-N
DB02238	2kmb	4-(Methylsulfanyl)-2-Oxobutanoic Acid	SXFSQZDSUWACKX-UHFFFAOYSA-N
DB02256	duri	2'-Deoxyuridine	MXHRCPNRJAMMIM-SHYZEUOFSA-N
DB02262	orot	Orotic Acid	PXQPEWDEAKTCGB-UHFFFAOYSA-N
DB02263	g3p	Glyceraldehyde-3-Phosphate	LXJXRIRHZLFYRP-VKHMYHEASA-N
DB02267	argsuc	Argininosuccinate	KDZOASGQNOPSCU-NTSWFWBYSA-N
DB02272	ppbng	Porphobilinogen	QSHWIQZFGQKFMA-UHFFFAOYSA-N
DB02282	5mta	5'-Deoxy-5'-Methylthioadenosine	WUUGFSXJNOTRMR-IOSLPCCCSA-N
DB02285	ppp9	Protoporphyrin	KSFOVUSSGSKXFI-UJJXFSCMSA-N
DB02304	HC02205	Prostaglandin B2	PRFXRIUZNKLRHM-HKVRTXJWSA-N
DB02312	g6p	beta-D-galactose 6-phosphate	NBSCHQHZLSJFNQ-FPRJBGLDSA-N
DB02312	man6p	beta-D-galactose 6-phosphate	NBSCHQHZLSJFNQ-FPRJBGLDSA-N
DB02315	35cgmp	Cyclic GMP	ZOOGRGPOEVQQDX-UUOKFMHZSA-N
DB02317	HC01111	Alpha-D-Galactose-1-Phosphate	HXXFSFRBOHSIMQ-FPRJBGLDSA-N
DB02317	g1p	Alpha-D-Galactose-1-Phosphate	HXXFSFRBOHSIMQ-FPRJBGLDSA-N
DB02317	gal1p	Alpha-D-Galactose-1-Phosphate	HXXFSFRBOHSIMQ-FPRJBGLDSA-N
DB02317	man1p	Alpha-D-Galactose-1-Phosphate	HXXFSFRBOHSIMQ-FPRJBGLDSA-N
DB02332	fad	Flavin-N7 protonated-adenine dinucleotide	VWWQXMAJTJZDQX-UYBVJOGSSA-O
DB02333	dutp	Deoxyuridine-5'-Triphosphate	AHCYMLUZIRLXAA-SHYZEUOFSA-N
DB02334	sl_L	(R)-2-Hydroxy-3-Sulfopropanoic Acid	CQQGIWJSICOUON-REOHCLBHSA-N
DB02338	nadph	Nadph Dihydro-Nicotinamide-Adenine-Dinucleotidephosphate	ACFIXJIJDZMPPO-NNYOXOHSSA-N
DB02342	C05302	2-Methoxyestradiol	CQOQDQWUFQDJMK-SSTWWWIQSA-N
DB02345	selcys	Selenocysteine	ZKZBPNGNEQAJSX-REOHCLBHSA-N
DB02373	h2o	Adenosine monotungstate	FJSJQPRHXPUMLC-LRDMJOKZSA-L
DB02373	oh1	Adenosine monotungstate	FJSJQPRHXPUMLC-LRDMJOKZSA-L
DB02377	gua	Guanine	UYTPUPDQBNUYGX-UHFFFAOYSA-N
DB02379	gal	Beta-D-Glucose	WQZGKKKJIJFFOK-VFUOTHLCSA-N
DB02379	glc_D	Beta-D-Glucose	WQZGKKKJIJFFOK-VFUOTHLCSA-N
DB02379	man	Beta-D-Glucose	WQZGKKKJIJFFOK-VFUOTHLCSA-N
DB02380	din	Deoxyinosine	VGONTNSXDCQUGY-RRKCRQDMSA-N
DB02382	nicrnt	Namn	JOUIQRNQJGXQDC-ZYUZMQFOSA-N
DB02421	udpg	Uridine-5'-diphosphate-mannose	HSCJRCZFDFQWRP-NYYOCOOHSA-N
DB02421	udpgal	Uridine-5'-diphosphate-mannose	HSCJRCZFDFQWRP-NYYOCOOHSA-N
DB02431	ctp	Cytidine-5'-Triphosphate	PCDQPRRSZKQHHS-XVFCMESISA-N
DB02452	dttp	Thymidine-5'-Triphosphate	NHVNXKFIZYSCEB-XLPZGREQSA-N
DB02453	h2o	Antimonous acid	SZOADBKOANDULT-UHFFFAOYSA-K
DB02453	oh1	Antimonous acid	SZOADBKOANDULT-UHFFFAOYSA-K
DB02456	cmp	Aracytidine 5'-monophosphate	IERHLVCPSMICTF-CCXZUQQUSA-N
DB02485	cmpacna	Cytidine-5'-Monophosphate-5-N-Acetylneuraminic Acid	TXCIAUNLDRJGJZ-BILDWYJOSA-N
DB02515	glyc3p	3-Phosphoglycerol	AWUCVROLDVIAJX-GSVOUGTGSA-N
DB02517	glu_L	D-Glutamic Acid	WHUUTDBJXJRKMK-GSVOUGTGSA-N
DB02518	CE1554	N-Acetylalanine	KTHDTJVBEPMMGL-VKHMYHEASA-N
DB02527	camp	Cyclic adenosine monophosphate	IVOMOUWHDPKRLL-KQYNXXCUSA-N
DB02530	4abut	gamma-Aminobutyric acid	BTCSSZJGUNDROE-UHFFFAOYSA-N
DB02536	glyald	D-glyceraldehyde	MNQZXJOMYWMBOU-VKHMYHEASA-N
DB02547	gdpfuc	Guanosine-5'-Diphosphate-Rhamnose	LQEBEXMHBLQMDB-GDJBGNAASA-N
DB02552	grdp	Geranyl Diphosphate	GVVPGTZRZFNKDS-JXMROGBWSA-N
DB02556	phe_L	D-Phenylalanine	COLNVLDHVKWLRT-MRVPVSSYSA-N
DB02561	srb_L	Beta-D-Fructopyranose	LKDRXBCSQODPBY-FSIIMWSLSA-N
DB02561	tagat_D	Beta-D-Fructopyranose	LKDRXBCSQODPBY-FSIIMWSLSA-N
DB02562	dhbpt	Quinonoid 7,8-Tetrahydrobiopterin	ZHQJVZLJDXWFFX-RPDRRWSUSA-N
DB02563	HC01409	Hexanoyl-CoA	OEXFMSFODMQEPE-HDRQGHTBSA-N
DB02571	L2aadp6sa	2-Amino-6-Oxo-Hexanoic Acid	GFXYTQPNNXGICT-YFKPBYRVSA-N
DB02579	acryl	Acrylic Acid	NIXOWILDQLNWCW-UHFFFAOYSA-N
DB02594	dcyt	2'-Deoxycytidine	CKTSBUTUHBMZGZ-SHYZEUOFSA-N
DB02637	oaa	Oxaloacetate Ion	KHPXUQMNIQBQEV-UHFFFAOYSA-M
DB02648	crn	(3-Carboxy-2-(R)-Hydroxy-Propyl)-Trimethyl-Ammonium	PHIQHXFUZVPYII-ZCFIWIBFSA-O
DB02655	asp_D	D-Aspartic Acid	CKLJMWTZIZZHCS-UWTATZPHSA-N
DB02655	asp_L	D-Aspartic Acid	CKLJMWTZIZZHCS-UWTATZPHSA-N
DB02657	gam6p	Glucosamine 6-Phosphate	XHMJOUIAFHJHBW-UKFBFLRUSA-N
DB02659	cholate	Cholic Acid	BHQCQFFYRZLCQQ-OELDTZBJSA-N
DB02678	gam	2-Deoxy-2-Aminogalactose	MSWZFWKMSRAUBD-VFUOTHLCSA-N
DB02688	2amac	2,3-Didehydroalanine	UQBOJOOOTLPNST-UHFFFAOYSA-N
DB02691	gchola	Glycocholic acid	RFDAIACWWDREDC-FRVQLJSFSA-M
DB02693	dttOX	(4S,5S)-1,2-dithiane-4,5-diol	YPGMOWHXEQDBBV-QWWZWVQMSA-N
DB02701	ncam	Nicotinamide	DFPAKSUCGFBDDF-UHFFFAOYSA-N
DB02714	3ump	3'-Uridinemonophosphate	FOGRQMPFHUHIGU-XVFCMESISA-N
DB02717	maltttr	Cellotetraose	LUEWUZLMQUOBSB-HGDSAIHNSA-N
DB02724	fe3	Delta-2-Albomycin A1	RQZRKFJHRUDTLB-OOXACHQASA-N
DB02726	2pglyc	2-Phosphoglycolic Acid	ASCFNMCAHFUBCO-UHFFFAOYSA-N
DB02743	lcts	beta-D-galactopyranosyl-(1->4)-beta-D-galactopyranose	GUBGYTABKSRVRQ-WWZHPTPQSA-N
DB02743	malt	beta-D-galactopyranosyl-(1->4)-beta-D-galactopyranose	GUBGYTABKSRVRQ-WWZHPTPQSA-N
DB02745	uri	Uridine	DRTQHJPVMGBUCF-XVFCMESISA-N
DB02750	cys_L	S-(Methylmercury)-L-Cysteine	OMYFBIZVJYGJJA-YBBRRFGFSA-M
DB02751	gudac	Glycocyamine	BPMFZUMJYQTVII-UHFFFAOYSA-N
DB02761	thcys	S-Mercaptocysteine	XBKONSCREBSMCS-REOHCLBHSA-N
DB02772	sucr	Sucrose	CZMRCDWAGMRECN-UGDNZRGBSA-N
DB02789	prgnlone	Pregnenolone	ORNBQBCIOKFOEO-QGVNFLHTSA-N
DB02805	3ump	Arabinouridine 3'-phosphate	FOGRQMPFHUHIGU-PXBUCIJWSA-N
DB02831	pi	Dihydrogenphosphate	NBIIXXVUZAFLBC-UHFFFAOYSA-M
DB02835	C03693	Alpha-D-Glucose 1,6-Bisphosphate	RWHOZGRAXYWRNX-VFUOTHLCSA-N
DB02838	1p2cbxl	3,4-Dihydro-2h-Pyrrolium-5-Carboxylate	RHTAIKJZSXNELN-UHFFFAOYSA-N
DB02843	HC01111	alpha-D-glucose-1-phosphate	HXXFSFRBOHSIMQ-VFUOTHLCSA-N
DB02843	g1p	alpha-D-glucose-1-phosphate	HXXFSFRBOHSIMQ-VFUOTHLCSA-N
DB02843	gal1p	alpha-D-glucose-1-phosphate	HXXFSFRBOHSIMQ-VFUOTHLCSA-N
DB02843	man1p	alpha-D-glucose-1-phosphate	HXXFSFRBOHSIMQ-VFUOTHLCSA-N
DB02853	pro_D	D-Proline	ONIBWKKTOPOVIA-SCSAIBSYSA-N
DB02853	pro_L	D-Proline	ONIBWKKTOPOVIA-SCSAIBSYSA-N
DB02854	ahandrostan	Aetiocholanolone	QGXBDMJGAMFCBF-BNSUEQOYSA-N
DB02854	andrstrn	Aetiocholanolone	QGXBDMJGAMFCBF-BNSUEQOYSA-N
DB02857	gsn	Guanosine	NYHBQMYGNKIUIF-UUOKFMHZSA-N
DB02867	HC01111	D-Mannose 1-Phosphate	HXXFSFRBOHSIMQ-QTVWNMPRSA-N
DB02867	g1p	D-Mannose 1-Phosphate	HXXFSFRBOHSIMQ-QTVWNMPRSA-N
DB02867	gal1p	D-Mannose 1-Phosphate	HXXFSFRBOHSIMQ-QTVWNMPRSA-N
DB02867	man1p	D-Mannose 1-Phosphate	HXXFSFRBOHSIMQ-QTVWNMPRSA-N
DB02893	met_L	D-Methionine	FFEARJCKVFRZRR-SCSAIBSYSA-N
DB02900	g6p	alpha-D-mannose 6-phosphate	NBSCHQHZLSJFNQ-PQMKYFCFSA-N
DB02900	man6p	alpha-D-mannose 6-phosphate	NBSCHQHZLSJFNQ-PQMKYFCFSA-N
DB02901	5adtststerone	Stanolone	NVKAWKQGWWIWPM-ABEVXSGRSA-N
DB02902	paps	3'-Phosphate-Adenosine-5'-Phosphate Sulfate	GACDQMDRPRGCTN-KQYNXXCUSA-N
DB02910	occoa	Octanoyl-Coenzyme A	KQMZYOXOBSXMII-CECATXLMSA-N
DB02912	ppcoa	Propanoyl-CoA	QAQREVBBADEHPA-IEXPHMLFSA-N
DB02914	CE5014	(6e)-6-[(2e,4e,6e)-3,7-Dimethylnona-2,4,6,8-Tetraenylidene]-1,5,5-Trimethylcyclohexene	FWNRILWHNGFAIN-OYUWDNMLSA-N
DB02942	mi13p	Inositol 1,3-Bisphosphate	PUVHMWJJTITUGO-FICORBCRSA-N
DB02945	glcur	alpha-L-iduronic acid	AEMOLEFTQBMNLQ-VCSGLWQLSA-N
DB02951	hpyr	3-Hydroxypyruvic Acid	HHDDCCUIIUWNGJ-UHFFFAOYSA-N
DB02957	orot5p	Orotidine-5'-Monophosphate	KYOBSHFOBAOFBF-XVFCMESISA-N
DB02958	C05708	Selenomethionine Selenoxide	KGXZPWNBFWCDRF-YGVKFDHGSA-N
DB02959	5htrp	Oxitriptan	LDCYZAJDBXYCGN-VIFPVBQESA-N
DB03013	HC00822	N-acetyl-beta-D-glucosaminyl-(1->4)-N-acetyl-beta-D-glucosamine	CDOJPCSDOXYJJF-KSKNGZLJSA-N
DB03017	HC02176	Lauric acid	POULHZVOKOAJMA-UHFFFAOYSA-N
DB03017	ddca	Lauric acid	POULHZVOKOAJMA-UHFFFAOYSA-N
DB03041	udpglcur	UDP-alpha-D-glucuronic acid	HDYANYHVCAPMJV-LXQIFKJMSA-N
DB03059	aacoa	Acetoacetyl-CoA	OJFDKHTZOUZBOS-CITAKDKDSA-N
DB03066	lac_D	D-Lactic acid	JVTAAEKCZFNVCJ-UWTATZPHSA-N
DB03066	lac_L	D-Lactic acid	JVTAAEKCZFNVCJ-UWTATZPHSA-N
DB03085	glyclt	Glycolic acid	AEMRFAOFKBGASW-UHFFFAOYSA-N
DB03088	5oxpro	Pidolic acid	ODHCTXKNWHHXJC-VKHMYHEASA-N
DB03101	r1p	Ribose-1-Phosphate	YXJDFQJKERBOBM-TXICZTDVSA-N
DB03103	dtdp	Thymidine-5'- Diphosphate	UJLXYODCHAELLY-XLPZGREQSA-N
DB03106	inost	scyllo-inositol	CDAISMWEOUEBRE-CDRYSYESSA-N
DB03107	ala_B	Beta-Alanine	UCMIRNVEIXFBKS-UHFFFAOYSA-N
DB03109	acgal	2-acetylamino-2-deoxy-b-D-allopyranose	OVRNDRQMDRJTHS-UIAUGNHASA-N
DB03109	acgam	2-acetylamino-2-deoxy-b-D-allopyranose	OVRNDRQMDRJTHS-UIAUGNHASA-N
DB03109	acmana	2-acetylamino-2-deoxy-b-D-allopyranose	OVRNDRQMDRJTHS-UIAUGNHASA-N
DB03128	ach	Acetylcholine	OIPILFWXSMYKGL-UHFFFAOYSA-N
DB03142	rib_D	Alpha-L-Arabinose	HMFHBZSHGGEWLO-QMKXCQHVSA-N
DB03144	nwharg	N(5)-[(hydroxyamino)(imino)methyl]-L-ornithine	FQWRAVYMZULPNK-BYPYZUCNSA-N
DB03147	fad	Flavin adenine dinucleotide	VWWQXMAJTJZDQX-UYBVJOGSSA-N
DB03156	glcur	beta-D-glucuronic acid	AEMOLEFTQBMNLQ-QIUUJYRFSA-N
DB03158	mi14p	D-Myo-Inositol-1,4-Bisphosphate	PELZSPZCXGTUMR-RTPHHQFDSA-N
DB03166	ac	Acetic acid	QTBSBXVTEAMEQO-UHFFFAOYSA-N
DB03169	hmgcoa	(S)-Hmg-Coa	CABVTRNMFUVUDM-VRHQGPGLSA-I
DB03170	dpcoa	Dephospho Coenzyme A	KDTSHFARGAKYJN-IBOSZNHHSA-N
DB03192	3hdcoa	(R)-3-hydroxydecanoyl-CoA	HIVSMYZAMUNFKZ-PDQACDDGSA-N
DB03192	HC01403	(R)-3-hydroxydecanoyl-CoA	HIVSMYZAMUNFKZ-PDQACDDGSA-N
DB03193	ocdca	Stearic acid	QIQXTHQIDYTFRH-UHFFFAOYSA-N
DB03201	cys_L	D-Cysteine	XUJNEKJLAYXESH-UWTATZPHSA-N
DB03203	sphings	Sphingosine	WWUZIQQURGPMPG-KRWOKUGFSA-N
DB03222	datp	dATP	SUYVUBYJARFZHO-RRKCRQDMSA-N
DB03225	trp_L	D-Tryptophan	QIVBCDIJIAJPQS-SECBINFHSA-N
DB03227	nmn	Nicotinamide Mononucleotide	DAYLJWODMCOQEW-WYOJIJJFSA-O
DB03229	4mop	2-Oxo-4-Methylpentanoic Acid	BKAJNAXTPSGJCU-UHFFFAOYSA-N
DB03246	rib_D	Beta-L-Arabinose	HMFHBZSHGGEWLO-KLVWXMOXSA-N
DB03247	fmn	Flavin mononucleotide	FVTCRASFADXXNN-SCRDCRAPSA-N
DB03252	lys_L	D-Lysine	KDXKERNSBIXSRK-RXMQYKEDSA-N
DB03256	5fthf	(6R)-Folinic acid	VVIAGPKUTFNRDU-OLZOCXBDSA-N
DB03258	dctp	2'-Deoxycytidine 5'-triphosphate	RGWHQCVHVJXOKC-SHYZEUOFSA-N
DB03264	ddcacoa	Dodecyl-Coa	YMCXGHLSVALICC-GMHMEAMDSA-N
DB03277	malttr	alpha-maltotriose	FYGDTMLNYKFZSV-PXXRMHSHSA-N
DB03283	fuc_L	beta-L-fucose	SHZGCJCMOBCMKK-KGJVWPDLSA-N
DB03310	gthox	Glutathione disulfide	YPZRWBKMTBYPTK-BJDJZHNGSA-N
DB03317	fe2	Ferroheme C	XSWPXBWSKQRBRZ-IDTMDVKXSA-L
DB03323	lcts	Maltose	GUBGYTABKSRVRQ-PICCSMPSSA-N
DB03323	malt	Maltose	GUBGYTABKSRVRQ-PICCSMPSSA-N
DB03328	HC00250	Dioxo(sulfanyl)molybdenum	BDSRWPHSAKXXRG-UHFFFAOYSA-M
DB03344	mi13456p	Inositol-(1,3,4,5,6)-Pentakisphosphate	CTPQAXVNYGZUAJ-ADOSBGCESA-N
DB03350	nh4	Cobalt Hexammine Ion	DYLMFCCYOUSRTK-UHFFFAOYSA-N
DB03374	35diotyr	3,5-Diiodotyrosine	NYPYHUZRZVSYKL-ZETCQYMHSA-N
DB03381	hxdcal	Hexadecanal	NIOYUNMRJMEDGI-UHFFFAOYSA-N
DB03389	arab_L	alpha-D-Xylopyranose	SRBFZHDQGSBBOR-LECHCGJUSA-N
DB03397	uacgam	Uridine-Diphosphate-N-Acetylglucosamine	LFTYTUAZOPRMMI-CFRASDGPSA-N
DB03397	udpacgal	Uridine-Diphosphate-N-Acetylglucosamine	LFTYTUAZOPRMMI-CFRASDGPSA-N
DB03401	mi134p	1D-myo-inositol 1,4,5-trisphosphate	MMWCIQZXVOZEGG-XJTPDSDZSA-N
DB03401	mi145p	1D-myo-inositol 1,4,5-trisphosphate	MMWCIQZXVOZEGG-XJTPDSDZSA-N
DB03403	cmp	Cytidine-5'-Monophosphate	IERHLVCPSMICTF-XVFCMESISA-N
DB03407	24nph	4-Nitrocatechol	XJNPNXSISMKQEX-UHFFFAOYSA-N
DB03408	glucys	gamma-Glutamylcysteine	RITKHVBHSGLULN-WHFBIAKZSA-N
DB03413	dudp	Deoxyuridine-5'-Diphosphate	QHWZTVCCBMIIKE-SHYZEUOFSA-N
DB03416	thmmp	Thiamine(1+) monophosphate	HZSAJDVWZRBGIF-UHFFFAOYSA-N
DB03419	ura	Uracil	ISAKRJDGNUQOIC-UHFFFAOYSA-N
DB03423	seahcys	S-Adenosyl-L-Homoselenocysteine	UVSMMLABJBJNGH-WFMPWKQPSA-N
DB03432	3aib	Beta-Amino Isobutyrate	QCHPKSFMDHPSNR-GSVOUGTGSA-M
DB03432	3aib_D	Beta-Amino Isobutyrate	QCHPKSFMDHPSNR-GSVOUGTGSA-M
DB03435	udp	Uridine-5'-Diphosphate	XCCTYIAWTASOJW-XVFCMESISA-N
DB03443	HC02172	Bis(5-Amidino-Benzimidazolyl)Methanone Zinc	ZZTKUHCUDLEGEN-UHFFFAOYSA-N
DB03461	nadp	Nicotinamide adenine dinucleotide phosphate	XJLXINKUBYWONI-NNYOXOHSSA-N
DB03462	thym	Thymine	RWQNBRDOKXIBIV-UHFFFAOYSA-N
DB03485	fuc_L	Alpha-D-Fucose	SHZGCJCMOBCMKK-PHYPRBDBSA-N
DB03491	dgdp	2'-Deoxyguanosine-5'-Diphosphate	CIKGWCTVFSRMJU-KVQBGUIXSA-N
DB03499	mal_L	Malate Ion	BJEPYKJPYRNKOW-UWTATZPHSA-N
DB03501	udpg	Galactose-uridine-5'-diphosphate	HSCJRCZFDFQWRP-ABVWGUQPSA-N
DB03501	udpgal	Galactose-uridine-5'-diphosphate	HSCJRCZFDFQWRP-ABVWGUQPSA-N
DB03511	glcur	alpha-D-galacturonic acid	AEMOLEFTQBMNLQ-BKBMJHBISA-N
DB03512	h2o	Uridine-2',3'-vanadate	JSPAHXDHRUTBDP-VKTKOMAXSA-L
DB03512	oh1	Uridine-2',3'-vanadate	JSPAHXDHRUTBDP-VKTKOMAXSA-L
DB03518	mev_R	Mevalonic acid	KJTLQQUUPVSXIM-ZCFIWIBFSA-N
DB03528	adn	9-Beta-D-Xylofuranosyl-Adenine	OIRDTQYFTABQOQ-GAWUUDPSSA-N
DB03542	mi1p_D	L-Myo-Inositol-1-Phosphate	INAPMGSXUVUWAF-PTQMNWPWSA-L
DB03542	mi3p_D	L-Myo-Inositol-1-Phosphate	INAPMGSXUVUWAF-PTQMNWPWSA-L
DB03542	mi4p_D	L-Myo-Inositol-1-Phosphate	INAPMGSXUVUWAF-PTQMNWPWSA-L
DB03566	spmd	Spermidine	ATHGHQPFGPMSJY-UHFFFAOYSA-N
DB03567	acgal	alpha-N-Acetyl-D-galactosamine	OVRNDRQMDRJTHS-CBQIKETKSA-N
DB03567	acgam	alpha-N-Acetyl-D-galactosamine	OVRNDRQMDRJTHS-CBQIKETKSA-N
DB03567	acmana	alpha-N-Acetyl-D-galactosamine	OVRNDRQMDRJTHS-CBQIKETKSA-N
DB03568	but	Butyric Acid	FERIUCNNQQJTOY-UHFFFAOYSA-N
DB03587	mthgxl	Pyruvaldehyde	AIJULSRZWUXGPQ-UHFFFAOYSA-N
DB03600	HC02175	Capric acid	GHVNFZFCNZKVNT-UHFFFAOYSA-N
DB03603	glcr	Glucaric acid	DSLZVSRJTYRBFB-LLEIAEIESA-N
DB03604	CE2883	Tiratricol	UOWZUVNAGUAEQC-UHFFFAOYSA-N
DB03612	3hbcoa	3-Hydroxybutyryl-Coenzyme A	QHHKKMYHDBRONY-RMNRSTNRSA-N
DB03612	3hbcoa_R	3-Hydroxybutyryl-Coenzyme A	QHHKKMYHDBRONY-RMNRSTNRSA-N
DB03618	mn	2-(acetylamino)-2-deoxy-4-O-beta-D-galactopyranosyl-alpha-D-glucopyranose	KFEUJDWYNGMDBV-RCBHQUQDSA-N
DB03619	C04483	Deoxycholic acid	KXGVEGMKQFWNSR-LLQZFEROSA-N
DB03619	dchac	Deoxycholic acid	KXGVEGMKQFWNSR-LLQZFEROSA-N
DB03644	3hanthrn	3-hydroxyanthranilic acid	WJXSWCUQABXPFS-UHFFFAOYSA-N
DB03652	glcur	beta-D-Galactopyranuronic acid	AEMOLEFTQBMNLQ-DTEWXJGMSA-N
DB03661	Lcyst	Cysteinesulfonic Acid	XVOYSCVBGLVSOL-REOHCLBHSA-N
DB03685	ump	Uridine monophosphate	DJJCXFVJDGTHFX-XVFCMESISA-N
DB03688	3hpp	3-Hydroxy-Propanoic Acid	ALRHLSYJTWAHJZ-UHFFFAOYSA-N
DB03696	lanost	Lanosterol	CAHGCLMLTWQZNJ-BQNIITSRSA-N
DB03699	succoa	Succinyl-Coenzyme A	VNOYUJKHFWYWIR-ITIYDSSPSA-N
DB03700	thr_L	D-Threonine	AYFVYJQAPQTCCC-PWNYCUMCSA-N
DB03704	whddca	12-Hydroxydodecanoic Acid	ZDHCZVWCTKTBRY-UHFFFAOYSA-N
DB03708	aps	Adenosine 5'-phosphosulfate	IRLPACMLTUPBCL-KQYNXXCUSA-N
DB03721	acnam	N-acetyl-alpha-neuraminic acid	SQVRNKJHWKZAKO-YRMXFSIDSA-N
DB03723	dtdprmn	2'-Deoxy-Thymidine-Beta-L-Rhamnose	ZOSQFDVXNQFKBY-CGAXJHMRSA-N
DB03727	C05769	Coproporphyrin I	VORBHEGMEBOMMB-JRHDEHKPSA-N
DB03740	acgal	N-acetyl-alpha-D-glucosamine	OVRNDRQMDRJTHS-PVFLNQBWSA-N
DB03740	acgam	N-acetyl-alpha-D-glucosamine	OVRNDRQMDRJTHS-PVFLNQBWSA-N
DB03740	acmana	N-acetyl-alpha-D-glucosamine	OVRNDRQMDRJTHS-PVFLNQBWSA-N
DB03751	dtdpglu	2'deoxy-Thymidine-5'-Diphospho-Alpha-D-Glucose	YSYKRGRSMLTJNL-URARBOGNSA-N
DB03756	CE0328	Doconexent	MBMBGCFOFBJSGT-KUBAVDMBSA-N
DB03756	crvnc	Doconexent	MBMBGCFOFBJSGT-KUBAVDMBSA-N
DB03760	C02147	Dihydrolipoic Acid	IZFHEQBZOYJLPK-SSDOTTSWSA-N
DB03766	ppa	Propanoic acid	XBDQKXXYIPTUBI-UHFFFAOYSA-N
DB03773	fuc_L	alpha-D-quinovopyranose	SHZGCJCMOBCMKK-DVKNGEFBSA-N
DB03774	glu5sa	Glutamyl Group	KABXUUFDPUOJMW-BYPYZUCNSA-O
DB03776	lald_D	Lactaldehyde	BSABBBMNWQWLLU-VKHMYHEASA-N
DB03776	lald_L	Lactaldehyde	BSABBBMNWQWLLU-VKHMYHEASA-N
DB03793	bz	Benzoic acid	WPYMKLBDIGXBTP-UHFFFAOYSA-N
DB03796	hdca	Palmitic Acid	IPCSVZSSVZVIGE-UHFFFAOYSA-N
DB03798	dcmp	2'-Deoxycytidine-5'-Monophosphate	NCMVOABPESMRCP-SHYZEUOFSA-N
DB03800	dump	Deoxyuridine monophosphate	JSRLJPSBLDHEIO-SHYZEUOFSA-N
DB03825	cl	Rhodamine 6G	XFKVYXCRNATCOO-UHFFFAOYSA-M
DB03832	HC01007	3-Carboxy-N,N,N-Trimethyl-2-(Octanoyloxy)Propan-1-Aminium	CXTATJFJDMJMIY-CYBMUJFWSA-O
DB03832	c8crn	3-Carboxy-N,N,N-Trimethyl-2-(Octanoyloxy)Propan-1-Aminium	CXTATJFJDMJMIY-CYBMUJFWSA-O
DB03839	tyr_L	D-Tyrosine	OUYCCCASQSFEME-MRVPVSSYSA-N
DB03840	h2o	Tetra(Imidazole)Diaquacopper (Ii)	QHMVDLPUUJNKGZ-UHFFFAOYSA-N
DB03840	oh1	Tetra(Imidazole)Diaquacopper (Ii)	QHMVDLPUUJNKGZ-UHFFFAOYSA-N
DB03843	fald	Formaldehyde	WSFSSNUMVMOOMR-UHFFFAOYSA-N
DB03866	HC02217	Prostaglandin G2	SGUKUZOVHSFKPH-YNNPMVKQSA-N
DB03882	CE2209	5-Alpha-Androstane-3-Beta,17beta-Diol	CBMYJHIOYJEBSB-YSZCXEEOSA-N
DB03884	phpyr	Phenylpyruvic acid	BTNMPGBKDVTSJY-UHFFFAOYSA-N
DB03896	pppi	Triphosphoric acid	UNXRWKVEANCORM-UHFFFAOYSA-N
DB03902	oxa	Oxalic Acid	MUBZPKHOEPUJKR-UHFFFAOYSA-N
DB03904	urea	Urea	XSQUKJJJFZCRTK-UHFFFAOYSA-N
DB03911	arab_L	L-Xylopyranose	SRBFZHDQGSBBOR-CZBDKTQLSA-N
DB03912	pan4p	4'-Phosphopantetheine	JDMUPRLRUUMCTL-VIFPVBQESA-N
DB03915	2aobut	2-Amino-3-Ketobutyric Acid	SAUCHDKDCUROAO-VKHMYHEASA-N
DB03918	thbpt	6S-5,6,7,8-Tetrahydrobiopterin	FNKQXYHWGSIFBK-ZMIZWQJLSA-N
DB03926	CE2209	5-Alpha-Androstane-3-Beta,17-Alpha-Diol	CBMYJHIOYJEBSB-MFXFBURESA-N
DB03929	ser_D	D-Serine	MTCFGRXMJLQNBG-UWTATZPHSA-N
DB03929	ser_L	D-Serine	MTCFGRXMJLQNBG-UWTATZPHSA-N
DB03934	HC02172	Protoporphyrin Ix Containing Zn	FUTVBRXUIKZACV-RGGAHWMASA-L
DB03934	pheme	Protoporphyrin Ix Containing Zn	FUTVBRXUIKZACV-RGGAHWMASA-L
DB03937	e4p	Erythose-4-Phosphate	NGHMDNPXVRFFGS-IUYQGCFVSA-N
DB03943	asn_L	D-Asparagine	DCXYFEDJOCDNAF-UWTATZPHSA-N
DB03945	cholp	N,N,N-Trimethyl-2-(phosphonooxy)ethanaminium	YHHSONZFOIEMCP-UHFFFAOYSA-O
DB03947	rbl_D	D-Xylulose	ZAQJHHRNXZUBTE-UCORVYFPSA-N
DB03947	xylu_D	D-Xylulose	ZAQJHHRNXZUBTE-UCORVYFPSA-N
DB03947	xylu_L	D-Xylulose	ZAQJHHRNXZUBTE-UCORVYFPSA-N
DB03951	acgam6p	N-acetyl-D-glucosamine-6-phosphate	BRGMHAYQAZFZDJ-RTRLPJTCSA-N
DB03951	acmanap	N-acetyl-D-glucosamine-6-phosphate	BRGMHAYQAZFZDJ-RTRLPJTCSA-N
DB03956	mi134p	Inositol 2,4,5-trisphosphate	MMWCIQZXVOZEGG-LKPKBOIGSA-N
DB03956	mi145p	Inositol 2,4,5-trisphosphate	MMWCIQZXVOZEGG-LKPKBOIGSA-N
DB03977	tmlys	N-Trimethyllysine	MXNRLFUSFKVQSK-QMMMGPOBSA-O
DB03983	HC00250	{[2-Amino-4-oxo-6,7-di(sulfanyl-ÎºS)-3,5,5a,8,9a,10-hexahydro-4H-pyrano[3,2-g]pteridin-8-yl]methyl dihydrogenato(2-) phosphate}(dioxo)sulfanylmolybdenum	SQVSRPVEMXBYTQ-ZLGQENBPSA-K
DB03989	gal	D-Allopyranose	WQZGKKKJIJFFOK-IVMDWMLBSA-N
DB03989	glc_D	D-Allopyranose	WQZGKKKJIJFFOK-IVMDWMLBSA-N
DB03989	man	D-Allopyranose	WQZGKKKJIJFFOK-IVMDWMLBSA-N
DB03994	etha	Ethanolamine	HZAXFHJVJLSVMW-UHFFFAOYSA-N
DB04005	utp	Uridine 5'-triphosphate	PGAVKCOVUIYSFO-XVFCMESISA-N
DB04008	HC02172	Bis(5-Amidino-Benzimidazolyl)Methane Zinc	MXICWYSXOKPLOW-UHFFFAOYSA-P
DB04027	arg_D	D-arginine	ODKSFYDXXFIFQN-SCSAIBSYSA-N
DB04027	arg_L	D-arginine	ODKSFYDXXFIFQN-SCSAIBSYSA-N
DB04031	h2o	Serine vanadate	SYKYEBJDHHGBFL-PUAMRSTPSA-M
DB04031	oh1	Serine vanadate	SYKYEBJDHHGBFL-PUAMRSTPSA-M
DB04034	ru5p_D	Ribulose-5-Phosphate	FNZLKVNUWIIPSJ-RFZPGFLSSA-N
DB04034	xu5p_D	Ribulose-5-Phosphate	FNZLKVNUWIIPSJ-RFZPGFLSSA-N
DB04045	mmcoa_R	Methylmalonyl-Coenzyme A	MZFOKIKEPGUZEN-AGCMQPJKSA-N
DB04045	mmcoa_S	Methylmalonyl-Coenzyme A	MZFOKIKEPGUZEN-AGCMQPJKSA-N
DB04062	fuc_L	Beta-D-Fucose	SHZGCJCMOBCMKK-FPRJBGLDSA-N
DB04066	T4hcinnm	para-Coumaric Acid	NGSWKAQJJWESNS-ZZXKWVIFSA-N
DB04072	micit	Alpha-Methylisocitric Acid	HHKPKXCSHMJWCF-WVBDSBKLSA-N
DB04074	3mob	alpha-Ketoisovalerate	QHKABHOOEWYVLI-UHFFFAOYSA-N
DB04075	acglu	N-Acetyl-L-Glutamate	RFMMMVDNIPUKGG-YFKPBYRVSA-N
DB04076	hxan	Hypoxanthine	FDGQSTZJBFJUBT-UHFFFAOYSA-N
DB04099	dnad	Deamido-Nad+	SENPVEZBRZQVST-HISDBWNOSA-O
DB04100	co	(1,10 Phenanthroline)-(Tri-Carbon Monoxide) Rhenium (I)	XCPVAMYUZCTTHM-UHFFFAOYSA-N
DB04116	HC00229	Allolactose	DLRVVLDZNNYCBX-VDGMBKLFSA-N
DB04122	g6p	beta-D-glucose 6-phosphate	NBSCHQHZLSJFNQ-VFUOTHLCSA-N
DB04122	man6p	beta-D-glucose 6-phosphate	NBSCHQHZLSJFNQ-VFUOTHLCSA-N
DB04127	r5p	beta-D-arabinofuranose 5-phosphate	KTVPXOYAKDPRHY-SQOUGZDYSA-N
DB04137	gtp	Guanosine-5'-Triphosphate	XKMLYUALXHKNFT-UUOKFMHZSA-N
DB04153	HC02121	S-Hydroxymethyl Glutathione	PIUSLWSYOYFRFR-BQBZGAKWSA-N
DB04160	ppi	Pyrophosphoric acid	XPPKVPWEQAFLFU-UHFFFAOYSA-N
DB04166	anth	Anthranilic acid	RWZYAGGXGHYGMB-UHFFFAOYSA-N
DB04173	fru	Fructose	RFSUNEUAIZKAJO-AZGQCCRYSA-N
DB04183	HC00900	Methylmalonic Acid	ZIYVHBGGAOATLY-UHFFFAOYSA-N
DB04193	hom_L	L-Homoserine	UKAUYVFTDYCKQA-VKHMYHEASA-N
DB04194	chtn	Chitotriose	WZZVUHWLNMNWLW-VFCSDQTKSA-N
DB04207	saccrp_L	N-(5-Amino-5-Carboxypentyl)Glutamic Acid	ZDGJAHTZVHVLOT-YUMQZZPRSA-N
DB04214	HC01104	4-Nitrophenyl Phosphate	XZKIHKMTEMTJQX-UHFFFAOYSA-N
DB04224	elaid	Oleic Acid	ZQPPMHVWECSIRJ-MDZDMXLPSA-N
DB04224	ocdcea	Oleic Acid	ZQPPMHVWECSIRJ-MDZDMXLPSA-N
DB04231	h2o	Tetra(Imidazole)Diaquacopper (I)	HBZDUNQUBNOQIC-UHFFFAOYSA-N
DB04231	oh1	Tetra(Imidazole)Diaquacopper (I)	HBZDUNQUBNOQIC-UHFFFAOYSA-N
DB04242	4hbz	P-Hydroxybenzoic Acid	FJKROLUGYXJWQN-UHFFFAOYSA-N
DB04248	malttr	beta-(1->4)-galactotriose	FYGDTMLNYKFZSV-XJJKTWKOSA-N
DB04252	cbasp	N-Carbamoyl-L-Aspartate	HLKXYZVTANABHZ-REOHCLBHSA-N
DB04257	hdcea	Palmitoleic Acid	SECPZKHBENQXJG-FPLPWBNLSA-N
DB04265	acnam	N-acetyl-beta-neuraminic acid	SQVRNKJHWKZAKO-PFQGKNLYSA-N
DB04272	cit	Citric acid	KRKNYBCHXYNGOX-UHFFFAOYSA-N
DB04275	Nacsertn	N-acetylserotonin	MVAWJSIDNICKHF-UHFFFAOYSA-N
DB04286	arab_L	beta-D-Ribopyranose	SRBFZHDQGSBBOR-TXICZTDVSA-N
DB04299	fum	Maleic Acid	VZCYOOQTPOCHFL-UPHRSURJSA-N
DB04300	mi1346p	(1s,3r,4r,6s)-1,3,4,6-Tetrapkisphosphate	ZAWIXNGTTZTBKV-JMVOWJSSSA-N
DB04304	glcn	L-Gluconic Acid	RGHNJXZEOKUKBD-QTBDOELSSA-N
DB04304	guln	L-Gluconic Acid	RGHNJXZEOKUKBD-QTBDOELSSA-N
DB04315	gdp	Guanosine-5'-Diphosphate	QGWNDRXFNXRZMB-UUOKFMHZSA-N
DB04325	peamn	Phenethylamine	BHHGXPLMPWCGHP-UHFFFAOYSA-N
DB04326	dhap	Dihydroxyacetone phosphate	GNGACRATGGDKBX-UHFFFAOYSA-N
DB04335	ins	Inosine	UGQMRVRMYYASKQ-KQYNXXCUSA-N
DB04343	glx	Glyoxylic acid	HHLFWLYXYJOTON-UHFFFAOYSA-N
DB04348	tchola	Taurocholic acid	WBWWGRHZICKQGZ-HZAMXZRMSA-N
DB04349	12ppd_R	(S)-propane-1,2-diol	DNIAPMSPPWPWGF-VKHMYHEASA-N
DB04349	12ppd_S	(S)-propane-1,2-diol	DNIAPMSPPWPWGF-VKHMYHEASA-N
DB04351	HC00342	Aconitate Ion	GTZCVFVGUGFEME-IWQZZHSRSA-K
DB04352	r5p	beta-D-Ribose-5-phosphate	KTVPXOYAKDPRHY-TXICZTDVSA-N
DB04370	slfcys	S-sulphocysteine	NOKPBJYHPHHWAN-REOHCLBHSA-N
DB04380	alltt	Allantoate	NUCLJNSWZCHRKL-UHFFFAOYSA-M
DB04388	glu5sa	4-Carboxy-4-Aminobutanal	KABXUUFDPUOJMW-BYPYZUCNSA-N
DB04397	h2o	Alpha-D-Glucose-1-Phosphate-6-Vanadate	SYRDAPWACIANBN-DPXSRCRQSA-M
DB04397	oh1	Alpha-D-Glucose-1-Phosphate-6-Vanadate	SYRDAPWACIANBN-DPXSRCRQSA-M
DB04398	lac_D	Lactic acid	JVTAAEKCZFNVCJ-UHFFFAOYSA-N
DB04398	lac_L	Lactic acid	JVTAAEKCZFNVCJ-UHFFFAOYSA-N
DB04400	CE2705	L-erythro-7,8-dihydrobiopterin	FEMXZDUTFRTWPE-DZSWIPIPSA-N
DB04401	betald	[Formylmethyl]Trimethyl-Ammonium, N,N,N-Trimethylammonium Acetaldehyde	SXKNCCSPZDCRFD-UHFFFAOYSA-N
DB04414	h2o	Heptamolybdate	PJSKUNJZAAFMGT-UHFFFAOYSA-H
DB04414	oh1	Heptamolybdate	PJSKUNJZAAFMGT-UHFFFAOYSA-H
DB04417	4nph	P-Nitrophenol	BTJIUGUIPKRLHP-UHFFFAOYSA-N
DB04418	dcamp	Adenylosuccinic acid	OFBHPPMPBOJXRT-VWJPMABRSA-N
DB04422	hcys_L	2-Amino-4-Mercapto-Butyric Acid	FFFHZYDWPBMWHY-VKHMYHEASA-N
DB04425	HC01361	7,8-Dihydroneopterin	YQIFAMYNGGOTFB-XINAWCOVSA-N
DB04445	i	Mercuric iodide	YFDLHELOZYVNJE-UHFFFAOYSA-L
DB04447	dtt	1,4-Dithiothreitol	VHJLVAABSRFDPM-IMJSIDKUSA-N
DB04454	C02356	Alpha-Aminobutyric Acid	QWCKQJZIFLGMSD-GSVOUGTGSA-N
DB04455	glyb	N,N,N-trimethylglycinium	KWIUHFFTVRNATP-UHFFFAOYSA-O
DB04457	dgmp	2'-Deoxyguanosine-5'-Monophosphate	LTFMZDNNPPEQNG-KVQBGUIXSA-N
DB04461	cpppg3	Coproporphyrinogen III	NIUVHXTXUXOFEB-UHFFFAOYSA-N
DB04465	lcts	Lactose	GUBGYTABKSRVRQ-QKKXKWKRSA-N
DB04465	malt	Lactose	GUBGYTABKSRVRQ-QKKXKWKRSA-N
DB04473	fuc_L	Alpha-L-Fucose	SHZGCJCMOBCMKK-SXUWKVJYSA-N
DB04485	thymd	Thymidine	IQFYYKKMVGJFEH-XLPZGREQSA-N
DB04494	h2o	Dihydroxy(oxo)molybdenum(6+)	GKDPEXRCAVYDOG-UHFFFAOYSA-L
DB04494	oh1	Dihydroxy(oxo)molybdenum(6+)	GKDPEXRCAVYDOG-UHFFFAOYSA-L
DB04510	3pg	3-phospho-D-glyceric acid	OSJPPGNTCRNQQC-UWTATZPHSA-N
DB04519	octa	Caprylic acid	WWZKQHOCKIZLMA-UHFFFAOYSA-N
DB04522	pser_L	Dexfosfoserine	BZQFBWGGLXLEPQ-REOHCLBHSA-N
DB04524	malcoa	Malonyl-CoA	LTYOQGRJFJAKNA-DVVLENMVSA-N
DB04540	chsterol	Cholesterol	HVYWMOMLDIMFJA-DPAQBDIFSA-N
DB04551	HC01180	beta-D-fructofuranose 1,6-bisphosphate	RNBGYGVWRKECFJ-ARQDHWQXSA-N
DB04551	fdp	beta-D-fructofuranose 1,6-bisphosphate	RNBGYGVWRKECFJ-ARQDHWQXSA-N
DB04553	2obut	2-Oxobutanoic Acid	TYEYBOSBBBHJIV-UHFFFAOYSA-N
DB04555	cdp	Cytidine-5'-Diphosphate	ZWIADYZPOWUWEW-XVFCMESISA-N
DB04557	arachd	Arachidonic Acid	YZXBAPSDXZZRGB-DOFZRALJSA-N
DB04566	imp	Inosinic Acid	GRSZFWQUAKGDAV-KQYNXXCUSA-N
DB04573	estriol	Estriol	PROQIPRRNZUXQM-ZXXIGWHRSA-N
DB04574	estrones	Estrone sulfate	JKKFKPJIXZFSSB-CBZIJGRNSA-N
DB04630	aldstrn	Aldosterone	PQSUYGKTWSAVDQ-ZVIOFETBSA-N
DB04650	btn	5-[(3AS,4R,6AR)-2-OXOHEXAHYDRO-1H-THIENO[3,4-D]IMIDAZOL-4-YL]PENTANOIC ACID	YBJHBAHKTGYVGT-OOZYFLPDSA-N
DB04652	crtstrn	Corticosterone	OMFXVFTZEKFJBZ-HJTSIMOOSA-N
DB04660	g3pc	Choline alfoscerate	SUHOQUVVVLNYQR-MRVPVSSYSA-N
DB04665	coumarin	Coumarin	ZYGHJZDHTFUPRJ-UHFFFAOYSA-N
DB04688	egme	Methylecgonine	QIQNNBXHAYSQRY-UYXSQOIJSA-N
DB04704	20ahchsterol	20-hydroxycholesterol	MCKLJFJEQRYRQT-MGNSQDQZSA-N
DB04704	xol7a	20-hydroxycholesterol	MCKLJFJEQRYRQT-MGNSQDQZSA-N
DB04705	xol25oh	(3BETA)-CHOLEST-5-ENE-3,25-DIOL	INBGSXNNRGWLJU-ZHHJOTBYSA-N
DB04714	ipdp	ISOPENTENYL PYROPHOSPHATE	NUHSROFQTUXZQQ-UHFFFAOYSA-N
DB04734	mescon	Citraconic acid	HNEGQIOMVPPMNR-IHWYPQMZSA-N
DB04789	5mthf	5-methyltetrahydrofolic acid	ZNOVTXRBGFNYRX-ABLWVSNPSA-N
DB04801	vacc	cis-Vaccenic acid	UWHZIFQPPBDJPM-FPLPWBNLSA-N
DB04840	debrisoquine	Debrisoquine	JWPGJSVJDAJRLW-UHFFFAOYSA-N
DB04874	cl	Picoplatin	IIMIOEBMYPRQGU-UHFFFAOYSA-L
DB04874	nh4	Picoplatin	IIMIOEBMYPRQGU-UHFFFAOYSA-L
DB04912	cl	Stannsoporfin	LLDZJTIZVZFNCM-UHEVNVKKSA-J
DB04996	ac	Satraplatin	CKNPWBAXEKSCRG-UHFFFAOYSA-J
DB04996	cl	Satraplatin	CKNPWBAXEKSCRG-UHFFFAOYSA-J
DB04996	nh4	Satraplatin	CKNPWBAXEKSCRG-UHFFFAOYSA-J
DB05229	na1	Beraprost	YTCZZXIRLARSET-VJRSQJMHSA-M
DB05296	ac	Motexafin lutetium	ZCISRIHHEXSWIR-WRIGXHCHSA-L
DB05339	cl	MN-305	GGNCUSDIUUCNKE-RSAXXLAASA-N
DB05340	na1	ATL-2502	RWFZSORKWFPGNE-UHFFFAOYSA-M
DB05381	hista	Histamine	NTYJJOPFIAHURM-UHFFFAOYSA-N
DB05382	iodine	Iodine	PNDPGZBMCMUPRI-UHFFFAOYSA-N
DB05389	h2o	Tetrachlorodecaoxide	VOWOEBADKMXUBU-UHFFFAOYSA-J
DB05389	o2	Tetrachlorodecaoxide	VOWOEBADKMXUBU-UHFFFAOYSA-J
DB05389	oh1	Tetrachlorodecaoxide	VOWOEBADKMXUBU-UHFFFAOYSA-J
DB05428	ac	Motexafin gadolinium	VAZLWPAHMORDGR-WRIGXHCHSA-L
DB05446	HC02121	LJP 1082	PIUSLWSYOYFRFR-UHFFFAOYSA-N
DB05461	cl	OPC-28326	QRNMKZJPTYRAIL-UHFFFAOYSA-N
DB05461	h2o	OPC-28326	QRNMKZJPTYRAIL-UHFFFAOYSA-N
DB05461	oh1	OPC-28326	QRNMKZJPTYRAIL-UHFFFAOYSA-N
DB05476	cl	WX-UK1	FMHIVIJVVYYSRN-JCOPYZAKSA-N
DB05607	fum	PRX-08066	RPYIKXHIQXRXEM-WLHGVMLRSA-N
DB05630	h2o	Sodium stibogluconate	YQDGWZZYGYKDLR-UZVLBLASSA-K
DB05630	na1	Sodium stibogluconate	YQDGWZZYGYKDLR-UZVLBLASSA-K
DB05630	oh1	Sodium stibogluconate	YQDGWZZYGYKDLR-UZVLBLASSA-K
DB05642	cl	DDP-225	SAURKKOJWIFYSR-UHFFFAOYSA-N
DB05642	h2o	DDP-225	SAURKKOJWIFYSR-UHFFFAOYSA-N
DB05642	oh1	DDP-225	SAURKKOJWIFYSR-UHFFFAOYSA-N
DB05732	HC00319	Strontium malonate	LVZZABGEQTZXHP-UHFFFAOYSA-L
DB05790	cl	SR 140333	NQHFSECYQAQZBN-SJYHNBSJSA-M
DB05792	cl	Arylacenamide	HKHPCMBPASXYGP-KVVVOXFISA-N
DB05804	dheas	Prasterone sulfate	CZWCKYRVOZZJNM-USOAJAOKSA-N
DB05837	cl	OSI-7836	RCWYXGAOCMUXHG-ZXBIKLPVSA-N
DB05956	cl	EVT-101	OJBLXSPBJMGZDN-UHFFFAOYSA-N
DB05966	cit	TAS-108	VOHOCSJONOJOSD-SCIDSJFVSA-N
DB05993	cl	PRX-07034	PILCQJJJAFRKHO-UHFFFAOYSA-N
DB06082	cl	PX-478	GIGCDIVNDFQKRA-LTCKWSDVSA-N
DB06151	CE1310	Acetylcysteine	PWKSKIMOESPYIA-BYPYZUCNSA-N
DB06215	fe2	Ferumoxytol	WTFXARWRTYJXII-UHFFFAOYSA-N
DB06215	fe3	Ferumoxytol	WTFXARWRTYJXII-UHFFFAOYSA-N
DB06216	fum	Asenapine	GMDCDXMAFMEDAG-BTJKTKAUSA-N
DB06253	lipoate	Thioctic acid tromethamine	CCTREOMTIFSZAU-OGFXRTJISA-N
DB06659	cl	Rostaporfin	DMAHZCZCPVOYGS-ZLSDMPCXSA-L
DB06689	elaid	Ethanolamine oleate	KGWDUNBJIMUFAP-KVVVOXFISA-N
DB06689	etha	Ethanolamine oleate	KGWDUNBJIMUFAP-KVVVOXFISA-N
DB06689	ocdcea	Ethanolamine oleate	KGWDUNBJIMUFAP-KVVVOXFISA-N
DB06705	na1	Gadofosveset trisodium	XGOSYNSWSRUASG-UHFFFAOYSA-H
DB06715	i	Potassium Iodide	NLKNQRATVPKPDG-UHFFFAOYSA-M
DB06715	k	Potassium Iodide	NLKNQRATVPKPDG-UHFFFAOYSA-M
DB06723	h2o	Aluminum hydroxide	WNROFYMDJYEPJX-UHFFFAOYSA-K
DB06723	oh1	Aluminum hydroxide	WNROFYMDJYEPJX-UHFFFAOYSA-K
DB06724	ca2	Calcium carbonate	VTYYLEPIZMXCLO-UHFFFAOYSA-L
DB06724	hco3	Calcium carbonate	VTYYLEPIZMXCLO-UHFFFAOYSA-L
DB06755	caro	Beta carotene	OENHQHLEOONYIE-JLTXGRSLSA-N
DB06756	glyb	Glycine betaine	KWIUHFFTVRNATP-UHFFFAOYSA-N
DB06767	cl	Ammonium chloride	NLXLAEXVIDQMFP-UHFFFAOYSA-N
DB06767	nh4	Ammonium chloride	NLXLAEXVIDQMFP-UHFFFAOYSA-N
DB06768	lac_D	Ammonium lactate	RZOBLYBZQXQGFY-UHFFFAOYSA-N
DB06768	lac_L	Ammonium lactate	RZOBLYBZQXQGFY-UHFFFAOYSA-N
DB06768	nh4	Ammonium lactate	RZOBLYBZQXQGFY-UHFFFAOYSA-N
DB06777	C02528	Chenodeoxycholic acid	RUDATBOHQWOJDD-BSWAIDMHSA-N
DB06778	so4	Cupric sulfate	ARUVKPQLZAKDPS-UHFFFAOYSA-L
DB06783	fe3	Prussian blue	DNMNDNSFJMUUFM-UHFFFAOYSA-N
DB06784	cit	Gallium citrate Ga 67	YEEGWNXDUZONAA-RYDPDVNUSA-K
DB06788	ac	Histrelin	BKEMVGVBBDMHKL-VYFXDUNUSA-N
DB06792	hco3	Lanthanum carbonate	NZPIUJUFIFZSPW-UHFFFAOYSA-H
DB07172	CE7085	(5R,6E,8Z,11Z,14Z,17Z)-5-hydroxyicosa-6,8,11,14,17-pentaenoic acid	FTAGQROYQYQRHF-CBVHGRPESA-N
DB07339	CE5536	(3S)-3-hydroxy-1-methyl-2,3-dihydro-1H-indole-5,6-dione	RPHLQSHHTJORHI-SECBINFHSA-N
DB07375	andrstandn	5-BETA-ANDROSTANE-3,17-DIONE	RAJWOBJTTGJROA-QJISAEMRSA-N
DB07424	k	Tripotassium (1R)-4-biphenyl-4-yl-1-phosphonatobutane-1-sulfonate	LBNUOQAEVSXSSE-UFRNLTNDSA-K
DB07447	5adtststerone	5beta-dihydrotestosterone	NVKAWKQGWWIWPM-MISPCMORSA-N
DB07557	C03681	(5BETA)-PREGNANE-3,20-DIONE	XMRPGKVKISIQBV-XWOJZHJZSA-N
DB07645	sebacid	SEBACIC ACID	CXMXRPHRNRROMY-UHFFFAOYSA-N
DB07702	estriol	17alpha-Estriol	PROQIPRRNZUXQM-PNVOZDDCSA-N
DB07706	C05301	2-Hydroxyestradiol	DILDHNKDVHLEQB-XSSYPUMDSA-N
DB07718	34hpp	3-(4-HYDROXY-PHENYL)PYRUVIC ACID	KKADPXVIOXHVKN-UHFFFAOYSA-N
DB07768	tststerone	Epitestosterone	MUMGGOZAMZWBJJ-KZYORJDKSA-N
DB07780	frdp	Farnesyl diphosphate	VWFJDQUYCIWHTN-YFVJMOTDSA-N
DB07841	CE5956	Geranylgeranyl diphosphate	OINNEUNVOZHBOX-UHFFFAOYSA-N
DB07841	ggdp	Geranylgeranyl diphosphate	OINNEUNVOZHBOX-UHFFFAOYSA-N
DB07841	ttc_ggdp	Geranylgeranyl diphosphate	OINNEUNVOZHBOX-UHFFFAOYSA-N
DB07950	ind3ac	Indoleacetic acid	SEOVTRFCIGRIMH-UHFFFAOYSA-N
DB08120	dhlam	6,8-DIMERCAPTO-OCTANOIC ACID AMIDE	VLYUGYAKYZETRF-SSDOTTSWSA-N
DB08231	ttdca	Myristic acid	TUNFSRHWOTWDNC-UHFFFAOYSA-N
DB08294	CE1957	2-(4-HYDROXY-3-NITROPHENYL)ACETIC ACID	QBHBHOSRLDPIHG-UHFFFAOYSA-N
DB08327	hgentis	2-(3,6-DIHYDROXYPHENYL)ACETIC ACID	IGMNYECMUMZDDF-UHFFFAOYSA-N
DB08435	CE4877	(5E,14E)-11-oxoprosta-5,9,12,14-tetraen-1-oic acid	VHRUMKCAEVRUBK-XOVNXQNQSA-N
DB08653	trypta	2-(1H-INDOL-3-YL)ETHANAMINE	APJYDQYYACXCRM-UHFFFAOYSA-N
DB08830	dhdascb	Dehydroascorbic acid	SBJKKFFYIZUCET-JLAZNSOCSA-N
DB08833	tdchola	Taurochenodeoxycholic acid	BHTRKEVKTKCXOH-BJLOMENOSA-N
DB08834	tdchola	Tauroursodeoxycholic acid	BHTRKEVKTKCXOH-LBSADWJPSA-N
DB08838	agm	Agmatine	QYPPJABKJHAVHS-UHFFFAOYSA-N
DB08839	srtn	Serotonin	QZAYGJVTTNCVMB-UHFFFAOYSA-N
DB08841	tym	Tyramine	DZGWFCGJZKJUFP-UHFFFAOYSA-N
DB08842	acrn	Acetylcarnitine	RDHQFKQIGNGIED-MRVPVSSYSA-N
DB08844	urate	Uric acid	LEHOTFFKMJEONL-UHFFFAOYSA-N
DB08845	akg	Oxogluric acid	KPGXRSRHYNQIFN-UHFFFAOYSA-N
DB08847	4hpro_LT	Hydroxyproline	PMMYEEVYMWASQN-DMTCNVIQSA-N
DB08855	leuktrC4	Leukotriene C4	GWNVDXQDILPJIG-NXOLIXFESA-N
DB08858	cl	cis-Diamminechlorocholylglycinateplatinum(II)	RUGJYCHQQOPHCW-UHFFFAOYSA-L
DB08858	gchola	cis-Diamminechlorocholylglycinateplatinum(II)	RUGJYCHQQOPHCW-UHFFFAOYSA-L
DB08858	nh4	cis-Diamminechlorocholylglycinateplatinum(II)	RUGJYCHQQOPHCW-UHFFFAOYSA-L
DB08913	cl	Radium Ra 223 Dichloride	RWRDJVNMSZYMDV-SIUYXFDKSA-L
DB08921	limnen	(4R)-limonene	XMGQYMWWDOXHJM-JTQLQIEISA-N
DB08938	h2o	Magaldrate	SPPNVMTVMQOKSC-UHFFFAOYSA-A
DB08938	oh1	Magaldrate	SPPNVMTVMQOKSC-UHFFFAOYSA-A
DB08938	so4	Magaldrate	SPPNVMTVMQOKSC-UHFFFAOYSA-A
DB09072	na1	Sodium oxybate	XYGBKMMCQDZQOZ-UHFFFAOYSA-M
DB09087	k	Potassium alum	GRLPQNLYRHEGIJ-UHFFFAOYSA-J
DB09087	so4	Potassium alum	GRLPQNLYRHEGIJ-UHFFFAOYSA-J
DB09099	CE5782	Somatostatin	NHXLMOGPVYXJNR-ATOGVRKGSA-N
DB09104	h2o	Magnesium hydroxide	VTHJTEIRLNZDEV-UHFFFAOYSA-L
DB09104	oh1	Magnesium hydroxide	VTHJTEIRLNZDEV-UHFFFAOYSA-L
DB09112	no2	Nitrous acid	IOVCWXUNBOPUCH-UHFFFAOYSA-N
DB09116	ca2	Calcium carbimide	MYFXBBAEXORJNB-UHFFFAOYSA-N
DB09125	cit	Potassium citrate	QEEAPRPFLLJWCF-UHFFFAOYSA-K
DB09125	k	Potassium citrate	QEEAPRPFLLJWCF-UHFFFAOYSA-K
DB09129	cl	Chromic chloride	QSWDMMVNRMROPK-UHFFFAOYSA-K
DB09131	cl	Cupric Chloride	ORTQZVOHEJQUHG-UHFFFAOYSA-L
DB09138	h2o	Technetium Tc-99m medronate	IUPNVOAUFBLQME-SGNQUONSSA-J
DB09138	oh1	Technetium Tc-99m medronate	IUPNVOAUFBLQME-SGNQUONSSA-J
DB09140	o2	Oxygen	MYMOFIZGZYHOMD-UHFFFAOYSA-N
DB09145	h2o	Water	XLYOFNOQVPJJNP-UHFFFAOYSA-N
DB09145	oh1	Water	XLYOFNOQVPJJNP-UHFFFAOYSA-N
DB09146	fe3	Iron sucrose	FWZTTZUKDVJDCM-CEJAUHOTSA-M
DB09146	h2o	Iron sucrose	FWZTTZUKDVJDCM-CEJAUHOTSA-M
DB09146	na1	Iron sucrose	FWZTTZUKDVJDCM-CEJAUHOTSA-M
DB09146	oh1	Iron sucrose	FWZTTZUKDVJDCM-CEJAUHOTSA-M
DB09146	sucr	Iron sucrose	FWZTTZUKDVJDCM-CEJAUHOTSA-M
DB09147	fe3	Ferric pyrophosphate	CADNYOZXMIKYPR-UHFFFAOYSA-B
DB09147	ppi	Ferric pyrophosphate	CADNYOZXMIKYPR-UHFFFAOYSA-B
DB09153	cl	Sodium chloride	FAPWRFPIFSIZLT-UHFFFAOYSA-M
DB09153	na1	Sodium chloride	FAPWRFPIFSIZLT-UHFFFAOYSA-M
DB09154	cit	Sodium citrate	HRXKRNGNAMMEHJ-UHFFFAOYSA-K
DB09154	na1	Sodium citrate	HRXKRNGNAMMEHJ-UHFFFAOYSA-K
DB09157	co2	Carbon dioxide	CURLTUGMZLYLDI-UHFFFAOYSA-N
DB09160	h2o	Technetium Tc-99m tetrofosmin	HBJYDUADMKVTGP-RCUQKECRSA-N
DB09160	oh1	Technetium Tc-99m tetrofosmin	HBJYDUADMKVTGP-RCUQKECRSA-N
DB09165	ppi	Technetium Tc-99m pyrophosphate	OOGKGVXDDGJCPO-NLQOEHMXSA-J
DB09221	HC02172	Polaprezinc	IGXZLYMCFZHNKW-FJXQXJEOSA-L
DB09241	cl	Methylene blue	CXKWCBBOMKCUKX-UHFFFAOYSA-M
DB09269	pac	Phenylacetic acid	WLJVXDMOQOGPHL-UHFFFAOYSA-N
DB09270	q10	Ubidecarenone	ACTIUHUUMQJHFO-UPTCCGCDSA-N
DB09275	k	Bismuth subcitrate potassium	YDDTTXDPCSCLKY-UHFFFAOYSA-H
DB09276	na1	Sodium aurothiomalate	LTEMOXGFFHXNNS-UHFFFAOYSA-L
DB09277	chol	Choline C 11	SGMZJAMFUVOLNK-ULWFUOSBSA-M
DB09277	cl	Choline C 11	SGMZJAMFUVOLNK-ULWFUOSBSA-M
DB09293	i	Iodide I-131	XMBWDFGMSWQBCA-RNFDNDRNSA-M
DB09314	h2o	Technetium Tc-99m pertechnetate	ZTFPRNKAHXDALS-RCUQKECRSA-N
DB09314	oh1	Technetium Tc-99m pertechnetate	ZTFPRNKAHXDALS-RCUQKECRSA-N
DB09316	cl	Thallous Chloride	GBECUEIQVRDUKB-UHFFFAOYSA-M
DB09322	HC02172	Zinc sulfate	NWONKYPBYAMBJT-UHFFFAOYSA-L
DB09322	so4	Zinc sulfate	NWONKYPBYAMBJT-UHFFFAOYSA-L
DB09325	na1	Sodium fluoride	PUZPDOWCWNUUKD-UHFFFAOYSA-M
DB09326	nh4	Ammonia N-13	QGZKDVFQNNGYKY-BJUDXGSMSA-N
DB09327	ura	Tegafur-uracil	DHMYGZIEILLVNR-UHFFFAOYSA-N
DB09332	na1	Kappadione	GZBACHSOZNEZOG-UHFFFAOYSA-J
DB09338	h2o	Mersalyl	HQRSUIDICNOLPX-UHFFFAOYSA-M
DB09338	oh1	Mersalyl	HQRSUIDICNOLPX-UHFFFAOYSA-M
DB09364	h2o	Procaine merethoxylline	XRCLWOYOVQUZLE-UHFFFAOYSA-M
DB09364	oh1	Procaine merethoxylline	XRCLWOYOVQUZLE-UHFFFAOYSA-M
DB09380	na1	Sodium chromate Cr-51	PXLIDIMHPNPGMH-PJWPDVOUSA-N
DB09394	pi	Phosphoric acid	NBIIXXVUZAFLBC-UHFFFAOYSA-N
DB09395	ac	Sodium acetate	VMHLLURERBWHNL-UHFFFAOYSA-M
DB09395	na1	Sodium acetate	VMHLLURERBWHNL-UHFFFAOYSA-M
DB09400	selmeth	Selenomethionine Se-75	RJFAYQIBOAGBLC-ZEMBQCNESA-N
DB09407	cl	Magnesium chloride	TWRXJAOTZQYOKJ-UHFFFAOYSA-L
DB09409	ac	Magnesium acetate tetrahydrate	XKPKPGCRSHFTKM-UHFFFAOYSA-L
DB09409	h2o	Magnesium acetate tetrahydrate	XKPKPGCRSHFTKM-UHFFFAOYSA-L
DB09409	oh1	Magnesium acetate tetrahydrate	XKPKPGCRSHFTKM-UHFFFAOYSA-L
DB09413	k	Monopotassium phosphate	GNSKLFRGEWLPPA-UHFFFAOYSA-M
DB09413	pi	Monopotassium phosphate	GNSKLFRGEWLPPA-UHFFFAOYSA-M
DB09414	k	Dipotassium phosphate	ZPWVASYFFYYZEW-UHFFFAOYSA-L
DB09414	pi	Dipotassium phosphate	ZPWVASYFFYYZEW-UHFFFAOYSA-L
DB09418	k	Potassium perchlorate	YLMGFJXSLBMXHK-UHFFFAOYSA-M
DB09419	xyl_D	Xylose	PYMYPHUHKUWMLA-VPENINKCSA-N
DB09420	i	Iodide I-123	XMBWDFGMSWQBCA-AHCXROLUSA-M
DB09421	C03958	Protirelin	XNSAINXGIQZQOO-SRVKXCTJSA-N
DB09449	na1	Sodium phosphate, monobasic	AJPJDKMHJJGVTQ-UHFFFAOYSA-M
DB09449	pi	Sodium phosphate, monobasic	AJPJDKMHJJGVTQ-UHFFFAOYSA-M
DB09460	hco3	Sodium carbonate	CDBYLPFSWZWCQE-UHFFFAOYSA-L
DB09460	na1	Sodium carbonate	CDBYLPFSWZWCQE-UHFFFAOYSA-L
DB09462	glyc	Glycerin	PEDCQBHIVMGVHV-UHFFFAOYSA-N
DB09472	na1	Sodium sulfate	PMZURENOXWZQFD-UHFFFAOYSA-L
DB09472	so4	Sodium sulfate	PMZURENOXWZQFD-UHFFFAOYSA-L
DB09481	hco3	Magnesium carbonate	ZLNQQNXFFQJAID-UHFFFAOYSA-L
DB09483	k	Potassium lactate	PHZLMBHDXVLRIX-UHFFFAOYSA-M
DB09483	lac_D	Potassium lactate	PHZLMBHDXVLRIX-UHFFFAOYSA-M
DB09483	lac_L	Potassium lactate	PHZLMBHDXVLRIX-UHFFFAOYSA-M
DB09484	na1	Sodium fluorophosphate	BFDWBSRJQZPEEB-UHFFFAOYSA-L
DB09490	cl	Indium In-111 chloride	PSCMQHVBLHHWTO-FZTWWWDYSA-K
DB09498	cl	Strontium chloride Sr-89	AHBGXTDRMVNFER-FCHARDOESA-L
DB09499	HC01501	Thiosulfuric acid	DHCDFWKWKRSZHF-UHFFFAOYSA-N
DB09499	tsul	Thiosulfuric acid	DHCDFWKWKRSZHF-UHFFFAOYSA-N
DB09501	cit	Ferric ammonium citrate	FRHBOQMZUOWXQL-UHFFFAOYSA-N
DB09501	fe3	Ferric ammonium citrate	FRHBOQMZUOWXQL-UHFFFAOYSA-N
DB09501	nh4	Ferric ammonium citrate	FRHBOQMZUOWXQL-UHFFFAOYSA-N
DB09510	urea	Urea C-13	XSQUKJJJFZCRTK-OUBTZVSYSA-N
DB09513	urea	Urea C-14	XSQUKJJJFZCRTK-NJFSPNSNSA-N
DB09517	fe3	Sodium ferric gluconate complex	MQBDAEHWGRMADS-XNHLMZCASA-M
DB09517	glcn	Sodium ferric gluconate complex	MQBDAEHWGRMADS-XNHLMZCASA-M
DB09517	guln	Sodium ferric gluconate complex	MQBDAEHWGRMADS-XNHLMZCASA-M
DB09517	na1	Sodium ferric gluconate complex	MQBDAEHWGRMADS-XNHLMZCASA-M
DB09517	sucr	Sodium ferric gluconate complex	MQBDAEHWGRMADS-XNHLMZCASA-M
DB09546	so4	Iobenguane sulfate I-123	XNACDNPGABUBFR-FKNPGSCZSA-N
DB09555	fum	Dexchlorpheniramine maleate	DBAKFASWICGISY-DASCVMRKSA-N
DB09561	glyc3p	Sodium glycerophosphate	GEKBIENFFVFKRG-UHFFFAOYSA-L
DB09561	na1	Sodium glycerophosphate	GEKBIENFFVFKRG-UHFFFAOYSA-L
DB09563	chol	Choline C-11	OEYIOHPDSNJKLS-BJUDXGSMSA-N
DB11056	cl	Stannous chloride	AXZWODMDQAVCJE-UHFFFAOYSA-L
DB11068	sel	Selenic acid	QYHFIVBSNOWOCQ-UHFFFAOYSA-N
DB11081	cl	Aluminum chloride	VSCWAEJMTAWNJL-UHFFFAOYSA-K
DB11090	k	Potassium nitrate	FGIUAXJPYTZDNR-UHFFFAOYSA-N
DB11091	h2o2	Hydrogen peroxide	MHAJPDPJQMAIIY-UHFFFAOYSA-N
DB11093	ca2	Calcium Citrate	FNAQSUUGMSOBHW-UHFFFAOYSA-H
DB11093	cit	Calcium Citrate	FNAQSUUGMSOBHW-UHFFFAOYSA-H
DB11098	hco3	Potassium bicarbonate	TYJJADVDDVDEDZ-UHFFFAOYSA-M
DB11098	k	Potassium bicarbonate	TYJJADVDDVDEDZ-UHFFFAOYSA-M
DB11100	alltn	Allantoin	POJWUDADGALRAB-UHFFFAOYSA-N
DB11107	k	Potassium bitartrate	KYKNRZGSIGMXFH-ZVGUSBNCSA-M
DB11110	cit	Magnesium citrate	PLSARIKBYIPYPF-UHFFFAOYSA-H
DB11119	i	Sodium iodide	FVAUCKIRQBBSSJ-UHFFFAOYSA-M
DB11119	na1	Sodium iodide	FVAUCKIRQBBSSJ-UHFFFAOYSA-M
DB11126	ca2	Calcium gluconate	NEEHYRZPVYRGPP-IYEMJOQQSA-L
DB11126	glcn	Calcium gluconate	NEEHYRZPVYRGPP-IYEMJOQQSA-L
DB11126	guln	Calcium gluconate	NEEHYRZPVYRGPP-IYEMJOQQSA-L
DB11128	h2o	Ammonium molybdate	FZDJSHPVOMNEIF-UHFFFAOYSA-T
DB11128	nh4	Ammonium molybdate	FZDJSHPVOMNEIF-UHFFFAOYSA-T
DB11128	oh1	Ammonium molybdate	FZDJSHPVOMNEIF-UHFFFAOYSA-T
DB11129	h2o2	Carbamide peroxide	AQLJVWUFPCUVLO-UHFFFAOYSA-N
DB11129	urea	Carbamide peroxide	AQLJVWUFPCUVLO-UHFFFAOYSA-N
DB11141	glcn	Manganese gluconate	OXHQNTSSPHKCPB-IYEMJOQQSA-L
DB11141	guln	Manganese gluconate	OXHQNTSSPHKCPB-IYEMJOQQSA-L
DB11142	selmeth	Selenomethionine	RJFAYQIBOAGBLC-BYPYZUCNSA-N
DB11150	so4	Barium sulfate	TZCXTZWJZNENPQ-UHFFFAOYSA-L
DB11151	h2o	Sodium hydroxide	HEMHJVSKTPXQMS-UHFFFAOYSA-M
DB11151	oh1	Sodium hydroxide	HEMHJVSKTPXQMS-UHFFFAOYSA-M
DB11153	h2o	Potassium hydroxide	KWYUFKZDYYNOTN-UHFFFAOYSA-M
DB11153	k	Potassium hydroxide	KWYUFKZDYYNOTN-UHFFFAOYSA-M
DB11153	oh1	Potassium hydroxide	KWYUFKZDYYNOTN-UHFFFAOYSA-M
DB11154	HC02172	Zinc citrate	WGIWBXUNRXCYRA-UHFFFAOYSA-H
DB11154	cit	Zinc citrate	WGIWBXUNRXCYRA-UHFFFAOYSA-H
DB11159	na1	Sodium sulfide	GRVFOGOEDUUMBP-UHFFFAOYSA-N
DB11168	ca2	Calcium threonate	ZJXGOFZGZFVRHK-BALCVSAKSA-L
DB11168	thrnt	Calcium threonate	ZJXGOFZGZFVRHK-BALCVSAKSA-L
DB11171	fe3	Ferric sulfate	YHGPYBQVSJBGHH-UHFFFAOYSA-H
DB11171	h2o	Ferric sulfate	YHGPYBQVSJBGHH-UHFFFAOYSA-H
DB11171	oh1	Ferric sulfate	YHGPYBQVSJBGHH-UHFFFAOYSA-H
DB11171	so4	Ferric sulfate	YHGPYBQVSJBGHH-UHFFFAOYSA-H
DB11175	C10164	Zinc picolinate	NHVUUBRKFZWXRN-UHFFFAOYSA-L
DB11175	HC02172	Zinc picolinate	NHVUUBRKFZWXRN-UHFFFAOYSA-L
DB11183	na1	Light green SF yellowish	DGOBMKYRQHEFGQ-UHFFFAOYSA-L
DB11189	gly	Magnesium glycinate	AACACXATQSKRQG-UHFFFAOYSA-L
DB11191	adocbl	Cobamamide	ZIHHMGTYZOSFRC-OUCXYWSSSA-L
DB11192	thrnt	L-threonic acid	JPIJQSOTBSSVTP-STHAYSLISA-N
DB11195	abt	Xylitol	HEBKCHPVOIAQTA-SCDXWVJYSA-N
DB11195	rbt	Xylitol	HEBKCHPVOIAQTA-SCDXWVJYSA-N
DB11195	xylt	Xylitol	HEBKCHPVOIAQTA-SCDXWVJYSA-N
DB11197	cys_L	Ferrous cysteine glycinate	NIBOCUPOPAKNJE-NVKWYWNSSA-L
DB11197	fe2	Ferrous cysteine glycinate	NIBOCUPOPAKNJE-NVKWYWNSSA-L
DB11197	gly	Ferrous cysteine glycinate	NIBOCUPOPAKNJE-NVKWYWNSSA-L
DB11200	cl	Aluminum zirconium octachlorohydrex gly	WYANSMZYIOPJFV-UHFFFAOYSA-L
DB11200	gly	Aluminum zirconium octachlorohydrex gly	WYANSMZYIOPJFV-UHFFFAOYSA-L
DB11200	h2o	Aluminum zirconium octachlorohydrex gly	WYANSMZYIOPJFV-UHFFFAOYSA-L
DB11200	oh1	Aluminum zirconium octachlorohydrex gly	WYANSMZYIOPJFV-UHFFFAOYSA-L
DB11205	cl	Alcloxa	IMZDRXBSGZPLDE-UHFFFAOYSA-H
DB11205	h2o	Alcloxa	IMZDRXBSGZPLDE-UHFFFAOYSA-H
DB11205	oh1	Alcloxa	IMZDRXBSGZPLDE-UHFFFAOYSA-H
DB11210	fe2	Ferrous bisglycinate	GIPOFCXYHMWROH-UHFFFAOYSA-L
DB11210	gly	Ferrous bisglycinate	GIPOFCXYHMWROH-UHFFFAOYSA-L
DB11233	cit	Silver citrate	QUTYHQJYVDNJJA-UHFFFAOYSA-K
DB11239	so4	Aluminum sulfate	DIZPMCHEQGEION-UHFFFAOYSA-H
DB11246	glcn	Copper gluconate	OCUCCJIRFHNWBP-IYEMJOQQSA-L
DB11246	guln	Copper gluconate	OCUCCJIRFHNWBP-IYEMJOQQSA-L
DB11248	HC02172	Zinc gluconate	WHMDKBIGKVEYHS-IYEMJOQQSA-L
DB11248	glcn	Zinc gluconate	WHMDKBIGKVEYHS-IYEMJOQQSA-L
DB11248	guln	Zinc gluconate	WHMDKBIGKVEYHS-IYEMJOQQSA-L
DB11255	C10164	Chromium picolinate	CBDQOLKNTOMMTL-UHFFFAOYSA-K
DB11256	5mthf	Levomefolic acid	ZNOVTXRBGFNYRX-STQMWFEESA-N
DB11264	ca2	Calcium glycerophosphate	UHHRFSOMMCWGSO-UHFFFAOYSA-L
DB11281	hco3	Bismuth subcarbonate	FWIZHMQARNODNX-UHFFFAOYSA-L
DB11290	ocdca	Aluminium tristearate	CEGOLXSVJUTHNZ-UHFFFAOYSA-K
DB11309	so4	Sulfuric acid	QAOWNCQODCNURD-UHFFFAOYSA-N
DB11340	q10h2	Ubiquinol	QNTNKSLOFHEFPK-UPTCCGCDSA-N
DB11348	ca2	Calcium Phosphate	QORWJWZARLRLPR-UHFFFAOYSA-H
DB11348	pi	Calcium Phosphate	QORWJWZARLRLPR-UHFFFAOYSA-H
DB11417	h2o2	Gleptoferron	QPUPHFVWBIOERP-MXIFXDQUSA-M
DB11460	sql	Squalene	YYGNTYWPHWGJRM-AAJYLUCBSA-N
DB11493	na1	Sodium tripolyphosphate	HWGNBUXHKFFFIH-UHFFFAOYSA-I
DB11493	pppi	Sodium tripolyphosphate	HWGNBUXHKFFFIH-UHFFFAOYSA-I
DB11525	nh4	Maduramicin	WQGJEAMPBSZCIF-HKSLRPGUSA-N
DB11573	cl	Aluminum chlorohydrate	ZLVPDILYQLCEJO-UHFFFAOYSA-H
DB11573	h2o	Aluminum chlorohydrate	ZLVPDILYQLCEJO-UHFFFAOYSA-H
DB11573	oh1	Aluminum chlorohydrate	ZLVPDILYQLCEJO-UHFFFAOYSA-H
DB11588	co	Carbon monoxide	UGFAIRIUMAVXCW-UHFFFAOYSA-N
DB11590	na1	Thimerosal	RTKIYNMVFMVABJ-UHFFFAOYSA-L
DB11596	5fthf	Levoleucovorin	VVIAGPKUTFNRDU-STQMWFEESA-N
DB11673	pydam	Pyridoxamine	NHZMQXZHNVQTQA-UHFFFAOYSA-N
DB11695	carn	Carnosine	CQOVPNPJLQNMDC-ZETCQYMHSA-N
DB11710	1mncam	Trigonellamide	LDHMAVIPBRSVRG-UHFFFAOYSA-O
DB11742	ebastine	Ebastine	MJJALKDDGIKVBE-UHFFFAOYSA-N
DB11846	crtn	Creatinine	DDRJAANPRJIHGJ-UHFFFAOYSA-N
DB11858	leuktrD4	Leukotriene D4	YEESKJGWJFYOOK-IJHYULJSSA-N
DB11859	CE2211	Brexanolone	AURFZBICLPNKBZ-SYBPFIFISA-N
DB11924	sphgn	Safingol	OTKJDMGTUTTYMP-ROUUACIJSA-N
DB11937	kynate	Kynurenic Acid	HCZHHEIFKROPDY-UHFFFAOYSA-N
DB12153	cdpchol	Citicoline	RZZPDXZPRHQOCG-OJAKKHQRSA-N
DB12308	CE2211	Eltanolone	AURFZBICLPNKBZ-YZRLXODZSA-N
DB12310	tre	Trehalose	HDTRYLNUVZCQOY-LIZSDCNHSA-N
DB12425	triodthy	Liothyronine I-131	AUYYCJSJGJYCDS-UMVFHIKJSA-N
DB12519	sarcs	Sarcosine	FSYKKLYZXJSNPZ-UHFFFAOYSA-N
DB12529	no2	Nitrite	IOVCWXUNBOPUCH-UHFFFAOYSA-M
DB12628	chol	Methyl-D9-choline	OEYIOHPDSNJKLS-GQALSZNTSA-N
DB12676	mlthf	Modufolin	QYNUQALWYRSVHF-OLZOCXBDSA-N
DB12751	mal_L	Malic acid	BJEPYKJPYRNKOW-UHFFFAOYSA-N
DB12754	i	Iodide	XMBWDFGMSWQBCA-UHFFFAOYSA-M
DB12789	CE5924	Dinoprost	PXGPLTODNUVGFL-YNNPMVKQSA-N
DB12789	HC02216	Dinoprost	PXGPLTODNUVGFL-YNNPMVKQSA-N
DB12789	prostgf2	Dinoprost	PXGPLTODNUVGFL-YNNPMVKQSA-N
DB12961	CE2445	Leukotriene B4	VNYSSYRCGWBHLG-AMOLWHMGSA-N
DB12961	leuktrB4	Leukotriene B4	VNYSSYRCGWBHLG-AMOLWHMGSA-N
DB12972	CE2211	Sepranolone	AURFZBICLPNKBZ-FZCSVUEKSA-N
DB13105	CE7114	Resolvin E1	AOPOCGPBAIARAV-OTBJXLELSA-N
DB13142	ca2	Calcium glubionate anhydrous	YPCRNBPOUVJVMU-LCGAVOCYSA-L
DB13142	glcn	Calcium glubionate anhydrous	YPCRNBPOUVJVMU-LCGAVOCYSA-L
DB13142	guln	Calcium glubionate anhydrous	YPCRNBPOUVJVMU-LCGAVOCYSA-L
DB13145	nh4	Nedaplatin	GYAVMUDJCHAASE-UHFFFAOYSA-M
DB13156	ins	Inosine pranobex	YLDCUKJMEKGGFI-KSIULYHRSA-N
DB13157	na1	Sodium lauryl sulfoacetate	UAJTZZNRJCKXJN-UHFFFAOYSA-M
DB13163	h2o	Terpin hydrate	JGKJMBOJWVAMIJ-OFAZAQPOSA-N
DB13163	oh1	Terpin hydrate	JGKJMBOJWVAMIJ-OFAZAQPOSA-N
DB13178	inost	Inositol	CDAISMWEOUEBRE-GPIVLXJGSA-N
DB13180	glcn	Gluconic Acid	RGHNJXZEOKUKBD-SQOUGZDYSA-N
DB13180	guln	Gluconic Acid	RGHNJXZEOKUKBD-SQOUGZDYSA-N
DB13191	pcreat	Phosphocreatine	DRBBFCLWYRJSJZ-UHFFFAOYSA-N
DB13207	arg_D	Arginine glutamate	RVEWUBJVAHOGKA-WOYAITHZSA-N
DB13207	arg_L	Arginine glutamate	RVEWUBJVAHOGKA-WOYAITHZSA-N
DB13207	glu_L	Arginine glutamate	RVEWUBJVAHOGKA-WOYAITHZSA-N
DB13209	h2o	Bismuth subnitrate	QGWDKKHSDXWPET-UHFFFAOYSA-E
DB13209	oh1	Bismuth subnitrate	QGWDKKHSDXWPET-UHFFFAOYSA-E
DB13210	na1	Sodium chlorite	UKLNMMHNWFDKNT-UHFFFAOYSA-M
DB13220	asp_D	Ferrous aspartate	KKPUODLFBBWJPH-DKWTVANSSA-L
DB13220	asp_L	Ferrous aspartate	KKPUODLFBBWJPH-DKWTVANSSA-L
DB13220	fe2	Ferrous aspartate	KKPUODLFBBWJPH-DKWTVANSSA-L
DB13231	ca2	Calcium lactate	MKJXYGKVIBWPFZ-UHFFFAOYSA-L
DB13231	lac_D	Calcium lactate	MKJXYGKVIBWPFZ-UHFFFAOYSA-L
DB13231	lac_L	Calcium lactate	MKJXYGKVIBWPFZ-UHFFFAOYSA-L
DB13236	h2o	Stibophen	ZDDUXABBRATYFS-UHFFFAOYSA-F
DB13236	na1	Stibophen	ZDDUXABBRATYFS-UHFFFAOYSA-F
DB13236	oh1	Stibophen	ZDDUXABBRATYFS-UHFFFAOYSA-F
DB13250	cl	Methylmethionine chloride	MYGVPKMVGSXPCQ-JEDNCBNOSA-N
DB13257	fe2	Ferrous sulfate anhydrous	BAUYGSIQEAFULO-UHFFFAOYSA-L
DB13257	so4	Ferrous sulfate anhydrous	BAUYGSIQEAFULO-UHFFFAOYSA-L
DB13261	h2o	Sitafloxacin	MPORYQCGWFQFLA-ONPDANIMSA-N
DB13261	oh1	Sitafloxacin	MPORYQCGWFQFLA-ONPDANIMSA-N
DB13280	acac	Aluminium acetoacetate	DEVXQDKRGJCZMV-UHFFFAOYSA-K
DB13322	h2o	Hydrotalcite	BEBILBPAQKONJS-UHFFFAOYSA-L
DB13322	hco3	Hydrotalcite	BEBILBPAQKONJS-UHFFFAOYSA-L
DB13322	oh1	Hydrotalcite	BEBILBPAQKONJS-UHFFFAOYSA-L
DB13326	cl	Euflavine	KKAJSJJFBSOMGS-UHFFFAOYSA-N
DB13344	cl	Mercuric amidochloride	WRWRKDRWMURIBI-UHFFFAOYSA-M
DB13366	cl	Hydrochloric acid	VEXZGXHMUGYJMC-UHFFFAOYSA-N
DB13379	hco3	Chiniofon	FNXKBSAUKFCXIK-UHFFFAOYSA-M
DB13379	na1	Chiniofon	FNXKBSAUKFCXIK-UHFFFAOYSA-M
DB13381	fe3	Sodium feredetate	MKWYFZFMAMBPQK-UHFFFAOYSA-J
DB13381	na1	Sodium feredetate	MKWYFZFMAMBPQK-UHFFFAOYSA-J
DB13387	fe3	Hematin	BMUDPLZKKRQECS-HXFTUNQESA-K
DB13387	h2o	Hematin	BMUDPLZKKRQECS-HXFTUNQESA-K
DB13387	oh1	Hematin	BMUDPLZKKRQECS-HXFTUNQESA-K
DB13387	pheme	Hematin	BMUDPLZKKRQECS-HXFTUNQESA-K
DB13392	h2o	Mercurochrome	SQFDQLBYJKFDDO-UHFFFAOYSA-K
DB13392	na1	Mercurochrome	SQFDQLBYJKFDDO-UHFFFAOYSA-K
DB13392	oh1	Mercurochrome	SQFDQLBYJKFDDO-UHFFFAOYSA-K
DB13404	na1	Edetate sodium	UEUXEKPTXMALOB-UHFFFAOYSA-J
DB13423	fe3	Ferric hydroxide	MSNWSDPPULHLDL-UHFFFAOYSA-K
DB13423	h2o	Ferric hydroxide	MSNWSDPPULHLDL-UHFFFAOYSA-K
DB13423	oh1	Ferric hydroxide	MSNWSDPPULHLDL-UHFFFAOYSA-K
DB13519	oxa	Cerium oxalate	ZMZNLKYXLARXFY-UHFFFAOYSA-H
DB13569	cl	Ferrous chloride	NMCUIPGRVMDVDB-UHFFFAOYSA-L
DB13569	fe2	Ferrous chloride	NMCUIPGRVMDVDB-UHFFFAOYSA-L
DB13576	nac	Aluminium nicotinate	NSFYKDVWNTWJOK-UHFFFAOYSA-K
DB13582	cit	Ferric (59Fe) citrate	NPFOYSMITVOQOS-GJNDDOAHSA-K
DB13582	fe3	Ferric (59Fe) citrate	NPFOYSMITVOQOS-GJNDDOAHSA-K
DB13590	ca2	Calcium pangamate	JWLAOERSRUNGEF-JQVJEGKNSA-L
DB13595	h2o	Almasilate	XFKLULFTFNRQOX-UHFFFAOYSA-N
DB13595	oh1	Almasilate	XFKLULFTFNRQOX-UHFFFAOYSA-N
DB13612	ca2	Carbaspirin calcium	VYMUGTALCSPLDM-UHFFFAOYSA-L
DB13612	urea	Carbaspirin calcium	VYMUGTALCSPLDM-UHFFFAOYSA-L
DB13615	h2o	Mifamurtide	NGIYLSFJGRLEMI-MHTUOZSYSA-M
DB13615	na1	Mifamurtide	NGIYLSFJGRLEMI-MHTUOZSYSA-M
DB13615	oh1	Mifamurtide	NGIYLSFJGRLEMI-MHTUOZSYSA-M
DB13620	glcn	Potassium gluconate	HLCFGWHYROZGBI-JJKGCWMISA-M
DB13620	guln	Potassium gluconate	HLCFGWHYROZGBI-JJKGCWMISA-M
DB13620	k	Potassium gluconate	HLCFGWHYROZGBI-JJKGCWMISA-M
DB13626	gly	Aluminium glycinate	UTUUIUQHGDRVPU-UHFFFAOYSA-K
DB13626	h2o	Aluminium glycinate	UTUUIUQHGDRVPU-UHFFFAOYSA-K
DB13626	oh1	Aluminium glycinate	UTUUIUQHGDRVPU-UHFFFAOYSA-K
DB13639	fe2	Ferrous tartrate	OHZCFWMJMWFNFP-ZVGUSBNCSA-L
DB13650	glcn	Aloglutamol	GJJYZOBRHIMORS-GQOAHPRESA-K
DB13650	guln	Aloglutamol	GJJYZOBRHIMORS-GQOAHPRESA-K
DB13650	h2o	Aloglutamol	GJJYZOBRHIMORS-GQOAHPRESA-K
DB13650	oh1	Aloglutamol	GJJYZOBRHIMORS-GQOAHPRESA-K
DB13654	h2o	Montmorillonite	GUJOJGAPFQRJSV-UHFFFAOYSA-N
DB13654	oh1	Montmorillonite	GUJOJGAPFQRJSV-UHFFFAOYSA-N
DB13666	i	Tiemonium iodide	IOFXEUZPIIUQAG-UHFFFAOYSA-M
DB13698	fe2	Ferrous carbonate	RAQDACVRFCEPDA-UHFFFAOYSA-L
DB13698	hco3	Ferrous carbonate	RAQDACVRFCEPDA-UHFFFAOYSA-L
DB13702	i	Tibezonium iodide	YTSPICCNZMNDQT-UHFFFAOYSA-M
DB13705	cl	Decamethoxine	LRQIWRXCHWNNEA-MWZFJMJKSA-L
DB13706	na1	Eosin	SEACYXSIPDVVMV-UHFFFAOYSA-L
DB13707	na1	Sodium tartrate	HELHAJAZNSDZJO-OLXYHTOASA-L
DB13732	h2o	Meglumine antimoniate	XOGYVDXPYVPAAQ-SESJOKTNSA-M
DB13732	oh1	Meglumine antimoniate	XOGYVDXPYVPAAQ-SESJOKTNSA-M
DB13743	HC01501	Sodium aurotiosulfate	KZNBHWLDPGWJMM-UHFFFAOYSA-J
DB13743	h2o	Sodium aurotiosulfate	KZNBHWLDPGWJMM-UHFFFAOYSA-J
DB13743	na1	Sodium aurotiosulfate	KZNBHWLDPGWJMM-UHFFFAOYSA-J
DB13743	oh1	Sodium aurotiosulfate	KZNBHWLDPGWJMM-UHFFFAOYSA-J
DB13743	tsul	Sodium aurotiosulfate	KZNBHWLDPGWJMM-UHFFFAOYSA-J
DB13748	arg_D	Tidiacic arginine	LUCWYYXUZVULSK-WCCKRBBISA-N
DB13748	arg_L	Tidiacic arginine	LUCWYYXUZVULSK-WCCKRBBISA-N
DB13749	glcn	Magnesium gluconate	HJWFTNWQKDPLAS-SYAJEJNSSA-L
DB13749	guln	Magnesium gluconate	HJWFTNWQKDPLAS-SYAJEJNSSA-L
DB13749	h2o	Magnesium gluconate	HJWFTNWQKDPLAS-SYAJEJNSSA-L
DB13749	oh1	Magnesium gluconate	HJWFTNWQKDPLAS-SYAJEJNSSA-L
DB13763	na1	Aurotioprol	KBWWFTIQBJUOQR-UHFFFAOYSA-L
DB13765	cl	Mercuric chloride	LWJROJCJINYWOX-UHFFFAOYSA-L
DB13769	i	Emetonium iodide	HKOZYKMXXBHEHT-UHFFFAOYSA-M
DB13771	fe3	Ferric sodium citrate	XJDIIQYURGDWCL-UHFFFAOYSA-K
DB13771	na1	Ferric sodium citrate	XJDIIQYURGDWCL-UHFFFAOYSA-K
DB13780	h2o	Aluminium clofibrate	USWVMPGQVYZHCA-UHFFFAOYSA-K
DB13780	oh1	Aluminium clofibrate	USWVMPGQVYZHCA-UHFFFAOYSA-K
DB13786	orot	Magnesium orotate	QWLHYYKDLOVBNV-UHFFFAOYSA-L
DB13789	ac	Aluminium acetotartrate	KQVRYPWCDUCYPZ-OLXYHTOASA-K
DB13800	ca2	Calcium levulinate	APKDPOQXVKRLEP-UHFFFAOYSA-L
DB13818	h2o	Bibrocathol	VTAVFIZOZUAKKE-UHFFFAOYSA-K
DB13818	oh1	Bibrocathol	VTAVFIZOZUAKKE-UHFFFAOYSA-K
DB13829	ca2	Calcium silicate	LECAAGVQUHQAJK-UHFFFAOYSA-N
DB13831	k	Potassium permanganate	VZJVWSHVAAUDKD-UHFFFAOYSA-N
DB13834	h2o	Phenylmercuric borate	OASPSZUQLPQSSC-UHFFFAOYSA-M
DB13834	oh1	Phenylmercuric borate	OASPSZUQLPQSSC-UHFFFAOYSA-M
DB13854	lnlncg	Gamolenic acid	VZCCETWTMQHEPK-QNEBEIHSSA-N
DB13862	pi	Magnesium phosphate	GVALZJMUIHGIMD-UHFFFAOYSA-H
DB13909	h2o	Bismuth subgallate	JAONZGLTYYUPCT-UHFFFAOYSA-K
DB13909	oh1	Bismuth subgallate	JAONZGLTYYUPCT-UHFFFAOYSA-K
DB13911	na1	Phloxine B	GVKCHTBDSMQENH-UHFFFAOYSA-L
DB13949	fe3	Ferric cation	VTLYFUHAOXGGBS-UHFFFAOYSA-N
DB13962	ca2	Calcium saccharate	UGZVNIRNPPEDHM-SBBOJQDXSA-L
DB13962	glcr	Calcium saccharate	UGZVNIRNPPEDHM-SBBOJQDXSA-L
DB13969	cl	Quaternium-24	SCXCDVTWABNWLW-UHFFFAOYSA-M
DB13972	met_L	Racemethionine	FFEARJCKVFRZRR-UHFFFAOYSA-N
DB13977	hco3	Potassium carbonate	BWHMMNNQKKPAPP-UHFFFAOYSA-L
DB13977	k	Potassium carbonate	BWHMMNNQKKPAPP-UHFFFAOYSA-L
DB13987	cl	Strontium chloride	AHBGXTDRMVNFER-UHFFFAOYSA-L
DB13995	cit	Ferric pyrophosphate citrate	SXAWSYZURCZSDX-UHFFFAOYSA-B
DB13995	fe3	Ferric pyrophosphate citrate	SXAWSYZURCZSDX-UHFFFAOYSA-B
DB13995	ppi	Ferric pyrophosphate citrate	SXAWSYZURCZSDX-UHFFFAOYSA-B
DB13996	ac	Magnesium acetate	UEGPKNKPLBYCNK-UHFFFAOYSA-L
DB14006	chol	Choline salicylate	UDKCHVLMFQVBAA-UHFFFAOYSA-M
DB14015	na1	Sodium bisulfite	DWAQJAXMDSEUJJ-UHFFFAOYSA-M
DB14015	so3	Sodium bisulfite	DWAQJAXMDSEUJJ-UHFFFAOYSA-M
DB14028	C07486	Nordazepam	AKPLHCDWDRPJGD-UHFFFAOYSA-N
DB14048	na1	Sodium zirconium cyclosilicate	ARVUQMBOTBOHPL-UHFFFAOYSA-N
DB14073	CE2510	Gondoic acid	BITHHVVYSMSWAG-KTKRTIGZSA-N
DB14077	ocdca	Magnesium stearate	HQKMJHAJHXVSDF-UHFFFAOYSA-L
DB14080	CE1310	Acetylcysteine magnesium	CDIFCTOKYOUYOT-SCGRZTRASA-L
DB14088	dcsptn1	Osbond acid	AVKOENOBFIYBSA-WMPRHZDHSA-N
DB14093	tststerone	(1,2,6,7-3H)Testosterone	MUMGGOZAMZWBJJ-JQSYSRDDSA-N
DB14094	CE5022	Tocopherylquinone	LTVDFSLWFKLJDQ-IEOSBIPESA-N
DB14098	cbl2	Cobalamin	ASARMUCNOOHMLO-WLORSUFZSA-L
DB14104	lneldc	Linoleic acid	OYHQOLUKZRVURQ-HZJYTTRNSA-N
DB14104	lnlc	Linoleic acid	OYHQOLUKZRVURQ-HZJYTTRNSA-N
DB14105	na1	Sodium 1,2-Dipalmitoyl-sn-glycero-3-phospho-(1'-rac-glycerol)	LDWIWSHBGAIIMV-ODZMYOIVSA-M
DB14116	h2o	Silodrate	JAUGGEIKQIHSMF-UHFFFAOYSA-N
DB14116	oh1	Silodrate	JAUGGEIKQIHSMF-UHFFFAOYSA-N
DB14128	nad	Nadide	BAWFJGJZGIEFAR-NNYOXOHSSA-N
DB14135	CE4633	Hypochlorous acid	QWPPOHNGKGFGJK-UHFFFAOYSA-N
DB14138	h2o	Silicic acid	LRCFXGAMWKDGLA-UHFFFAOYSA-N
DB14138	oh1	Silicic acid	LRCFXGAMWKDGLA-UHFFFAOYSA-N
DB14149	k	Glyceryl stearate SE	JOMMDNSKWDWPIA-YJTCMNCISA-L
DB14149	na1	Glyceryl stearate SE	JOMMDNSKWDWPIA-YJTCMNCISA-L
DB14149	ocdca	Glyceryl stearate SE	JOMMDNSKWDWPIA-YJTCMNCISA-L
DB14180	so4	Nickel sulfate	LGQLOGILCSXPEA-UHFFFAOYSA-L
DB14193	HC02172	Ditiocarb Zinc	NRKWVSAGIOWUJK-UHFFFAOYSA-P
DB14194	HC02172	Zinc Dibutyldithiocarbamate	UFBKSWVHJMDCMH-UHFFFAOYSA-P
DB14198	cl	Quaternium-15	MBDLLRKXDWJOGN-TYYBGVCCSA-N
DB14206	cl	Cobalt chloride	GVPFVAHMJGGAJG-UHFFFAOYSA-L
DB14475	lac_D	L-Lactic acid	JVTAAEKCZFNVCJ-REOHCLBHSA-N
DB14475	lac_L	L-Lactic acid	JVTAAEKCZFNVCJ-REOHCLBHSA-N
DB14476	avite1	DL-alpha-Tocopherol	GVJHHUAWPYXKBD-UHFFFAOYSA-N
DB14479	CE1310	Acetylcysteine zinc	KNVKDNCWDNRTOE-SCGRZTRASA-L
DB14479	HC02172	Acetylcysteine zinc	KNVKDNCWDNRTOE-SCGRZTRASA-L
DB14481	ca2	Calcium phosphate dihydrate	XAAHAAMILDNBPS-UHFFFAOYSA-L
DB14481	h2o	Calcium phosphate dihydrate	XAAHAAMILDNBPS-UHFFFAOYSA-L
DB14481	oh1	Calcium phosphate dihydrate	XAAHAAMILDNBPS-UHFFFAOYSA-L
DB14481	pi	Calcium phosphate dihydrate	XAAHAAMILDNBPS-UHFFFAOYSA-L
DB14482	ascb_L	Sodium ascorbate	PPASLZSBLFJQEF-RXSVEWSESA-M
DB14482	na1	Sodium ascorbate	PPASLZSBLFJQEF-RXSVEWSESA-M
DB14483	ascb_L	Calcium ascorbate	BLORRZQTHNGFTI-ZZMNMWMASA-L
DB14483	ca2	Calcium ascorbate	BLORRZQTHNGFTI-ZZMNMWMASA-L
DB14484	ascb_L	Magnesium ascorbate	AIOKQVJVNPDJKA-ZZMNMWMASA-L
DB14485	HC02172	Zinc ascorbate	WWRJFSIRMWUMAE-ZZMNMWMASA-L
DB14485	ascb_L	Zinc ascorbate	WWRJFSIRMWUMAE-ZZMNMWMASA-L
DB14486	ascb_L	Niacinamide ascorbate	JMORAWFVNMGOKQ-MGMRMFRLSA-N
DB14486	ncam	Niacinamide ascorbate	JMORAWFVNMGOKQ-MGMRMFRLSA-N
DB14487	HC02172	Zinc acetate	DJWUNCQRNNEAKC-UHFFFAOYSA-L
DB14487	ac	Zinc acetate	DJWUNCQRNNEAKC-UHFFFAOYSA-L
DB14488	fe2	Ferrous gluconate	VRIVJOXICYMTAG-IYEMJOQQSA-L
DB14488	glcn	Ferrous gluconate	VRIVJOXICYMTAG-IYEMJOQQSA-L
DB14488	guln	Ferrous gluconate	VRIVJOXICYMTAG-IYEMJOQQSA-L
DB14489	fe2	Ferrous succinate	MDXRFOWKIZPNTA-UHFFFAOYSA-L
DB14489	succ	Ferrous succinate	MDXRFOWKIZPNTA-UHFFFAOYSA-L
DB14490	ascb_L	Ferrous ascorbate	RFBYLSCVRUTUSB-ZZMNMWMASA-L
DB14490	fe2	Ferrous ascorbate	RFBYLSCVRUTUSB-ZZMNMWMASA-L
DB14491	fe2	Ferrous fumarate	PMVSDNDAUGGCCE-TYYBGVCCSA-L
DB14491	fum	Ferrous fumarate	PMVSDNDAUGGCCE-TYYBGVCCSA-L
DB14492	k	Potassium triiodide	DKNPRRRKHAEUMW-UHFFFAOYSA-N
DB14493	HC02172	Zinc glycinate	UOXSXMSTSYWNMH-UHFFFAOYSA-L
DB14493	gly	Zinc glycinate	UOXSXMSTSYWNMH-UHFFFAOYSA-L
DB14494	HC02172	Zinc carbonate	UOURRHZRLGCVDA-UHFFFAOYSA-D
DB14494	h2o	Zinc carbonate	UOURRHZRLGCVDA-UHFFFAOYSA-D
DB14494	hco3	Zinc carbonate	UOURRHZRLGCVDA-UHFFFAOYSA-D
DB14494	oh1	Zinc carbonate	UOURRHZRLGCVDA-UHFFFAOYSA-D
DB14495	cit	Manganese citrate	OAVRWNUUOUXDFH-UHFFFAOYSA-H
DB14496	na1	Sodium molybdate	TVXXNOYZHKPKGW-UHFFFAOYSA-N
DB14497	ca2	Calcium magnesium potassium carbonate chloride hydroxide	RUGQTQJQCSDUFS-UHFFFAOYSA-H
DB14497	cl	Calcium magnesium potassium carbonate chloride hydroxide	RUGQTQJQCSDUFS-UHFFFAOYSA-H
DB14497	h2o	Calcium magnesium potassium carbonate chloride hydroxide	RUGQTQJQCSDUFS-UHFFFAOYSA-H
DB14497	hco3	Calcium magnesium potassium carbonate chloride hydroxide	RUGQTQJQCSDUFS-UHFFFAOYSA-H
DB14497	oh1	Calcium magnesium potassium carbonate chloride hydroxide	RUGQTQJQCSDUFS-UHFFFAOYSA-H
DB14498	ac	Potassium acetate	SCVFZCLFOSHCOH-UHFFFAOYSA-M
DB14498	k	Potassium acetate	SCVFZCLFOSHCOH-UHFFFAOYSA-M
DB14499	k	Potassium sulfate	OTYBMLCTZGSZBG-UHFFFAOYSA-L
DB14499	so4	Potassium sulfate	OTYBMLCTZGSZBG-UHFFFAOYSA-L
DB14501	fe2	Ferrous glycine sulfate	YJYOLOWXCPIBSY-UHFFFAOYSA-L
DB14501	gly	Ferrous glycine sulfate	YJYOLOWXCPIBSY-UHFFFAOYSA-L
DB14501	so4	Ferrous glycine sulfate	YJYOLOWXCPIBSY-UHFFFAOYSA-L
DB14502	na1	Sodium phosphate, dibasic	BNIILDVGGAEEIG-UHFFFAOYSA-L
DB14502	pi	Sodium phosphate, dibasic	BNIILDVGGAEEIG-UHFFFAOYSA-L
DB14505	na1	Sodium borate	UQGFMSUEHSUPRD-UHFFFAOYSA-N
DB14506	h2o	Lithium hydroxide	WMFOQBRAJBCJND-UHFFFAOYSA-M
DB14506	oh1	Lithium hydroxide	WMFOQBRAJBCJND-UHFFFAOYSA-M
DB14507	cit	Lithium citrate	WJSIUCDMWSDDCE-UHFFFAOYSA-K
DB14508	succ	Lithium succinate	WAHQBNXSPALNEA-UHFFFAOYSA-L
DB14509	hco3	Lithium carbonate	XGZVUEUWXADBQD-UHFFFAOYSA-L
DB14510	fe2	Ferrous cation	CWYNVVGOOAEACU-UHFFFAOYSA-N
DB14511	ac	Acetate	QTBSBXVTEAMEQO-UHFFFAOYSA-M
DB14515	lac_D	Magnesium lactate	VCCUEOJOYXPBRA-UHFFFAOYSA-L
DB14515	lac_L	Magnesium lactate	VCCUEOJOYXPBRA-UHFFFAOYSA-L
DB14516	na1	Sodium cation	FKNQFGJONOIPTF-UHFFFAOYSA-N
DB14517	pi	Aluminium phosphate	ILRRQNADMUWWFW-UHFFFAOYSA-K
DB14518	ac	Aluminum acetate	WCOATMADISNSBV-UHFFFAOYSA-K
DB14520	fe3	Tetraferric tricitrate decahydrate	UISKQNNAQKPSDO-UHFFFAOYSA-E
DB14520	h2o	Tetraferric tricitrate decahydrate	UISKQNNAQKPSDO-UHFFFAOYSA-E
DB14520	oh1	Tetraferric tricitrate decahydrate	UISKQNNAQKPSDO-UHFFFAOYSA-E
DB14522	h2o	Hydroxide ion	XLYOFNOQVPJJNP-UHFFFAOYSA-M
DB14522	oh1	Hydroxide ion	XLYOFNOQVPJJNP-UHFFFAOYSA-M
DB14523	pi	Phosphate ion	NBIIXXVUZAFLBC-UHFFFAOYSA-K
DB14526	cit	Chromic citrate	SWXXYWDHQDTFSU-UHFFFAOYSA-K
DB14528	glcn	Chromium gluconate	ANPGUZATXCGJJH-OPDGVEILSA-K
DB14528	guln	Chromium gluconate	ANPGUZATXCGJJH-OPDGVEILSA-K
DB14529	nac	Chromium nicotinate	MSPQQAUTCRWLGR-UHFFFAOYSA-K
DB14530	so4	Chromous sulfate	RYPRIXSYXLDSOA-UHFFFAOYSA-L
DB14531	hco3	Carbonate ion	BVKZGUZCCUSVTD-UHFFFAOYSA-L
DB14532	HC02172	Zinc cation	PTFCDOFLOPIGGS-UHFFFAOYSA-N
DB14533	HC02172	Zinc chloride	JIAARYAFYJHUJI-UHFFFAOYSA-L
DB14533	cl	Zinc chloride	JIAARYAFYJHUJI-UHFFFAOYSA-L
DB14546	so4	Sulfate ion	QAOWNCQODCNURD-UHFFFAOYSA-L
DB14547	cl	Chloride ion	VEXZGXHMUGYJMC-UHFFFAOYSA-M
DB14550	cl	Gallium chloride Ga-67	UPWPDUACHOATKO-MPZFSRPWSA-K
DB14570	17ahprgstrn	Hydroxyprogesterone	DBPWSSGDRRHUNT-CEGNMAFCSA-N
DB14573	pi	Phosphate ion P-32	NBIIXXVUZAFLBC-HOSYLAQJSA-K
DB14577	ca2	Calcium cation	BHPQYMZQTOCNFJ-UHFFFAOYSA-N
DB14598	ca2	Edetate calcium disodium anhydrous	SHWNNYZBHZIQQV-UHFFFAOYSA-J
DB14598	na1	Edetate calcium disodium anhydrous	SHWNNYZBHZIQQV-UHFFFAOYSA-J
DB14599	na1	Edetate copper disodium	KCFCAUKZKOSSBI-UHFFFAOYSA-J
DB14600	na1	Edetate disodium anhydrous	ZGTMUACCHSMWAC-UHFFFAOYSA-L
DB14622	h2o	Sodium phosphate tribasic dodecahydrate	ASTWEMOBIXQPPV-UHFFFAOYSA-K
DB14622	na1	Sodium phosphate tribasic dodecahydrate	ASTWEMOBIXQPPV-UHFFFAOYSA-K
DB14622	oh1	Sodium phosphate tribasic dodecahydrate	ASTWEMOBIXQPPV-UHFFFAOYSA-K
DB14622	pi	Sodium phosphate tribasic dodecahydrate	ASTWEMOBIXQPPV-UHFFFAOYSA-K
DB14630	tymsf	Tyramine O-sulfate	DYDUXGMDSXJQFT-UHFFFAOYSA-N
DB14681	cortsn	Cortisone	MFYSYFVPBJMHGN-ZPOLXVRWSA-N
DB14695	fe3	Ferric oxyhydroxide	IEECXTSVVFWGSE-UHFFFAOYSA-M
DB14695	h2o	Ferric oxyhydroxide	IEECXTSVVFWGSE-UHFFFAOYSA-M
DB14695	oh1	Ferric oxyhydroxide	IEECXTSVVFWGSE-UHFFFAOYSA-M
DB14704	abt	Ribitol	HEBKCHPVOIAQTA-ZXFHETKHSA-N
DB14704	rbt	Ribitol	HEBKCHPVOIAQTA-ZXFHETKHSA-N
DB14704	xylt	Ribitol	HEBKCHPVOIAQTA-ZXFHETKHSA-N
DB14933	rnam	Nicotinamide riboside	JLEBZPBDRKPWTD-TURQNECASA-O
DB14981	minohp	Fytic acid	IMQLKJBTEOYOSI-GPIVLXJGSA-N
DB14981	ppmi1346p	Fytic acid	IMQLKJBTEOYOSI-GPIVLXJGSA-N
DB15073	xyl_D	Ribose	PYMYPHUHKUWMLA-LMVFSUKVSA-N
DB15111	ac	Acetic acid C-11	QTBSBXVTEAMEQO-JVVVGQRLSA-N
DB15289	perillyl	Perillyl alcohol	NDTYTMIUWGWIMO-SNVBAGLBSA-N
DB15344	CE2028	beta-Hydroxyisovaleric acid	AXFYFNCPONWUHW-UHFFFAOYSA-N
DB15350	inost	D-chiro-Inositol	CDAISMWEOUEBRE-SHFUYGGZSA-N
DB15394	yvite	gamma-Tocopherol	QUEDXNHFTDJVIY-DQCZWYHMSA-N
DB15479	cl	Zirconium chloride hydroxide	BLKLTTCUAPDQEG-UHFFFAOYSA-L
DB15479	h2o	Zirconium chloride hydroxide	BLKLTTCUAPDQEG-UHFFFAOYSA-L
DB15479	oh1	Zirconium chloride hydroxide	BLKLTTCUAPDQEG-UHFFFAOYSA-L
DB15533	ca2	Calcium sulfate	OSGAYBCDTDRGGQ-UHFFFAOYSA-L
DB15533	so4	Calcium sulfate	OSGAYBCDTDRGGQ-UHFFFAOYSA-L
DB15535	cl	Cuprous chloride	OXBLHERUFWYNTN-UHFFFAOYSA-M
DB15536	cl	Ferric chloride	RBTARNINKXHZNM-UHFFFAOYSA-K
DB15536	fe3	Ferric chloride	RBTARNINKXHZNM-UHFFFAOYSA-K
DB15555	mal_L	Magnesium malate	JFQQIWNDAXACSR-UHFFFAOYSA-L
DB15556	HC02172	Zinc glycinate citrate	AORYXJPNCRHPND-UHFFFAOYSA-L
DB15556	cit	Zinc glycinate citrate	AORYXJPNCRHPND-UHFFFAOYSA-L
DB15556	gly	Zinc glycinate citrate	AORYXJPNCRHPND-UHFFFAOYSA-L
DB15573	appnn	alpha-Pinene	GRWFGVWFFZKLTI-UHFFFAOYSA-N
DB15587	h2o	Antimony potassium tartrate	WBTCZEPSIIFINA-MSFWTACDSA-J
DB15587	k	Antimony potassium tartrate	WBTCZEPSIIFINA-MSFWTACDSA-J
DB15587	oh1	Antimony potassium tartrate	WBTCZEPSIIFINA-MSFWTACDSA-J
DB15594	na1	Brilliant blue G	RWVGQQGBQSJDQV-UHFFFAOYSA-M
DB15598	fe3	Ferric maltol	AHPWLYJHTFAWKI-UHFFFAOYSA-K
