drugbank_id	selleck_id	inchi_key
DB00080	Daptomycin	DOAKLVKFURWEDJ-RWDRXURGSA-N
DB00091	Cyclosporin-A(Cyclosporine-A)	PMATZTZNYRCHOR-CGLBZJNRSA-N
DB00091	Cyclosporine	PMATZTZNYRCHOR-CGLBZJNRSA-N
DB00115	Vitamin-B12	RMRCNWBMXRMIRW-WZHZPDAFSA-L
DB00121	biotin-vitamin-b7	YBJHBAHKTGYVGT-ZKWXMUAHSA-N
DB00126	vitamin-c-ascorbic-acid	CIWBSHSKHKDKBQ-JLAZNSOCSA-N
DB00130	D-glutamine	ZDXPYRJPNDTMRX-VKHMYHEASA-N
DB00130	Glutamine	ZDXPYRJPNDTMRX-VKHMYHEASA-N
DB00136	Calcitriol-(Rocaltrol)	GMRQFYUYWCNGIN-NKMMMXOESA-N
DB00140	Riboflavin-Vitamin-B2	AUNGANRZJHBGPY-SCRDCRAPSA-N
DB00146	Calcifediol	JWUBBDSIWDLEOM-DTOXIADCSA-N
DB00153	vitamin-d2-ergocalciferol	MECHNRXZTMCUDQ-RKHKHRCZSA-N
DB00168	aspartame	IAOZJIPTCAWIRG-QWRGUYRKSA-N
DB00169	vitamin-d3-cholecalciferol	QYSXJUFSXHHAJI-YRZJJWOYSA-N
DB00170	Menadione	MJVAVZPDRWSRRC-UHFFFAOYSA-N
DB00173	adenine	GFFGJBXGBJISGV-UHFFFAOYSA-N
DB00175	pravastatin-pravachol	TUZYXOIXSAXUGO-PZAWKZKUSA-N
DB00176	Fluvoxamine-maleate	CJOFXWAVKWHTFT-XSFVSMFZSA-N
DB00177	Valsartan(Diovan)	ACWBQPMHZXGDFX-QFIPXVFZSA-N
DB00178	Ramipril(Altace)	HDACQVRGBOVJII-JBDAPHQKSA-N
DB00181	r-baclofen	KPYSYYIEGFHWSV-UHFFFAOYSA-N
DB00188	Bortezomib	GXJABQQUPOEUTA-RDJZCZTQSA-N
DB00190	Carbidopa	TZFNLOMSOLWIDK-JTQLQIEISA-N
DB00194	Adenosine(Adenocard)	OIRDTQYFTABQOQ-UHTZMRCNSA-N
DB00194	Vidarabine(Vira-A)	OIRDTQYFTABQOQ-UHTZMRCNSA-N
DB00195	betaxolol-betoptic	NWIUTZDMDHAVTP-UHFFFAOYSA-N
DB00195	betaxolol-hydrochloride-betoptic	NWIUTZDMDHAVTP-UHFFFAOYSA-N
DB00196	Fluconazole	RFHAOTPXVQNOHP-UHFFFAOYSA-N
DB00198	oseltamivir-phosphate-Tamiflu	VSZGPKBBMSAYNT-RRFJBIMHSA-N
DB00199	Erythromycin(E-Mycin)	ULGZDMOVFRHVEP-RWJQBGPGSA-N
DB00202	succinylcholine-suxamethonium-chloride-dihydrate	AXOIZCJOOAYSMI-UHFFFAOYSA-N
DB00203	Sildenafil-citrate	BNRNXUUZRGQAQC-UHFFFAOYSA-N
DB00204	Dofetilide(Tikosyn)	IXTMWRCNAAVVAI-UHFFFAOYSA-N
DB00205	Pyrimethamine	WKSAUQYGYAYLPV-UHFFFAOYSA-N
DB00206	Reserpine	QEVHRUUCFGRFIF-MDEJGZGSSA-N
DB00207	azithromycin-zithromax	MQTOSJVFKKJCRP-BICOPXKESA-N
DB00208	ticlopidine-hydrochloride	PHWBOXQYWZNQIN-UHFFFAOYSA-N
DB00209	Trospium-chloride-Sanctura	OYYDSUSKLWTMMQ-JKHIJQBDSA-N
DB00210	Adapalene	LZCDAPDGXCYOEH-UHFFFAOYSA-N
DB00214	Torsemide(Demadex)	NGBFQHCMQULJNZ-UHFFFAOYSA-N
DB00215	escitalopram-oxalate	WSEQXVZVJXJVFP-UHFFFAOYSA-N
DB00216	eletriptan-hydrobromide	PWVXXGRKLHYWKM-LJQANCHMSA-N
DB00218	Moxifloxacin	FABPRXSRWADJSP-MEDUHNTESA-N
DB00222	Glimepiride	WIGIZIANZCJQQY-RUCARUNLSA-N
DB00224	Indinavir	CBVCZFGXHXORBI-PXQQMZJSSA-N
DB00225	Gadodiamide(Omniscan)	HZHFFEYYPYZMNU-UHFFFAOYSA-K
DB00227	lovastatin-mevacor	PCZOHLXUXFIOCF-BXMDZJJMSA-N
DB00232	methyclothiazide	CESYKOGBSMNBPD-UHFFFAOYSA-N
DB00234	reboxetine-mesylate	CBQGYUDMJHNJBX-RTBURBONSA-N
DB00235	Milrinone(Primacor)	PZRHRDRVRGEVNW-UHFFFAOYSA-N
DB00238	Nevirapine(Viramune)	NQDJXKOVJZTUJA-UHFFFAOYSA-N
DB00242	Cladribine	PTOAARAWEBMLNO-KVQBGUIXSA-N
DB00243	Ranolazine(Ranexa)	XKLMZUWKNUAPSZ-UHFFFAOYSA-N
DB00243	Ranolazine-dihydrochloride	XKLMZUWKNUAPSZ-UHFFFAOYSA-N
DB00244	Mesalamine(Lialda)	KBOPZPXVLCULAV-UHFFFAOYSA-N
DB00245	benztropine-mesylate	GIJXKZJWITVLHI-PMOLBWCYSA-N
DB00246	Ziprasidone-hydrochloride	MVWVFYHBGMAFLY-UHFFFAOYSA-N
DB00249	idoxuridine	XQFRJNBWHJMXHO-RRKCRQDMSA-N
DB00252	Phenytoin-Lepitoin	CXOFVDLJLONNDW-UHFFFAOYSA-N
DB00252	Phenytoin-sodium-Dilantin	CXOFVDLJLONNDW-UHFFFAOYSA-N
DB00254	doxycycline-hcl	JBIWCJUYHHGXTC-AKNGSSGZSA-N
DB00255	Diethylstilbestrol(Stilbestrol)	RGLYKWWBQGJZGM-ISLYRVAYSA-N
DB00257	Clotrimazole(Canesten)	VNFPBHJOKIVQEB-UHFFFAOYSA-N
DB00259	Sulfanilamide	FDDDEECHVMSUSB-UHFFFAOYSA-N
DB00260	D-Cycloserine	DYDCUQKUCUHJBH-UWTATZPHSA-N
DB00261	anagrelide-hydrochloride	OTBXOEAOVRKTNQ-UHFFFAOYSA-N
DB00263	Sulfisoxazole	NHUHCSRWZMLRLA-UHFFFAOYSA-N
DB00264	metoprolol-tartrate	IUBSYMUCCVWXPE-UHFFFAOYSA-N
DB00268	ropinirole-hydrochloride	UHSKFQJFRQCDBE-UHFFFAOYSA-N
DB00270	Isradipine(Dynacirc)	HMJIYCCIJYRONP-UHFFFAOYSA-N
DB00273	Topiramate	KJADKKWYZYXHBB-XBWDGYHZSA-N
DB00278	argatroban	KXNPVXPOPUZYGB-IOVMHBDKSA-N
DB00281	Lidocaine	NNJVILVZKWQKPM-UHFFFAOYSA-N
DB00282	Pamidronate-Disodium	WRUUGTRCQOWXEG-UHFFFAOYSA-N
DB00282	pamidronic-acid	WRUUGTRCQOWXEG-UHFFFAOYSA-N
DB00283	Clemastine-Fumarate	YNNUSGIPVFPVBX-NHCUHLMSSA-N
DB00285	Venlafaxine-hydrochloride	PNVNVHUZROJLTJ-UHFFFAOYSA-N
DB00289	atomoxetine-hydrochloride	VHGCDTVCOLNTBX-QGZVFWFLSA-N
DB00290	Bleomycin-sulfate	OYVAGSVQBOHSSS-WXFSZRTFSA-O
DB00292	Etomidate	NPUKDXXFDDZOKR-LLVKDONJSA-N
DB00293	Raltitrexed	IVTVGDXNLFLDRM-HNNXBMFYSA-N
DB00296	ropivacaine-hcl	ZKMNUMMKYBVTFN-HNNXBMFYSA-N
DB00297	Bupivacaine-hydrochloride(Marcain)	LEBVLXFERQHONN-UHFFFAOYSA-N
DB00297	lvobupivacaine-hcl	LEBVLXFERQHONN-UHFFFAOYSA-N
DB00299	penciclovir	JNTOCHDNEULJHD-UHFFFAOYSA-N
DB00300	Tenofovir-Disoproxil-Fumarate	JFVZFKDSXNQEJW-CQSZACIVSA-N
DB00302	tranexamic-acid-transamin	GYDJEQRTZSCIOI-LJGSYFOKSA-N
DB00307	bexarotene	NAVMQTYZDKMPEU-UHFFFAOYSA-N
DB00308	ibutilide-fumarate	ALOBUEHUHMBRLE-UHFFFAOYSA-N
DB00310	chlorthalidone-chlortalidone	JIVPVXMEBJLZRO-UHFFFAOYSA-N
DB00315	Zolmitriptan(Zomig)	ULSDMUVEXKOYBU-ZDUSSCGKSA-N
DB00317	Gefitinib	XGALLCVXEZPNRQ-UHFFFAOYSA-N
DB00321	amitriptyline-hydrochloride	KRMDCWKBEZIMAB-UHFFFAOYSA-N
DB00322	Floxuridine	ODKNJVUHOIMIIZ-RRKCRQDMSA-N
DB00323	tolcapone	MIQPIUSUKVNLNT-UHFFFAOYSA-N
DB00328	Indomethacin(Indocid)	CGIGDMFJXJATDK-UHFFFAOYSA-N
DB00332	Ipratropium-bromide	OEXHQOGQTVQTAT-BHIXFJMTSA-N
DB00334	Olanzapine(Zyprexa)	KVWDHTXUZHCGIO-UHFFFAOYSA-N
DB00336	Nitrofurazone(ACTIN-N)	IAIWVQXQOWNYOU-FPYGCLRLSA-N
DB00337	Pimecrolimus	KASDHRXLYQOAKZ-XDSKOBMDSA-N
DB00338	Omeprazole	SUBDBMMJDZJVOS-UHFFFAOYSA-N
DB00339	Pyrazinamide(Pyrazinoic-acid-amide)	IPEHBUMCGVEMRF-UHFFFAOYSA-N
DB00341	Cetirizine-di-hcl	ZKLPARSLTMPFCP-UHFFFAOYSA-N
DB00343	Diltiazem-HCl(Tiazac)	HSUGRBWQSSZJOP-RTWAWAEBSA-N
DB00345	4-aminohippuric-acid	HSMNQINEKMPTIC-UHFFFAOYSA-N
DB00346	Alfuzosin-hydrochloride	WNMJYKCGWZFFKR-UHFFFAOYSA-N
DB00350	Minoxidil	ZFMITUMMTDLWHR-UHFFFAOYSA-N
DB00351	Megestrol-Acetate	RQZAXGRLVPAYTJ-GQFGMJRRSA-N
DB00352	Thioguanine	WYWHKKSPHMUBEB-UHFFFAOYSA-N
DB00354	buclizine-hcl	MOYGZHXDRJNJEP-UHFFFAOYSA-N
DB00355	Aztreonam(Azactam)	WZPBZJONDBGPKJ-VEHQQRBSSA-N
DB00356	chlorzoxazone	TZFWDZFKRBELIQ-UHFFFAOYSA-N
DB00357	Aminoglutethimide(Cytadren)	ROBVIMPUHSLWNV-UHFFFAOYSA-N
DB00359	Sulfadiazine	SEEPANYCNGTZFQ-UHFFFAOYSA-N
DB00361	vinorelbine-navelbine	GBABOYUKABKIAF-IELIFDKJSA-N
DB00363	Clozapine(Clozaril)	QZUDBNBUXVUHMW-UHFFFAOYSA-N
DB00367	Levonorgestrel(Levonelle)	WWYNJERNGUHSAO-XUDSTZEESA-N
DB00368	noradrenaline-bitartrate-monohydrate-levophed	SFLSHLFXELFNJZ-QMMMGPOBSA-N
DB00369	Cidofovir	VWFCHDSQECPREK-LURJTMIESA-N
DB00370	mirtazapine-remeron-avanza	RONZAEMNMFQXRA-UHFFFAOYSA-N
DB00373	timolol-maleate	BLJRIMJGRPQVNF-JTQLQIEISA-N
DB00377	palonosetron-hcl	CPZBLNMUGSZIPR-NVXWUHKLSA-N
DB00380	Dexrazoxane-Hydrochloride	BMKDZUISNHGIBY-ZETCQYMHSA-N
DB00381	Amlodipine(Norvasc)	HTIQEAQVCYTUBX-UHFFFAOYSA-N
DB00384	triamterene	FNYLWPVRPXGIIP-UHFFFAOYSA-N
DB00388	Phenylephrine-hydrochloride	SONNWYBIRXJNDC-VIFPVBQESA-N
DB00389	carbimazole	CFOYWRHIYXMDOT-UHFFFAOYSA-N
DB00391	levosulpiride-levogastrol	BGRJTUBHPOOWDU-UHFFFAOYSA-N
DB00393	Nimodipine(Nimotop)	UIAGMCDKSXEBJQ-UHFFFAOYSA-N
DB00394	beclomethasone-dipropionate	KUVIULQEHSCUHY-XYWKZLDCSA-N
DB00396	Progesterone(Prometrium)	RJKFOVLPORLFTN-LEKSSAKUSA-N
DB00398	Sorafenib-Tosylate	MLDQJTXFUGDVEO-UHFFFAOYSA-N
DB00399	Zoledronic-Acid	XRASPMIURGNCCH-UHFFFAOYSA-N
DB00400	griseofulvin	DDUHZTYCFQRHIY-RBHXEPJQSA-N
DB00405	brompheniramine	ZDIGNSYAACHWNL-HNNXBMFYSA-N
DB00406	Crystal-violet	LGLFFNDHMLKUMI-UHFFFAOYSA-N
DB00412	Rosiglitazone-Avandia	YASAKCUCGLMORW-UHFFFAOYSA-N
DB00412	Rosiglitazone-maleate	YASAKCUCGLMORW-UHFFFAOYSA-N
DB00412	rosiglitazone-hydrochloride	YASAKCUCGLMORW-UHFFFAOYSA-N
DB00413	Pramipexole-Mirapex	FASDKYOPVNHBLU-ZETCQYMHSA-N
DB00413	Pramipexole-dihydrochloride-monohydrate	FASDKYOPVNHBLU-ZETCQYMHSA-N
DB00415	ampicillin-sodium	AVKUERGKIZMTKX-NJBDSQKTSA-N
DB00415	ampicillin-trihydrate	AVKUERGKIZMTKX-NJBDSQKTSA-N
DB00421	spironolactone	LXMSZDCAJNLERA-ZHYRCANASA-N
DB00423	Methocarbamol(Robaxin)	GNXFOGHNGIVQEH-UHFFFAOYSA-N
DB00424	Atropine-sulfate-monohydrate	RKUNBYITZUJHSG-FXUDXRNXSA-N
DB00424	hyoscyamine-daturine	RKUNBYITZUJHSG-FXUDXRNXSA-N
DB00426	Famciclovir(Famvir)	GGXKWVWZWMLJEH-UHFFFAOYSA-N
DB00428	Streptozotocin	ZSJLQEPLLKMAKR-GKHCUFPYSA-N
DB00429	trometamol	UMMADZJLZAPZAW-OVXHCKHTSA-N
DB00432	Trifluridine(Viroptic)	VSQQQLOSPVPRAZ-RRKCRQDMSA-N
DB00434	cyproheptadine-hydrochloride-periactin	JJCFRYNCJDLXIK-UHFFFAOYSA-N
DB00437	Allopurinol(Zyloprim)	OFCNXPDARWKPPY-UHFFFAOYSA-N
DB00437	Allopurinol-Sodium(Aloprim)	OFCNXPDARWKPPY-UHFFFAOYSA-N
DB00440	trimethoprim	IEDVJHCEMCRBQM-UHFFFAOYSA-N
DB00441	Gemcitabine(Gemzar)	SDUQYLNIPVEERB-QPPQHZFASA-N
DB00442	Entecavir	QDGZDCVAUDNJFG-FXQIFTODSA-N
DB00443	Betamethasone-(Celestone)	UREBDLICKHMUKA-DVTGEIKXSA-N
DB00443	Dexamethasone	UREBDLICKHMUKA-DVTGEIKXSA-N
DB00444	Teniposide(Vumon)	NRUKOCRGYNPUPR-QBPJDGROSA-N
DB00446	Chloramphenicol(Chloromycetin)	WIIZWVCIJKGZOK-RKDXNWHRSA-N
DB00448	Lansoprazole	MJIHNNLFOKEZEW-UHFFFAOYSA-N
DB00448	dexlansoprazole	MJIHNNLFOKEZEW-UHFFFAOYSA-N
DB00451	l-thyroxine	XUIIKFGFIJCVMT-LBPRGKRZSA-N
DB00452	Neomycin-sulfate	PGBHMTALBVVCIT-VCIWKGPPSA-N
DB00455	Loratadine	JCCNYMKQOSZNPW-UHFFFAOYSA-N
DB00457	Prazosin-hydrochloride	IENZQIKPVFGBNW-UHFFFAOYSA-N
DB00459	Acitretin	IHUNBGSDBOWDMA-AQFIFDHZSA-N
DB00460	Verteporfin(Visudyne)	YTZALCGQUPRCGW-MXVXOLGGSA-N
DB00461	nabumetone	BLXXJMDCKKHMKV-UHFFFAOYSA-N
DB00462	Methscopolamine-bromide(Pamine)	CXYRUNPLKGGUJF-JIRGPDKYSA-M
DB00465	Ketorolac-Tromethamine(Toradol)	OZWKMVRBQXNZKK-UHFFFAOYSA-N
DB00467	Enoxacin(Penetrex)	IDYZIJYBMGIQMJ-UHFFFAOYSA-N
DB00469	Tenoxicam(Mobiflex)	LZNWYQJJBLGYLT-UHFFFAOYSA-N
DB00476	duloxetine-hcl-cymbalta	ZEUITGRIYCTCEM-KRWDZBQOSA-N
DB00478	rimantadine-flumadine	UBCHPRBFMUDMNC-UHFFFAOYSA-N
DB00479	amikacin-sulfate	LKCWBDHBTVXHDL-RMDFUYIESA-N
DB00480	Lenalidomide	GOTYRUGSSMKFNF-UHFFFAOYSA-N
DB00481	Evista	GZUITABIAKMVPG-UHFFFAOYSA-N
DB00482	Celecoxib	RZEKVGVHFLEQIL-UHFFFAOYSA-N
DB00483	Gallamine-triethiodide(Flaxedil)	REEUVFCVXKWOFE-UHFFFAOYSA-K
DB00485	dicloxacillin-sodium	YFAGHNZHGGCZAX-JKIFEVAISA-N
DB00487	pefloxacin-mesylate	FHFYDNQZQSQIAI-UHFFFAOYSA-N
DB00487	pefloxacin-mesylate-dihydrate	FHFYDNQZQSQIAI-UHFFFAOYSA-N
DB00488	Altretamine	UUVWYPNAQBNQJQ-UHFFFAOYSA-N
DB00489	Sotalol-hydrochloride(Betapace)	ZBMZVLHSJCTVON-UHFFFAOYSA-N
DB00491	miglitol-glyset	IBAQFPQHRJAVAV-ULAWRXDQSA-N
DB00492	fosinopril-sodium-monopril	BIDNLKIUORFRQP-XYGFDPSESA-N
DB00494	entacapone	JRURYQJSLYLRLN-BJMVGYQFSA-N
DB00495	zidovudine-retrovir	HBOMLICNUCNMMY-XLPZGREQSA-N
DB00496	darifenacin-hydrobromide	HXGBXQDTNZMWGS-RUZDIDTESA-N
DB00498	Phenindione(Rectadione)	NFBAXHOPROOJAW-UHFFFAOYSA-N
DB00499	Flutamide(Eulexin)	MKXKFYHWDHIYRV-UHFFFAOYSA-N
DB00501	Cimetidine(Tagamet)	AQIXAKUUQRKLND-UHFFFAOYSA-N
DB00502	Haloperidol(Haldol)	LNEPOXFFQSENCJ-UHFFFAOYSA-N
DB00503	Ritonavir	NCDNCNXCDXHOMX-XGKFQTDJSA-N
DB00507	Nitazoxanide(Alinia)	YQNQNVDNTFHQSW-UHFFFAOYSA-N
DB00509	l-thyroxine	XUIIKFGFIJCVMT-GFCCVEGCSA-N
DB00512	vancomycin-hydrochloride-vancocin	MYPYJXKWCTUITO-LYRMYLQWSA-N
DB00513	Aminocaproic-acid(Amicar)	SLXKOJJOQWFEFD-UHFFFAOYSA-N
DB00518	Albendazole(Albenza)	HXHWSAZORRCQMX-UHFFFAOYSA-N
DB00520	caspofungin-acetate	JYIKNQVWKBUSNH-QWDBRQCVSA-N
DB00523	Isotretinoin	SHGAZHPCJJPHSC-ZVCIMWCZSA-N
DB00523	Tretinoin(Aberela)	SHGAZHPCJJPHSC-ZVCIMWCZSA-N
DB00524	Metolazone(Zaroxolyn)	AQCHWTWZEMGIFD-UHFFFAOYSA-N
DB00525	tolnaftate	FUSNMLFNXJSCDI-UHFFFAOYSA-N
DB00526	Eloxatin	ZROHGHOFXNOHSO-BNTLRKBRSA-L
DB00527	dibucaine-cinchocaine-hcl	PUFQVTATUTYEAL-UHFFFAOYSA-N
DB00530	Erlotinib-Hydrochloride	AAKJLRGGTJKAMG-UHFFFAOYSA-N
DB00531	Clafen	CMSMOCZEIVJLDB-UHFFFAOYSA-N
DB00533	rofecoxib-vioxx	RZJQGNCSTQAWON-UHFFFAOYSA-N
DB00535	Cefdinir(Omnicef)	RTXOFQZKPXMALH-GHXIOONMSA-N
DB00537	ciprofloxacin-cipro	MYSWGUAQZAJSOK-UHFFFAOYSA-N
DB00539	Toremifene-Citrate(Fareston)	XFCLJVABOIYOMF-QPLCGJKRSA-N
DB00541	Vinblastine	OGWKCGZFUXNPDA-CFWMRBGOSA-N
DB00541	Vincristine-Sulfate	OGWKCGZFUXNPDA-CFWMRBGOSA-N
DB00542	Benazepril-hydrochloride	XPCFTKFZXHTYIP-PMACEKPBSA-N
DB00544	Adrucil(Fluorouracil)	GHASVSINZRGABV-UHFFFAOYSA-N
DB00545	Pyridostigmine-Bromide(Mestinon)	RVOLLAQWKVFTGE-UHFFFAOYSA-N
DB00549	Zafirlukast(Accolate)	YEEZWCHGZNKEEK-UHFFFAOYSA-N
DB00550	Propylthiouracil	KNAHARQHSZJURB-UHFFFAOYSA-N
DB00553	Methoxsalen(Oxsoralen)	QXKHYNVANLEOEG-UHFFFAOYSA-N
DB00554	Piroxicam(Feldene)	QYSPLQLAKJAUJT-UHFFFAOYSA-N
DB00555	lamotrigine	PYZRQGJRPPTADH-UHFFFAOYSA-N
DB00557	hydroxyzine-2hcl	ZQDWXGKKHFNSQK-UHFFFAOYSA-N
DB00558	zanamivir-relenza	ARAIBEBZBOPLMB-UFGQHTETSA-N
DB00559	bosentan-hydrate	GJPICJJJRGTNOD-UHFFFAOYSA-N
DB00560	Tigecycline	FPZLLRFZJZRHSY-HJYUBDRYSA-N
DB00561	doxapram-hcl	XFDJYSQDBULQSI-UHFFFAOYSA-N
DB00563	Abitrexate	FBOZXECLQNJBKD-ZDUSSCGKSA-N
DB00564	Carbamazepine(Carbatrol)	FFGPTBGBLSHEPO-UHFFFAOYSA-N
DB00565	atracurium-besylate	YXSLJKQTIDHPOT-LJCJQEJUSA-N
DB00565	cisatracurium-besylate-nimbex	YXSLJKQTIDHPOT-LJCJQEJUSA-N
DB00571	propranolol-hcl	AQHHHDLHHXJYJD-UHFFFAOYSA-N
DB00572	Atropine-sulfate-monohydrate	RKUNBYITZUJHSG-SPUOUPEWSA-N
DB00572	hyoscyamine-daturine	RKUNBYITZUJHSG-SPUOUPEWSA-N
DB00573	fenoprofen-calcium	RDJGLLICXDHJDY-UHFFFAOYSA-N
DB00575	Clonidine-hydrochloride(Catapres)	GJSURZIOUXUGAL-UHFFFAOYSA-N
DB00576	Sulfamethizole(Proklar)	VACCAVUAMIDAGB-UHFFFAOYSA-N
DB00577	valaciclovir-hcl	HDOVUKNUBWVHOX-QMMMGPOBSA-N
DB00578	carbenicillin-disodium	FPPNZSSZRUTDAP-UWFZAAFLSA-N
DB00580	valdecoxib	LNPDTQAFDNKSHK-UHFFFAOYSA-N
DB00582	Voriconazole	BCEHBSKCWLPMDN-MGPLVRAMSA-N
DB00583	L-carnitine(Levocarnitine)	PHIQHXFUZVPYII-ZCFIWIBFSA-N
DB00584	Enalapril-maleate(Vasotec)	GBXSMTUPTTWBMN-XIRDDKMYSA-N
DB00585	Nizatidine(Axid)	SGXXNSQHWDMGGP-UHFFFAOYSA-N
DB00588	fluticasone-propionate-Flonase-Veramyst	WMWTYOKRWGGJOA-CENSZEJFSA-N
DB00590	Doxazosin-mesylate	RUZYUOTYCVRMRZ-UHFFFAOYSA-N
DB00591	Fluocinolone-acetonide(Flucort-N)	FEBLZLNTKCEFIT-VSXGLTOVSA-N
DB00594	Amiloride-hydrochloride(Midamor)	XSDQTOBWRPYKKA-UHFFFAOYSA-N
DB00594	amilorida	XSDQTOBWRPYKKA-UHFFFAOYSA-N
DB00595	oxytetracycline-dihydrate	IWVCMVBTMGNXQD-PXOLEDIWSA-N
DB00600	Monobenzone(Benoquin)	VYQNWZOUAUKGHI-UHFFFAOYSA-N
DB00601	Linezolid(Zyvox)	TYZROVQLWOKYKF-ZDUSSCGKSA-N
DB00602	Ivermectin	SPBDXSGPUHCETR-CVSKBELMSA-N
DB00603	Medroxyprogesterone-acetate	PSGAAPLEWMOORI-PEINSRQWSA-N
DB00605	Sulindac(Clinoril)	MLKXDPUZXIRXEP-MFOYZWKCSA-N
DB00607	nafcillin-sodium	GPXLMGHLHQJAGZ-JTDSTZFVSA-N
DB00608	chloroquine-phosphate	WHTVZRBIWZFKQO-UHFFFAOYSA-N
DB00609	Ethionamide	AEOCXXJPGCBFJA-UHFFFAOYSA-N
DB00612	Bisoprolol-Fumarate	VHYCDWMUTMEGQY-UHFFFAOYSA-N
DB00615	Rifabutin(Mycobutin)	ATEBXHFBFRCZMA-VXTBVIBXSA-N
DB00619	Imatinib(STI571)	KTUFNOKKBVMGRW-UHFFFAOYSA-N
DB00619	Imatinib-Mesylate	KTUFNOKKBVMGRW-UHFFFAOYSA-N
DB00620	Triamcinolone(Aristocort)	GFNANZIMVAIWHM-OBYCQNJPSA-N
DB00627	Niacin(Nicotinic-acid)	PVNIIMVLHYAWGP-UHFFFAOYSA-N
DB00629	guanabenz-wy-8678-acetate	WDZVGELJXXEGPV-UHFFFAOYSA-N
DB00630	Alendronate-Sodium(Fosamax)	OGSPWJRAVKPPFI-UHFFFAOYSA-N
DB00631	Clofarabine	WDDPHFBMKLOVOX-AYQXTPAHSA-N
DB00632	Docosanol(Abreva)	NOPFSRXAKWQILS-UHFFFAOYSA-N
DB00633	dexmedetomidine	CUHVIMMYOGQXCV-NSHDSACASA-N
DB00633	dexmedetomidine-hcl-precedex	CUHVIMMYOGQXCV-NSHDSACASA-N
DB00633	medetomidine-hcl	CUHVIMMYOGQXCV-NSHDSACASA-N
DB00634	sulfacetamide-sodium	SKIVFJLNDNKQPD-UHFFFAOYSA-N
DB00635	Prednisone	XOFYZVNMUHMLCC-ZPOLXVRWSA-N
DB00636	Clofibrate(Atromid-S)	KNHUKKLJHYUCFP-UHFFFAOYSA-N
DB00639	butoconazole-nitrate	SWLMUYACZKCSHZ-UHFFFAOYSA-N
DB00640	Adenosine(Adenocard)	OIRDTQYFTABQOQ-KQYNXXCUSA-N
DB00640	Vidarabine(Vira-A)	OIRDTQYFTABQOQ-KQYNXXCUSA-N
DB00641	Simvastatin(Zocor)	RYMZZMVNJRMUDD-HGQWONQESA-N
DB00642	Pemetrexed-disodium	WBXPDJSOTKVWSJ-ZDUSSCGKSA-N
DB00645	dyclonine-hydrochloride	BZEWSEKUUPWQDQ-UHFFFAOYSA-N
DB00646	Nystatin(Mycostatin)	VQOXZBDYSJBXMA-RKEBNKJGSA-N
DB00648	Mitotane(Lysodren)	JWBOIMRXGHLCPP-UHFFFAOYSA-N
DB00649	Stavudine	XNKLLVCARDGLGL-JGVFFNPUSA-N
DB00650	Leucovorin-Calcium	VVIAGPKUTFNRDU-ABLWVSNPSA-N
DB00650	calcium-levofolinate-calcium-folinate	VVIAGPKUTFNRDU-ABLWVSNPSA-N
DB00651	Dyphylline(Dilor)	KSCFJBIXMNOVSH-UHFFFAOYSA-N
DB00655	Estrone	DNXHEGUUPJUMQT-CBZIJGRNSA-N
DB00656	trazodone-hydrochloride-desyrel	PHLBKPHSAVXXEF-UHFFFAOYSA-N
DB00668	L-Adrenaline-Epinephrine	UCTWMZQNUQWSLP-VIFPVBQESA-N
DB00668	dl-adrenaline	UCTWMZQNUQWSLP-VIFPVBQESA-N
DB00669	Sumatriptan-succinate	KQKPFRSPSRPDEB-UHFFFAOYSA-N
DB00672	chlorpropamide	RKWGIWYCVPQPMF-UHFFFAOYSA-N
DB00673	Aprepitant	ATALOFNDEOCMKK-OITMNORJSA-N
DB00674	Galanthamine-hydrobromide	ASUTZQLVASHGKV-JDFRZJQESA-N
DB00675	Tamoxifen-Citrate(Nolvadex)	NKANXQFJJICGDU-QPLCGJKRSA-N
DB00678	losartan-potassium	PSIFNNKUMBGKDQ-UHFFFAOYSA-N
DB00681	Amphotericin-B(Abelcet)	APKFDSVGJQXUKY-INPOYWNPSA-N
DB00684	Tobramycin(free-base)	NLVFBUXFDBBNBW-PBSUHMDJSA-N
DB00688	Mycophenolate-mofetil-(CellCept)	RTGDFNSFWBGLEC-SYZQJQIISA-N
DB00691	moexipril-hydrochloride	UWWDHYUMIORJTA-HSQYWUDLSA-N
DB00692	phentolamine-mesilate	MRBDMNSDAVCSSF-UHFFFAOYSA-N
DB00694	daunorubicin-hcl-daunomycin-hcl	STQGQHZAVUOBTE-VGBVRHCVSA-N
DB00695	Furosemide(Lasix)	ZZUFCTLCJUWOSV-UHFFFAOYSA-N
DB00697	Tizanidine-hydrochloride	XFYDIVBRZNQMJC-UHFFFAOYSA-N
DB00700	Eplerenone(Inspra)	JUKPWJGBANNWMW-VWBFHTRKSA-N
DB00701	Amprenavir-(Agenerase)	YMARZQAQMVYCKC-OEMFJLHTSA-N
DB00703	methazolamide	FLOSMHQXBMRNHR-UHFFFAOYSA-N
DB00709	Lamivudine(Epivir)	JTEGQNOMFQHVDC-NKWVEPMBSA-N
DB00710	ibandronate-sodium	MPBVHIBUJCELCL-UHFFFAOYSA-N
DB00712	Flurbiprofen(Ansaid)	SYTBZMRGLBWNTM-UHFFFAOYSA-N
DB00713	Oxacillin-sodium-monohydrate	UWYHMGVUTGAWSP-JKIFEVAISA-N
DB00715	paroxetine-hcl	AHOUBRCZNHFOSL-YOEHRIQHSA-N
DB00717	norethindrone-norethisterone	VIKNJXKGJWUCNN-XGXHKTLJSA-N
DB00718	Adefovir-Dipivoxil(Preveon)	WOZSCQDILHKSGG-UHFFFAOYSA-N
DB00719	azatadine-dimaleate	SEBMTIQKRHYNIT-UHFFFAOYSA-N
DB00721	procaine-novocaine-hcl	MFDFERRIHVXMIY-UHFFFAOYSA-N
DB00722	lisinopril-zestril	RLAWWYSOJDYHDC-BZSNNMDCSA-N
DB00724	Imiquimod	DOUYETYNHWVLEO-UHFFFAOYSA-N
DB00725	homatropine-methylbromide	FUFVKLQESJNNAN-UHFFFAOYSA-M
DB00728	Rocuronium-bromide	YXRDKMPIGHSVRX-OOJCLDBCSA-N
DB00730	Thiabendazole	WJCNZQLZVWNLKY-UHFFFAOYSA-N
DB00731	Nateglinide(Starlix)	OELFLUMRDSZNSF-BRWVUGGUSA-N
DB00732	atracurium-besylate	XXZSQOVSEBAPGS-UHFFFAOYSA-L
DB00732	cisatracurium-besylate-nimbex	XXZSQOVSEBAPGS-UHFFFAOYSA-L
DB00734	Risperidone(Risperdal)	RAPZEAPATHNIPO-UHFFFAOYSA-N
DB00735	naftifine-hydrochloride	OZGNYLLQHRPOBR-UHFFFAOYSA-N
DB00736	Omeprazole	SUBDBMMJDZJVOS-DEOSSOPVSA-N
DB00737	meclizine-dihydrochloride	OCJYIGYOJCODJL-UHFFFAOYSA-N
DB00738	pentamidine	XDRYMKDFEDOLFX-UHFFFAOYSA-N
DB00740	Riluzole(Rilutek)	FTALBRSUTCGOEG-UHFFFAOYSA-N
DB00741	Hydrocortisone	JYGXADMDTFJGBT-VWUMJDOOSA-N
DB00742	D-Mannitol(Osmitrol)	FBPFZTCFMRRESA-KVTDHHQDSA-N
DB00742	Sorbitol(Glucitol)	FBPFZTCFMRRESA-KVTDHHQDSA-N
DB00744	Zileuton	MWLSOWXNZPKENC-UHFFFAOYSA-N
DB00747	Scopolamine-hydrobromide	STECJAGHUSJQJN-FWXGHANASA-N
DB00749	Etodolac	NNYBQONXHNTVIJ-UHFFFAOYSA-N
DB00750	Prilocaine	MVFGUOIZUNYYSO-UHFFFAOYSA-N
DB00755	Isotretinoin	SHGAZHPCJJPHSC-YCNIQYBTSA-N
DB00755	Tretinoin(Aberela)	SHGAZHPCJJPHSC-YCNIQYBTSA-N
DB00758	Clopidogrel-bisulfate	GKTWGGQPFAXNFI-HNNXBMFYSA-N
DB00759	tetracycline-hydrochloride	OFVLGDICTFRJMM-WESIUVDSSA-N
DB00760	Meropenem	DMJNNHOOLUXYBV-PQTSNVLCSA-N
DB00762	Irinotecan	UWKQSNNFCGGAFS-XIFFEERXSA-N
DB00762	Irinotecan-Hcl-Trihydrate-Campto	UWKQSNNFCGGAFS-XIFFEERXSA-N
DB00763	Methimazole(Tapazole)	PMRYVIKBURPHAH-UHFFFAOYSA-N
DB00768	Olopatadine-hydrochloride(Opatanol)	JBIMVDZLSHOPLA-LSCVHKIXSA-N
DB00770	Alprostadil(Caverject)	GMVPRGQOIOIIMI-DWKJAMRDSA-N
DB00773	Etopophos	VJJPUSNTGOMMGY-MRVIYFEKSA-N
DB00776	Oxcarbazepine	CTRLABGOLIVAIY-UHFFFAOYSA-N
DB00778	Roxithromycin(Roxl-150)	RXZBMPWDPOLZGW-HITVVWEBSA-N
DB00779	Nalidixic-acid(NegGram)	MHWLWQUZZRMNGJ-UHFFFAOYSA-N
DB00783	Estradiol	VOXZDWNPVJITMN-ZBRFXRBCSA-N
DB00784	mefenamic-acid	HYYBABOKPJLUIN-UHFFFAOYSA-N
DB00786	marimastat	OCSMOTCMPXTDND-OUAUKWLOSA-N
DB00787	Acyclovir(Aciclovir)	MKUXAQIIEYXACX-UHFFFAOYSA-N
DB00790	Perindopril-Erbumine(Aceon)	IPVQLZZIHOAWMC-QXKUPLGCSA-N
DB00792	tripelennamine-hydrochloride	UFLGIAIHIAPJJC-UHFFFAOYSA-N
DB00794	Primidone(Mysoline)	DQMZLTXERSFNPB-UHFFFAOYSA-N
DB00795	Sulfasalazine(Azulfidine)	NCEXYHBECQHGNR-QZQOTICOSA-N
DB00796	Candesartan-cilexetil-Atacand	GHOSNRCGJFBJIB-UHFFFAOYSA-N
DB00797	tolazoline-hcl	JIVZKJJQOZQXQB-UHFFFAOYSA-N
DB00798	Gentamycin-sulfate(Gentacycol)	CEAZRRDELHUEMR-UHFFFAOYSA-N
DB00799	Tazarotene(Avage)	OGQICQVSFDPSEI-UHFFFAOYSA-N
DB00800	fenoldopam-corlopam	TVURRHSHRRELCG-UHFFFAOYSA-N
DB00807	proparacaine-hcl	KCLANYCVBBTKTO-UHFFFAOYSA-N
DB00808	Indapamide(Lozol)	NDDAHWYSQHTHNT-UHFFFAOYSA-N
DB00809	tropicamide	BGDKAVGWHJFAGW-UHFFFAOYSA-N
DB00810	Biperiden-hydrochloride	YSXKPIUOCJLQIE-UHFFFAOYSA-N
DB00811	Ribavirin(Copegus)	IWUCXVSUMQZMFG-AFCXAGJDSA-N
DB00812	Phenylbutazone(Butazolidin)	VYMDGNCVAMGZFE-UHFFFAOYSA-N
DB00814	Meloxicam(Mobic)	ZRVUJXDFFKFLMG-UHFFFAOYSA-N
DB00820	Tadalafil(Cialis)	WOXKDUGGOYFFRN-IIBYNOLFSA-N
DB00821	carprofen	PUXBGTOOZJQSKH-UHFFFAOYSA-N
DB00822	Disulfiram(Antabuse)	AUZONCFQVSMFAP-UHFFFAOYSA-N
DB00823	ethynodiol-diacetate	ONKUMRGIYFNPJW-KIEAKMPYSA-N
DB00826	Natamycin(Pimaricin)	NCXMLFZGDNKEPB-FFPOYIOWSA-N
DB00831	trifluoperazine-dihydrochloride	ZEWQUBUPAILYHI-UHFFFAOYSA-N
DB00833	Cefaclor-(Ceclor)	QYIYFLOTGYLRGG-GPCCPHFNSA-N
DB00834	Mifepristone(Mifeprex)	VKHAHZOOUSRJNA-GCNJZUOMSA-N
DB00835	brompheniramine	ZDIGNSYAACHWNL-UHFFFAOYSA-N
DB00836	Loperamide-hydrochloride	RDOIQAHITMMDAJ-UHFFFAOYSA-N
DB00843	Donepezil-hydrochloride(Aricept)	ADEBPBSSDYVVLD-UHFFFAOYSA-N
DB00845	clofazimine	WDQPAMHFFCXSNU-UHFFFAOYSA-N
DB00848	Levamisole-Hydrochloride(Ergamisol)	HLFSDGLLUJUHTE-SNVBAGLBSA-N
DB00851	Dacarbazine	FDKXTQMXEQVLRF-ZHACJKMWSA-N
DB00853	Methazolastone	BPEGJWRSRHCHSN-UHFFFAOYSA-N
DB00855	5-Aminolevulinic-acid-hydrochloride	ZGXJTSGNIOSYLO-UHFFFAOYSA-N
DB00857	Terbinafine(Lamisil)	DOMXUEMWDBAQBQ-WEVVVXLNSA-N
DB00857	Terbinafine-hydrochloride(Zabel)	DOMXUEMWDBAQBQ-WEVVVXLNSA-N
DB00859	Penicillamine(Cuprimine)	VVNCNSJFMMFHPL-VKHMYHEASA-N
DB00860	Prednisolone(Hydroretrocortine)	OIGNJSKKLXVSLS-VWUMJDOOSA-N
DB00862	Vardenafil(Vivanza)	SECKRCOLJRRGGV-UHFFFAOYSA-N
DB00863	Ranitidine-hydrochloride(Zantac)	VMXUWOKSQNHOCA-UHFFFAOYSA-N
DB00864	FK-506-(Tacrolimus)	QJJXYPPXXYFBGM-LFZNUXCKSA-N
DB00867	Ritodrine-hydrochloride-Yutopar	IOVGROKTTNBUGK-SJCJKPOMSA-N
DB00869	Dorzolamide-HCL	IAVUPMFITXYVAF-XPUUQOCRSA-N
DB00870	Suprofen(Profenal)	MDKGKXOCJGEUJW-UHFFFAOYSA-N
DB00871	terbutaline-sulfate	XWTYSIMOBUGWOL-UHFFFAOYSA-N
DB00872	conivaptan-hcl-vaprisol	IKENVDNFQMCRTR-UHFFFAOYSA-N
DB00874	Guaifenesin(Guaiphenesin)	HSRJKNPTNIJEKV-UHFFFAOYSA-N
DB00877	Rapamycin	QFJCIRLUMZQUOT-HPLJOQBZSA-N
DB00879	Emtricitabine	XQSPYNMVSIKCOC-NTSWFWBYSA-N
DB00880	Chlorothiazide(Diuril)	JBMKAUGHUNFTOL-UHFFFAOYSA-N
DB00881	quinapril-hydrochloride-accupril	JSDRRTOADPPCHY-HSQYWUDLSA-N
DB00882	Clomifene-citrate-Serophene	GKIRPKYJQBWNGO-UHFFFAOYSA-N
DB00884	Risedronate-sodium	IIDJRNMFWXDHID-UHFFFAOYSA-N
DB00884	risedronic-acid-actonel	IIDJRNMFWXDHID-UHFFFAOYSA-N
DB00887	Bumetanide	MAEIEVLCKWDQJH-UHFFFAOYSA-N
DB00889	Granisetron-Hydrochloride	MFWNKCLOYSRHCJ-BTTYYORXSA-N
DB00891	Sulfapyridine(Dagenan)	GECHUMIMRBOMGK-UHFFFAOYSA-N
DB00900	Didanosine(Videx)	BXZVVICBKDXVGW-NKWVEPMBSA-N
DB00904	Ondansetron-hydrochloride	FELGMEQIXOGIFQ-UHFFFAOYSA-N
DB00904	ondansetron-zofran	FELGMEQIXOGIFQ-UHFFFAOYSA-N
DB00905	Bimatoprost	AQOKCDNYWBIDND-FTOWTWDKSA-N
DB00909	Zonisamide	UBQNRHZMVUUOMG-UHFFFAOYSA-N
DB00911	tinidazole	HJLSLZFTEKNLFI-UHFFFAOYSA-N
DB00912	Repaglinide	FAEKWTJYAYMJKF-QHCPKHFHSA-N
DB00914	Phenformin-hydrochloride	ICFJFFQQTFMIBG-UHFFFAOYSA-N
DB00916	Metronidazole(Flagyl)	VAOCPAMSLUNLGC-UHFFFAOYSA-N
DB00917	prostaglandin-e2-cervidil	XEYBRNLFEZDVAW-ARSRFYASSA-N
DB00918	almotriptan-malate-axert	WKEMJKQOLOHJLZ-UHFFFAOYSA-N
DB00919	Spectinomycin--hydrochloride	UNFWWIHTNXNPBV-WXKVUWSESA-N
DB00920	ketotifen-fumarate-zaditor	ZCVMWBYGMWKGHF-UHFFFAOYSA-N
DB00922	levosimendan	WHXMKTBCFHIYNQ-SECBINFHSA-N
DB00925	Phenoxybenzamine-hydrochloride	QZVCTJOXCFMACW-UHFFFAOYSA-N
DB00927	famotidine-pepcid	XUFQPHANEAPEMJ-UHFFFAOYSA-N
DB00928	Azacitidine(Vidaza)	NMUSYJAQQFHJEW-KVTDHHQDSA-N
DB00931	Methacycline-hydrochloride-Physiomycine	MHIGBKBJSQVXNH-IWVLMIASSA-N
DB00934	Maprotiline-hydrochloride	QSLMDECMDJKHMQ-UHFFFAOYSA-N
DB00935	Oxymetazoline-hydrochloride	WYWIFABBXFUGLM-UHFFFAOYSA-N
DB00943	Zalcitabine	WREGKURFCTUGRC-POYBYMJQSA-N
DB00945	aspirin-acetylsalicylic-acid	BSYNRYMUTXBXSQ-UHFFFAOYSA-N
DB00947	Fulvestrant	VWUXBMIQPBEWFH-WCCTWKNTSA-N
DB00948	mezlocillin-sodium	YPBATNHYBCGSSN-VWPFQQQWSA-N
DB00949	Felbamate	WKGXYQFOCVYPAC-UHFFFAOYSA-N
DB00950	fexofenadine-hcl	RWTNPBWLLIMQHL-UHFFFAOYSA-N
DB00951	Isoniazid(Tubizid)	QRXWMOHMRWLFEY-UHFFFAOYSA-N
DB00952	Naratriptan(Amerge)	AMKVXSZCKVJAGH-UHFFFAOYSA-N
DB00953	Rizatriptan-Benzoate(Maxalt)	ULFRLSNUDGIQQP-UHFFFAOYSA-N
DB00955	netilmicin-sulfate	CIDUJQMULVCIBT-MQDUPKMGSA-N
DB00958	Carboplatin	OLESAACUTLOWQZ-UHFFFAOYSA-L
DB00959	Methylprednisolone	VHRSUDSXCMQTMA-PJHHCJLFSA-N
DB00961	mepivacaine-hydrochloride	INWLQCZOYSRPNW-UHFFFAOYSA-N
DB00966	Telmisartan(Micardis)	RMMXLENWKUUMAY-UHFFFAOYSA-N
DB00967	desloratadine	JAUOIFJMECXRGI-UHFFFAOYSA-N
DB00968	Methyldopa(Aldomet)	CJCSPKMFHVPWAR-JTQLQIEISA-N
DB00972	Azelastine-hydrochloride-Astelin	MBUVEWMHONZEQD-UHFFFAOYSA-N
DB00973	Ezetimibe(Zetia)	OLNTVTPDXPETLC-XPWALMASSA-N
DB00975	Dipyridamole(Permole,-Persantine)	IZEKFCXSFNUWAM-UHFFFAOYSA-N
DB00976	telithromycin-ketek	LJVAJPDWBABPEJ-PNUFFHFMSA-N
DB00977	Ethinyl-Estradiol	BFPYWIDHMRZLRN-SLHNCBLASA-N
DB00978	Lomefloxacin-hydrochloride-Maxaquin	ZEKZLJVOYLTDKK-UHFFFAOYSA-N
DB00980	Ramelteon	YLXDSYKOBKBWJQ-LBPRGKRZSA-N
DB00982	Isotretinoin	SHGAZHPCJJPHSC-XFYACQKRSA-N
DB00982	Tretinoin(Aberela)	SHGAZHPCJJPHSC-XFYACQKRSA-N
DB00983	formoterol-hemifumarate	BPZSYCZIITTYBL-UHFFFAOYSA-N
DB00987	Cytarabine(Cytosar-U)	UHDGCWIWMRVCDJ-CCXZUQQUSA-N
DB00987	cytidine	UHDGCWIWMRVCDJ-CCXZUQQUSA-N
DB00989	rivastigmine-tartrate-exelon	XSVMFMHYUFZWBK-NSHDSACASA-N
DB00990	Exemestane	BFYIZQONLCFLEV-DAELLWKTSA-N
DB00993	Azathioprine(Azasan)	LMEKQMALGUDUQG-UHFFFAOYSA-N
DB00996	Gabapentin(Neurontin)	UGJMXCAKCUNAIE-UHFFFAOYSA-N
DB00999	Hydrochlorothiazide	JZUFKLXOESDKRF-UHFFFAOYSA-N
DB01002	Bupivacaine-hydrochloride(Marcain)	LEBVLXFERQHONN-INIZCTEOSA-N
DB01002	lvobupivacaine-hcl	LEBVLXFERQHONN-INIZCTEOSA-N
DB01003	disodium-Cromoglycate	IMZMKUWMOSJXDT-UHFFFAOYSA-N
DB01004	ganciclovir	IRSCQMHQWWYFCW-UHFFFAOYSA-N
DB01005	Hydroxyurea(Cytodrox)	VSNHCAURESNICA-UHFFFAOYSA-N
DB01006	Letrozole	HPJKCIUCZWXJDR-UHFFFAOYSA-N
DB01007	tioconazole	QXHHHPZILQDDPS-UHFFFAOYSA-N
DB01008	Busulfan(Busulfex)	COVZYZSDYWQREU-UHFFFAOYSA-N
DB01009	Ketoprofen(Actron)	DKYWVDODHFEZIM-UHFFFAOYSA-N
DB01012	Cinacalcet-hydrochloride	VDHAWDNDOKGFTD-MRXNPFEDSA-N
DB01013	clobetasol-propionate	CBGUOGMQLZIXBE-XGQKBEPLSA-N
DB01015	Sulfamethoxazole	JLKIGFTWXXRPMT-UHFFFAOYSA-N
DB01016	Glyburide(Diabeta)	ZNNLBTZKUZBEKO-UHFFFAOYSA-N
DB01019	Carbamyl-beta-methylcholine-chloride(Bethanechol-chloride)	NZUPCNDJBJXXRF-UHFFFAOYSA-O
DB01021	Trichlormethiazide(Achletin)	LMJSLTNSBFUCMU-UHFFFAOYSA-N
DB01023	Felodipine(Plendil)	RZTAMFZIAATZDJ-UHFFFAOYSA-N
DB01024	Mycophenolic-acid(Mycophenolate)	HPNSFSBZBAHARI-RUDMXATFSA-N
DB01026	Ketoconazole	XMAYWYJOQHXEEK-UHFFFAOYSA-N
DB01029	Irbesartan(Avapro)	YOSHYTLCDANDAN-UHFFFAOYSA-N
DB01030	Topotecan-Hydrochloride	UCFGDBYHRUNTLO-QHCPKHFHSA-N
DB01032	probenecid-benemid	DBABZHXKTCFAPX-UHFFFAOYSA-N
DB01033	Mercaptopurine	GLVAUDGFNGKCSF-UHFFFAOYSA-N
DB01036	Tolterodine-tartrate-Detrol-LA	OOGJQPCLVADCPB-HXUWFJFHSA-N
DB01039	Fenofibrate(Tricor)	YMTINGFKWWXKFG-UHFFFAOYSA-N
DB01041	Thalidomide	UEJJHQNACJXSKW-UHFFFAOYSA-N
DB01043	memantine-hydrochloride-namenda	BUGYDGFZZOZRHP-UHFFFAOYSA-N
DB01044	Gatifloxacin	XUBOMFCQGDBHNK-UHFFFAOYSA-N
DB01045	Rifampin(Rifadin)	JQXXHWHPUNPDRT-WLSIYKJHSA-N
DB01046	Lubiprostone(Amitiza)	WGFOBBZOWHGYQH-MXHNKVEKSA-N
DB01047	Fluocinonide(Vanos)	WJOHZNCJWYWUJD-IUGZLZTKSA-N
DB01048	abacavir-sulfate	MCGSCOLBFJQGHM-SCZZXKLOSA-N
DB01050	Ibuprofen(Advil)	HEFNNWSXXWATRW-UHFFFAOYSA-N
DB01051	Novobiocin-sodium(Albamycin)	YJQPYGGHQPGBLI-KGSXXDOSSA-N
DB01054	Nitrendipine	PVHUJELLJLJGLN-UHFFFAOYSA-N
DB01058	Praziquantel(Biltricide)	FSVJFNAIGNNGKK-UHFFFAOYSA-N
DB01059	Norfloxacin(Norxacin)	OGJPXUAPXNRGGI-UHFFFAOYSA-N
DB01060	amoxicillin-(amox)	LSQZJLSUYDQPKJ-NJBDSQKTSA-N
DB01060	amoxicillin-amoxycillin	LSQZJLSUYDQPKJ-NJBDSQKTSA-N
DB01061	azlocillin-sodium-salt	JTWOMNBEOCYFNV-NFFDBFGFSA-N
DB01062	Oxybutynin(Ditropan)	XIQVNETUBQGFHX-UHFFFAOYSA-N
DB01062	oxybutynin-chloride	XIQVNETUBQGFHX-UHFFFAOYSA-N
DB01064	Isoprenaline-hydrochloride	JWZZKOKVBUJMES-UHFFFAOYSA-N
DB01065	Melatonin	DRLFMBDRBRZALE-UHFFFAOYSA-N
DB01067	Glipizide(Glucotrol)	ZJJXGWJIGJFDTL-UHFFFAOYSA-N
DB01072	Atazanavir	AXRYRYVKAWYZBR-GASGPIRDSA-N
DB01073	Fludarabine(Fludara)	HBUBKKRHXORPQB-FJFJXFQQSA-N
DB01077	etidronate-didronel	DBVJJBKOTRCVKF-UHFFFAOYSA-N
DB01082	streptomycin-sulfate	UCSJYZPVAKXKNQ-HZYVHMACSA-N
DB01083	Orlistat(Alli)	AHLBNYSZXLDEJQ-FWEHEUNISA-N
DB01087	primaquine-diphosphate	INDBQLZJXZLFIT-UHFFFAOYSA-N
DB01091	butenafine-hydrochloride	ABJKWBDEJIDSJZ-UHFFFAOYSA-N
DB01092	ouabain	LPMXVESGRSUGHW-HBYQJFLCSA-N
DB01094	Hesperetin	AIONOLUJZLIMTK-AWEZNQCLSA-N
DB01095	Fluvastatin-Sodium(Lescol)	FJLGEFLZQAZZCD-JUFISIKESA-N
DB01097	Leflunomide	VHOGYURTWQBHIL-UHFFFAOYSA-N
DB01098	Rosuvastatin-calcium(Crestor)	BPRHUIZQVSMCRT-VEUZHWNKSA-N
DB01099	Flucytosine(Ancobon)	XRECTZIEBJDKEO-UHFFFAOYSA-N
DB01101	Capecitabine(Xeloda)	GAGWJHPBXLXJQN-UORFTKCHSA-N
DB01104	sertraline-hcl	VGKDLMBJGBXTGI-SJCJKPOMSA-N
DB01108	Trilostane	KVJXBPDAXMEYOA-CXANFOAXSA-N
DB01110	Miconazole-Monistat	BYBLEWFAAKGYCD-UHFFFAOYSA-N
DB01110	Miconazole-nitrate	BYBLEWFAAKGYCD-UHFFFAOYSA-N
DB01114	Chlorpheniramine-maleate	SOYKEARSMXGVTM-UHFFFAOYSA-N
DB01115	Nifedipine(Adalat)	HYIMSNHJOBLJNT-UHFFFAOYSA-N
DB01117	atovaquone-atavaquone	KUCQYCKVKVOKAY-CTYIDZIISA-N
DB01118	amiodarone-hcl	IYIKLHRQXLHMJQ-UHFFFAOYSA-N
DB01120	gliclazide-diamicron	BOVGTQGAOIONJV-UHFFFAOYSA-N
DB01124	tolbutamide	JLRGJRBPOGGCBT-UHFFFAOYSA-N
DB01126	Dutasteride	JWJOTENAMICLJG-QWBYCMEYSA-N
DB01127	Econazole-nitrate-Spectazole	LEZWWPYKPKIXLL-UHFFFAOYSA-N
DB01128	Bicalutamide(Casodex)	LKJPYSCBVHEWIU-UHFFFAOYSA-N
DB01132	pioglitazone-actos	HYAFETHFCAUJAY-UHFFFAOYSA-N
DB01132	pioglitazone-hydrochloride-actos	HYAFETHFCAUJAY-UHFFFAOYSA-N
DB01136	carvedilol	OGHNVEJMJSYVRP-UHFFFAOYSA-N
DB01137	Levofloxacin(Levaquin)	GSDSWSVVBLHKDQ-JTQLQIEISA-N
DB01137	Ofloxacin(Floxin)	GSDSWSVVBLHKDQ-JTQLQIEISA-N
DB01144	Dichlorphenamide(Diclofenamide)	GJQPMPFPNINLKP-UHFFFAOYSA-N
DB01147	Cloxacillin-sodium-Cloxacap	LQOLIRLGBULYKD-JKIFEVAISA-N
DB01148	flavoxate-hcl	SPIUTQOUKAMGCX-UHFFFAOYSA-N
DB01150	Cefprozil-hydrate-Cefzil	WDLWHQDACQUCJR-PBFPGSCMSA-N
DB01156	Amfebutamone-hydrochloride(Bupropion)	SNPPWIUOZRMYNY-UHFFFAOYSA-N
DB01160	trometamol	IYGXEHDCSOYNKY-RZHHZEQLSA-N
DB01162	terazosin-hydrochloride-hytrin	VCKUSRYTPJJLNI-UHFFFAOYSA-N
DB01165	Levofloxacin(Levaquin)	GSDSWSVVBLHKDQ-UHFFFAOYSA-N
DB01165	Ofloxacin(Floxin)	GSDSWSVVBLHKDQ-UHFFFAOYSA-N
DB01166	Cilostazol	RRGUKTPIGVIEKM-UHFFFAOYSA-N
DB01167	Itraconazole(Sporanox)	VHVPQPYKVGDNFY-ZPGVKDDISA-N
DB01168	procarbazine-hydrochloride-matulane	CPTBDICYNRMXFX-UHFFFAOYSA-N
DB01171	moclobemide	YHXISWVBGDMDLQ-UHFFFAOYSA-N
DB01173	orphenadrine-citrate-norflex	QVYRGXJJSLMXQH-UHFFFAOYSA-N
DB01175	escitalopram-oxalate	WSEQXVZVJXJVFP-FQEVSTJZSA-N
DB01176	cyclizine-2hcl	UVKZSORBKUEBAZ-UHFFFAOYSA-N
DB01177	Idarubicin	XDXDZDZNSLXDNA-TZNDIEGXSA-N
DB01178	Chlormezanone(Trancopal)	WEQAYVWKMWHEJO-UHFFFAOYSA-N
DB01181	Ifosfamide	HOMGKSMUEGBAAB-UHFFFAOYSA-N
DB01182	Propafenone(Rytmonorm)	JWHAUXFOSRPERK-UHFFFAOYSA-N
DB01183	naloxone-hcl	UZHSEJADLWPNLE-GRGSLBFTSA-N
DB01184	Domperidone(Motilium)	FGXWKSZFVQUSTL-UHFFFAOYSA-N
DB01186	Pergolide-mesylate	YEHCICAEULNIGD-MZMPZRCHSA-N
DB01188	Ciclopirox-Penlac	SCKYRAXSEDYPSA-UHFFFAOYSA-N
DB01188	ciclopirox-ethanolamine	SCKYRAXSEDYPSA-UHFFFAOYSA-N
DB01190	Clindamycin-hydrochloride(Dalacin)	KDLRVYVGXIQJDK-NOWPCOIGSA-N
DB01190	clindamycin	KDLRVYVGXIQJDK-NOWPCOIGSA-N
DB01193	acebutolol-hcl	GOEMGAFJFRBGGG-UHFFFAOYSA-N
DB01194	brinzolamide	HCRKCZRJWPKOAR-JTQLQIEISA-N
DB01197	captopril-capoten	FAKRSMQSSFJEIM-RQJHMYQMSA-N
DB01201	Rifapentine(Priftin)	WDZCUPBHRAEYDL-GZAUEHORSA-N
DB01202	Levetiracetam	HPHUVLMMVZITSG-LURJTMIESA-N
DB01205	Flumazenil	OFBIFZUFASYYRE-UHFFFAOYSA-N
DB01206	Lomustine(CeeNU)	GQYIWUVLTXOXAJ-UHFFFAOYSA-N
DB01208	sparfloxacin	DZZWHBIBMUVIIW-DTORHVGOSA-N
DB01211	clarithromycin	AGOYDEPGAOXOCK-KCBOHYOISA-N
DB01216	Finasteride	DBEPLOCGEIEOCV-WSBQPABSSA-N
DB01217	Anastrozole	YBBLVLTVTVSKRW-UHFFFAOYSA-N
DB01220	Rifaximin(Xifaxan)	NZCRJKRKKOLAOJ-XRCRFVBUSA-N
DB01222	Budesonide	VOVIALXJUBGFJZ-KWVAZRHASA-N
DB01223	Aminophylline(Truphylline)	FQPFAHBPWDRTLU-UHFFFAOYSA-N
DB01224	Quetiapine-fumarate(Seroquel)	URKOMYMAXPYINW-UHFFFAOYSA-N
DB01229	Paclitaxel(Taxol)	RCINICONZNJXQF-MZXODVADSA-N
DB01234	Betamethasone-(Celestone)	UREBDLICKHMUKA-CXSFZGCWSA-N
DB01234	Dexamethasone	UREBDLICKHMUKA-CXSFZGCWSA-N
DB01235	Levodopa(Sinemet)	WTDRDQBEARUVNC-LURJTMIESA-N
DB01238	aripiprazole-abilify	CEUORZQYGODEFX-UHFFFAOYSA-N
DB01239	Chlorprothixene	WSPOMRSOLSGNFJ-AUWJEWJLSA-N
DB01241	Gemfibrozil(Lopid)	HEMJJKBWTPKOJG-UHFFFAOYSA-N
DB01242	Clomipramine-hydrochloride-Anafranil	GDLIGKIOYRNHDA-UHFFFAOYSA-N
DB01243	Chloroxine	WDFKMLRRRCGAKS-UHFFFAOYSA-N
DB01245	decamethonium-bromide	MTCUAOILFDZKCO-UHFFFAOYSA-N
DB01248	Docetaxel(Taxotere)	ZDZOTLJHXYCWBA-VCVYQWHSSA-N
DB01250	olsalazine-sodium	QQBDLJCYGRGAKP-FOCLMDBBSA-N
DB01251	gliquidone	LLJFMFZYVVLQKT-UHFFFAOYSA-N
DB01252	mitiglinide-calcium	WPGGHFDDFPHPOB-BBWFWOEESA-N
DB01254	Dasatinib	ZBNZXTGUTAYRHI-UHFFFAOYSA-N
DB01256	retapamulin	STZYTFJPGGDRJD-NHUWBDDWSA-N
DB01259	Lapatinib-Ditosylate	BCFGMOOMADDAQU-UHFFFAOYSA-N
DB01259	lapatinib	BCFGMOOMADDAQU-UHFFFAOYSA-N
DB01260	Desonide	WBGKWQHBNHJJPZ-LECWWXJVSA-N
DB01261	Sitagliptin	MFFMDFFZMYYVKS-SECBINFHSA-N
DB01262	Decitabine	XAUDJQYHKZQPEU-KVQBGUIXSA-N
DB01263	Posaconazole	RAGOYPUPXAKGKH-XAKZXMRKSA-N
DB01264	Darunavir-Ethanolate(Prezista)	CJBJHOAVZSMMDJ-HEXNFIEUSA-N
DB01265	Telbivudine(Sebivo)	IQFYYKKMVGJFEH-CSMHCCOUSA-N
DB01267	Paliperidone(Invega)	PMXMIIMHBWHSKN-UHFFFAOYSA-N
DB01268	Sunitinib-Malate-(Sutent)	WINHZLLDWRZWRT-ATVHPVEESA-N
DB01273	Varenicline-tartrate	JQSHBVHOMNKWFT-DTORHVGOSA-N
DB01274	formoterol-hemifumarate	BPZSYCZIITTYBL-YJYMSZOUSA-N
DB01275	Hydralazine-hydrochloride	RPTUSVTUFVMDQK-UHFFFAOYSA-N
DB01280	Arranon	IXOXBSCIXZEQEQ-UHTZMRCNSA-N
DB01283	lumiracoxib-cox-189	KHPKQFYUPIUARC-UHFFFAOYSA-N
DB01294	bismuth-subsalicylate	ZREIPSZUJIFJNP-UHFFFAOYSA-K
DB01299	Sulfadoxine(Sulphadoxine)	PJSFRIWCGOHTNF-UHFFFAOYSA-N
DB01329	cefoperazone-cefobid	GCFBRXLSHGKWDP-XCGNWRKASA-N
DB01337	Pancuronium-bromide(Pavulon)	GVEAYVLWDAFXET-XGHATYIMSA-N
DB01339	Vecuronium-Bromide	BGSZAXLLHYERSY-XQIGCQGXSA-N
DB01340	cilazapril-monohydrate-inhibace	HHHKFGXWKKUNCY-FHWLQOOXSA-N
DB01357	Mestranol	IMSSROKUHAOUJS-MJCUULBUSA-N
DB01366	procaterol-hcl	FKNXQNWAXFXVNW-BLLLJJGKSA-N
DB01367	rasagiline-mesylate	RUOKEQAAGRXIBM-GFCCVEGCSA-N
DB01380	Cortisone-acetate-Cortone	ITRJWOMZKQRYTA-RFZYENFJSA-N
DB01392	Yohimbine-hydrochloride(Antagonil)	BLGXFZZNTVWLAY-SCYLSFHTSA-N
DB01395	Drospirenone	METQSPRSQINEEU-HXCATZOESA-N
DB01399	sasapyrine	WVYADZUPLLSGPU-UHFFFAOYSA-N
DB01400	Neostigmine-bromide(Prostigmin)	ALWKGYPQUAPLQC-UHFFFAOYSA-N
DB01409	Tiotropium-Bromide-hydrate	LERNTVKEWCAPOY-DZZGSBJMSA-N
DB01412	Theobromine(3,7-Dimethylxanthine)	YAPQBXQYLJRXSA-UHFFFAOYSA-N
DB01424	amidopyrine	RMMXTBMQSGEXHJ-UHFFFAOYSA-N
DB01435	antipyrine	VEQOALNAAJBPNY-UHFFFAOYSA-N
DB01436	Alfacalcidol	OFHCOWSQAMBJIW-AVJTYSNKSA-N
DB01495	antipyrine	ATKXDQOHNICLQW-UHFFFAOYSA-N
DB01581	sulfamerazine	QPPBRPIAZZHUNT-UHFFFAOYSA-N
DB01582	sulfamethazine	ASWVTGNCAZCNNR-UHFFFAOYSA-N
DB01583	l-thyroxine	LKYWLLWWYBVUPP-XOCLESOZSA-L
DB01586	Chenodeoxycholic-acid	RUDATBOHQWOJDD-UZVSRGJWSA-N
DB01586	Ursodiol(Actigal)	RUDATBOHQWOJDD-UZVSRGJWSA-N
DB01590	Everolimus(RAD001)	HKVAMNSJSFKALM-GKUWKFKPSA-N
DB01591	solifenacin-succinate	FBOUYBDGKBSUES-VXKWHMMOSA-N
DB01599	probucol	FYPMFJGVHOHGLL-UHFFFAOYSA-N
DB01601	Lopinavir	KJHKTHWMRKYKJE-SUGCFTRWSA-N
DB01607	ticarcillin-sodium	OHKOGUYZJXTSFX-KZFFXBSXSA-N
DB01609	Deferasirox(Exjade)	BOFQWVMAQOTZIW-UHFFFAOYSA-N
DB01616	alverine-citrate	ZPFXAOWNKLFJDN-UHFFFAOYSA-N
DB01627	Lincomycin-hydrochloride(Lincocin)	OJMMVQQUTAEWLP-KIDUDLJLSA-N
DB01638	D-Mannitol(Osmitrol)	FBPFZTCFMRRESA-JGWLITMVSA-N
DB01638	Sorbitol(Glucitol)	FBPFZTCFMRRESA-JGWLITMVSA-N
DB01645	Genistein	TZBJGXHYKVUXJN-UHFFFAOYSA-N
DB01656	Roflumilast(Daxas)	MNDBXUUTURYVHR-UHFFFAOYSA-N
DB01698	Rutin(Rutoside)	IKGXIBQEEMLURG-NVPNHPEKSA-N
DB01708	Dehydroepiandrosterone(DHEA)	FMGSKLZLMKYGDP-USOAJAOKSA-N
DB01782	SP600125	ACPOUJIDANTYHO-UHFFFAOYSA-N
DB01783	Pantothenic-acid(pantothenate)	GHOKWGTUZJEAQD-ZETCQYMHSA-N
DB01809	pp1	ZVPDNRVYHLRXLX-UHFFFAOYSA-N
DB01852	Kaempferol	IYRMWMYZSQPJKC-UHFFFAOYSA-N
DB01880	Caffeic-acid	QAIPRVGONGVQAS-DUXPYHPUSA-N
DB01914	Dextrose(D-glucose)	GZCGUPFRVQAUEE-SLPGGIOYSA-N
DB01944	blebbistatin	LZAXPYOBKSJSEX-GOSISDBHSA-N
DB01954	Rolipram	HJORMJIFDVBMOB-UHFFFAOYSA-N
DB01954	sRolipram	HJORMJIFDVBMOB-UHFFFAOYSA-N
DB01956	Taurine	XOAAWQZATWQOTB-UHFFFAOYSA-N
DB02010	Staurosporine	HKSZLNNOFSGOKW-FYTWVXJKSA-N
DB02032	captopril-capoten	FAKRSMQSSFJEIM-BQBZGAKWSA-N
DB02097	Cytarabine(Cytosar-U)	UHDGCWIWMRVCDJ-XVFCMESISA-N
DB02097	cytidine	UHDGCWIWMRVCDJ-XVFCMESISA-N
DB02161	homatropine-bromide	ZTVIKZXZYLEVOL-LXTVHRRPSA-N
DB02174	D-glutamine	ZDXPYRJPNDTMRX-GSVOUGTGSA-N
DB02174	Glutamine	ZDXPYRJPNDTMRX-GSVOUGTGSA-N
DB02224	Taxifolin(Dihydroquercetin)	CXQWRCVTCMQVQX-LSDHHAIUSA-N
DB02255	gm6001	NITYDPDXAAFEIT-DYVFJYSZSA-N
DB02262	Orotic-acid(6-Carboxyuracil)	PXQPEWDEAKTCGB-UHFFFAOYSA-N
DB02342	2-Methoxyestradiol(2ME2)	CQOQDQWUFQDJMK-SSTWWWIQSA-N
DB02375	Myricetin(Cannabiscetin)	IKMDFBPHZNJCSN-UHFFFAOYSA-N
DB02424	geldanamycin	QTQAWLPCGQOSGP-KSRBKZBZSA-N
DB02546	Vorinostat-(SAHA)	WAEXFXRVDQXREF-UHFFFAOYSA-N
DB02565	m344	MXWDSZWTBOCWBK-UHFFFAOYSA-N
DB02587	forskolin	OHCQJHSOBUTRHG-KGGHGJDLSA-N
DB02648	L-carnitine(Levocarnitine)	PHIQHXFUZVPYII-ZCFIWIBFSA-O
DB02656	LY294002	CZQHHVNHHHRRDU-UHFFFAOYSA-N
DB02701	Nicotinamide(Niacinamide)	DFPAKSUCGFBDDF-UHFFFAOYSA-N
DB02709	Resveratrol	LUKBXSAWLPMMSZ-OWOJBTEDSA-N
DB02740	3-Indolebutyric-acid(IBA)	JTEDVYBZBROSJT-UHFFFAOYSA-N
DB02745	uridine	DRTQHJPVMGBUCF-XVFCMESISA-N
DB02789	pregnenolone	ORNBQBCIOKFOEO-QGVNFLHTSA-N
DB02854	epiandrosterone-3beta-androsterone	QGXBDMJGAMFCBF-BNSUEQOYSA-N
DB02857	guanosine	NYHBQMYGNKIUIF-UUOKFMHZSA-N
DB02857	guanosine-hydrate	NYHBQMYGNKIUIF-UUOKFMHZSA-N
DB02932	Bicalutamide(Casodex)	LKJPYSCBVHEWIU-KRWDZBQOSA-N
DB02959	5-hydroxytryptophan(5-HTP)	LDCYZAJDBXYCGN-VIFPVBQESA-N
DB03010	Epothilone-B	QXRSDHAAWVKZLJ-PVYNADRNSA-N
DB03023	pp2	PBBRWFOVCUAONR-UHFFFAOYSA-O
DB03034	Levofloxacin(Levaquin)	GSDSWSVVBLHKDQ-SNVBAGLBSA-N
DB03034	Ofloxacin(Floxin)	GSDSWSVVBLHKDQ-SNVBAGLBSA-N
DB03044	BIRB-796-(Doramapimod)	MVCOAUNKQVWQHZ-UHFFFAOYSA-N
DB03068	zebularine	RPQZTTQVRYEKCR-WCTZXXKLSA-N
DB03115	PD318088	XXSSGBYXSKOLAM-QMMMGPOBSA-N
DB03125	trimethoprim	IEDVJHCEMCRBQM-UHFFFAOYSA-O
DB03128	Acetylcholine-chloride	OIPILFWXSMYKGL-UHFFFAOYSA-N
DB03256	Leucovorin-Calcium	VVIAGPKUTFNRDU-OLZOCXBDSA-N
DB03256	calcium-levofolinate-calcium-folinate	VVIAGPKUTFNRDU-OLZOCXBDSA-N
DB03283	L(+)-Rhamnose-Monohydrate	SHZGCJCMOBCMKK-KGJVWPDLSA-N
DB03285	Isoliquiritigenin	DXDRHHKMWQZJHT-FPYGCLRLSA-N
DB03322	propranolol-hcl	AQHHHDLHHXJYJD-CQSZACIVSA-N
DB03419	uracil	ISAKRJDGNUQOIC-UHFFFAOYSA-N
DB03424	Ubenimex(Bestatin)	VGGGPCQERPFHOB-RDBSUJKOSA-N
DB03467	Naringenin	FTVWIRXFELQLPI-ZDUSSCGKSA-N
DB03485	L(+)-Rhamnose-Monohydrate	SHZGCJCMOBCMKK-PHYPRBDBSA-N
DB03496	flavopiridol-hydrochloride	BIIVYFLTOXDAOV-YVEFUNNKSA-N
DB03528	Adenosine(Adenocard)	OIRDTQYFTABQOQ-GAWUUDPSSA-N
DB03528	Vidarabine(Vira-A)	OIRDTQYFTABQOQ-GAWUUDPSSA-N
DB03604	tiratricol	UOWZUVNAGUAEQC-UHFFFAOYSA-N
DB03606	Rolipram	HJORMJIFDVBMOB-GFCCVEGCSA-N
DB03606	sRolipram	HJORMJIFDVBMOB-GFCCVEGCSA-N
DB03701	Vanoxerine(GBR-12909)	NAUWTFJOPJWYOT-UHFFFAOYSA-N
DB03754	trometamol	LENZDBCJOHFCAS-UHFFFAOYSA-N
DB03773	L(+)-Rhamnose-Monohydrate	SHZGCJCMOBCMKK-DVKNGEFBSA-N
DB03783	phenacetin	CPJSUEIXXCENMM-UHFFFAOYSA-N
DB03791	gw3965	NAXSRXHZFIBFMI-UHFFFAOYSA-N
DB03849	Cilomilast(SB-207499)	CFBUZOUXXHZCFB-OYOVHJISSA-N
DB03880	bb-94	XFILPEOLDIKJHX-QYZOEREBSA-N
DB03894	rasagiline-mesylate	RUOKEQAAGRXIBM-LBPRGKRZSA-N
DB03921	ly364947	IBCXZJCWDGCXQT-UHFFFAOYSA-N
DB04038	Ergosterol	DNVPQKQSNYMLRS-APGDWVJJSA-N
DB04062	L(+)-Rhamnose-Monohydrate	SHZGCJCMOBCMKK-FPRJBGLDSA-N
DB04076	hypoxanthine	FDGQSTZJBFJUBT-UHFFFAOYSA-N
DB04104	3-methyladenine	FSASIHFSFGAIJM-UHFFFAOYSA-N
DB04115	Berberine-Hydrochloride	YBHILYKTIRIUTE-UHFFFAOYSA-N
DB04149	Rolipram	HJORMJIFDVBMOB-LBPRGKRZSA-N
DB04149	sRolipram	HJORMJIFDVBMOB-LBPRGKRZSA-N
DB04209	dequalinium-chloride	PCSWXVJAIHCTMO-UHFFFAOYSA-P
DB04216	Quercetin(Sophoretin)	REFJWTPEDVJJIY-UHFFFAOYSA-N
DB04263	geneticin-g418-sulfate	BRZYSWJRSDMWLG-DJWUNRQOSA-N
DB04297	Trichostatin-A	RTKIYFITIVXBLE-QEQCGCAPSA-N
DB04335	inosine	UGQMRVRMYYASKQ-KQYNXXCUSA-N
DB04365	arecoline	HJJPJSXJAXAIPN-UHFFFAOYSA-N
DB04441	Fludarabine(Fludara)	HBUBKKRHXORPQB-UUOKFMHZSA-N
DB04473	L(+)-Rhamnose-Monohydrate	SHZGCJCMOBCMKK-SXUWKVJYSA-N
DB04485	Telbivudine(Sebivo)	IQFYYKKMVGJFEH-XLPZGREQSA-N
DB04540	cholesterol	HVYWMOMLDIMFJA-DPAQBDIFSA-N
DB04552	niflumic-acid	JZFPYUNJRRFVQU-UHFFFAOYSA-N
DB04572	Thiotepa(Thioplex)	FOCVUCIESVLUNU-UHFFFAOYSA-N
DB04573	Estriol(Oestriol)	PROQIPRRNZUXQM-ZXXIGWHRSA-N
DB04576	Fleroxacin(Quinodis)	XBJBPGROQZJDOJ-UHFFFAOYSA-N
DB04599	Aniracetam	ZXNRTKGTQJPIJK-UHFFFAOYSA-N
DB04650	biotin-vitamin-b7	YBJHBAHKTGYVGT-OOZYFLPDSA-N
DB04665	coumarin	ZYGHJZDHTFUPRJ-UHFFFAOYSA-N
DB04690	Camptothecine	VSJKWCGYPAHWDS-FQEVSTJZSA-N
DB04703	Hesperidin	QUQPHWDTPGMPEX-QJBIFVCTSA-N
DB04703	Methyl-Hesperidin	QUQPHWDTPGMPEX-QJBIFVCTSA-N
DB04725	licofelone	UAWXGRJVZSAUSZ-UHFFFAOYSA-N
DB04743	nimesulide	HYWYRSMBCFDLJT-UHFFFAOYSA-N
DB04769	AS-605240	SQWZFLMPDUSYGV-POHAHGRESA-N
DB04794	bifonazole	OCAPBUJLXMYKEJ-UHFFFAOYSA-N
DB04835	Maraviroc	GSNHKUDZZFZSJB-QYOOZWMWSA-N
DB04838	cyclandelate	WZHCOOQXZCIUNC-UHFFFAOYSA-N
DB04839	cyproterone-acetate	UWFYSQMTEOIJJG-FDTZYFLXSA-N
DB04841	flunarizine-dihydrochloride	SMANXXCATUTDDT-QPJJXVBHSA-N
DB04847	fg-4592	YOZBGTLTNGAVFU-UHFFFAOYSA-N
DB04849	Cediranib	XXJWYDDUDKYVKI-UHFFFAOYSA-N
DB04854	Febuxostat(Uloric)	BQSJTQLCZDPROO-UHFFFAOYSA-N
DB04855	dronedarone-hcl-multaq	ZQTNQVWKHCQYLQ-UHFFFAOYSA-N
DB04861	Nebivolol(Bystolic)	KOHIRBRYDXPAMZ-UHFFFAOYSA-N
DB04864	(-)-Huperzine-A	ZRJBHWIHUMBLCN-YQEJDHNASA-N
DB04868	Nilotinib	HHZIURLSWUIHRB-UHFFFAOYSA-N
DB04871	lorcaserin-hcl	XTTZERNUQAFMOF-QMMMGPOBSA-N
DB04876	vildagliptin-laf-237	SYOKIDBDQMKNDQ-XWTIBIIYSA-N
DB04879	Vatalanib,Dihydrochloride-Salt	YCOYDOIWSSHVCK-UHFFFAOYSA-N
DB04884	Dapoxetine-hydrochloride(Priligy)	USRHYDPUVLEVMC-FQEVSTJZSA-N
DB04890	bepotastine-besilate	YWGDOWXRIALTES-UHFFFAOYSA-N
DB04896	milnacipran-hydrochloride	GJJFMKBJSRMPLA-UHFFFAOYSA-N
DB04910	oxibendazole	RAOCRURYZCVHMG-UHFFFAOYSA-N
DB04920	cleviprex-clevidipine	KPBZROQVTHLCDU-UHFFFAOYSA-N
DB04944	Acadesine	RTRQQBHATOEIAF-UUOKFMHZSA-N
DB04946	Iloperidone(Fanapt)	XMXHEBAFVSFQEX-UHFFFAOYSA-N
DB04951	pirfenidone	ISWRGOKTTBVCFA-UHFFFAOYSA-N
DB04960	Tipifarnib(R115777)	PLHJCIYEEKOWNM-HHHXNRCGSA-N
DB05015	Belinostat	NCNRHFGMJRPRSK-MDZDMXLPSA-N
DB05016	PTC124	OOUGLTULBSNHNF-UHFFFAOYSA-N
DB05022	Amonafide	UPALIKSFLSVKIS-UHFFFAOYSA-N
DB05039	indacaterol-maleate	QZZUEBNBZAPZLX-QFIPXVFZSA-N
DB05057	erdosteine	QGFORSXNKQLDNO-UHFFFAOYSA-N
DB05134	17-AAG(Geldanamycin)	AYUNIORJHRXIBJ-TXHRRWQRSA-N
DB05154	pa-824	ZLHZLMOSPGACSZ-NSHDSACASA-N
DB05220	MLN8237	ZLHFILGSQDJULK-UHFFFAOYSA-N
DB05223	SB939	JHDKZFFAIZKUCU-ZRDIBKRKSA-N
DB05289	Flurbiprofen(Ansaid)	SYTBZMRGLBWNTM-SNVBAGLBSA-N
DB05294	Vandetanib	UHTHHESEBZOYNR-UHFFFAOYSA-N
DB05351	Lansoprazole	MJIHNNLFOKEZEW-RUZDIDTESA-N
DB05351	dexlansoprazole	MJIHNNLFOKEZEW-RUZDIDTESA-N
DB05424	CI-1033(Canertinib)	OMZCMEYTWSXEPZ-UHFFFAOYSA-N
DB05465	Tandutinib-(MLN518)	UXXQOJXBIDBUAC-UHFFFAOYSA-N
DB05470	VX-702	FYSRKRZDBHOFAY-UHFFFAOYSA-N
DB05482	sn-38	FJHBVJOVLFPMQE-QFIPXVFZSA-N
DB05521	Telaprevir(VX-950)	BBAWEDCPNXPBQM-GDEBMMAJSA-N
DB05524	Pelitinib	WVUNYSQLFKLYNI-AATRIKPKSA-N
DB05552	TG100-115	UJIAQDJKSXQLIT-UHFFFAOYSA-N
DB05575	Motesanib-Diphosphate	RAHBGWKEPAQNFF-UHFFFAOYSA-N
DB05607	prx-08066	RPYIKXHIQXRXEM-WLHGVMLRSA-N
DB05626	ipi-504	OAKGNIRUXAZDQF-TXHRRWQRSA-N
DB05667	Ketoconazole	XMAYWYJOQHXEEK-ZEQKJWHPSA-N
DB05676	apremilast-cc-10004	IMOZEMNVLZVGJZ-QGZVFWFLSA-N
DB05695	nps-2143	PZUJQWHTIRWCID-HXUWFJFHSA-N
DB05719	Elesclomol	BKJIXTWSNXCKJH-UHFFFAOYSA-N
DB05767	Andrographolide	BOJKULTULYSRAS-OTESTREVSA-N
DB05812	Abiraterone	GZOSMCIZMLWJML-VJLLXTKPSA-N
DB05913	OSI-930	FGTCROZDHDSNIO-UHFFFAOYSA-N
DB05928	CHIR-258	PIQCTGMSNWUMAF-UHFFFAOYSA-N
DB05928	dovitinib	PIQCTGMSNWUMAF-UHFFFAOYSA-N
DB05932	Denibulin	GAOHLWCIAJNSEE-JTQLQIEISA-N
DB05944	arry334543	UWXSAYUXVSFDBQ-CYBMUJFWSA-N
DB05969	SNS-032	OUSFTKFNBAZUKL-UHFFFAOYSA-N
DB05984	RAF265(CHIR-265)	YABJJWZLRMPFSI-UHFFFAOYSA-N
DB05992	NPI-2358	UNRCMCRRFYFGFX-TYPNBTCFSA-N
DB06061	AZD8330(ARRY-424704)	RWEVIPRMPFNTLO-UHFFFAOYSA-N
DB06070	pf-04929113	AVDSOVJPJZVBTC-CTYIDZIISA-N
DB06075	OSI-906	PKCDDUHJAFVJJB-VLZXCDOPSA-N
DB06091	th-302	UGJWRPJDTDGERK-UHFFFAOYSA-N
DB06134	SNS-314	FAYAUAZLLLJJGH-UHFFFAOYSA-N
DB06137	kx2-391	HUNGUWOZPQBXGX-UHFFFAOYSA-N
DB06147	sulfathiazole	JNMRHUJNCSQMMB-UHFFFAOYSA-N
DB06148	Mianserin-hydrochloride	UEQUQVLFIPOEMF-UHFFFAOYSA-N
DB06150	sulphadimethoxine	ZZORFUFYDOWNEF-UHFFFAOYSA-N
DB06151	Acetylcysteine	PWKSKIMOESPYIA-BYPYZUCNSA-N
DB06153	Pizotifen-malate	FIADGNVRKBPQEU-UHFFFAOYSA-N
DB06155	rimonabant-sr141716	JZCPYUJPEARBJL-UHFFFAOYSA-N
DB06176	Romidepsin-FK228	OHRURASPPZQGQM-GCCNXGTGSA-N
DB06188	Ispinesib-mesilate(SB-715992)	QJZRFPJCWMNVAV-HHHXNRCGSA-N
DB06191	LY335979	IHOVFYSQUDPMCN-DBEBIPAYSA-N
DB06195	Roscovitine	BTIHMVBBUGXLCJ-OAHLLOKOSA-N
DB06201	Rufinamide	POGQSBRIGCQNEG-UHFFFAOYSA-N
DB06203	alogliptin-syr-322	ZSBOMTDTBDDKMP-OAHLLOKOSA-N
DB06207	Silodosin(Rapaflo)	PNCPYILNMDWPEY-QGZVFWFLSA-N
DB06209	Prasugrel	DTGLZDAWLRGWQN-UHFFFAOYSA-N
DB06210	Eltrombopag-SB-497115-GR	XDXWLKQMMKQXPV-QYQHSDTDSA-N
DB06211	Doripenem-Hydrate	AVAACINZEOAHHE-VFZPANTDSA-N
DB06212	tolvaptan-opc-41061	GYHCTFXIZSNGJT-XMMPIXPASA-N
DB06216	Asenapine	GMDCDXMAFMEDAG-BTJKTKAUSA-N
DB06228	Rivaroxaban	KGFYHTZWPPHNLQ-AWEZNQCLSA-N
DB06233	Deforolimus	BUROJSBIWGDYCN-GAUTUEMISA-N
DB06235	DMXAA(ASA404)	XGOYIMQSIKSOBS-UHFFFAOYSA-N
DB06237	avanafil	WEAJZXNPAWBCOA-INIZCTEOSA-N
DB06240	tariquidar	LGGHDPFKSSRQNS-UHFFFAOYSA-N
DB06253	trometamol	CCTREOMTIFSZAU-OGFXRTJISA-N
DB06262	droxidopa-l-dops	QXWYKJLNLSIPIN-JGVFFNPUSA-N
DB06266	lonidamine	WDRYRZXSPDWGEB-UHFFFAOYSA-N
DB06281	torcetrapib-cp-529414	CMSGWTNRGKRWGS-NQIIRXRSSA-N
DB06282	Cetirizine-di-hcl	ZKLPARSLTMPFCP-OAQYLSRUSA-N
DB06287	Temsirolimus	CBPNZQVSJQDFBE-FUXHJELOSA-N
DB06288	Amisulpride	NTJOBXMMWNYJFB-UHFFFAOYSA-N
DB06292	Dapagliflozin	JVHXJTBJCFBINQ-ADAARDCZSA-N
DB06306	at13387	IFRGXKKQHBVPCQ-UHFFFAOYSA-N
DB06314	SGX-523	BCZUAADEACICHN-UHFFFAOYSA-N
DB06335	Saxagliptin(Onglyza)	QGJUIPDUBHWZPV-SGTAVMJGSA-N
DB06346	gsk2190915-am803	DFQGDHBGRSTTHX-UHFFFAOYSA-N
DB06401	bazedoxifene-hcl	UCJGJABZCDBEDK-UHFFFAOYSA-N
DB06403	ambrisentan	OUJTZYPIHDYQMC-LJQANCHMSA-N
DB06410	Doxercalciferol(Hectorol)	HKXBNHCUPKIYDM-CGMHZMFXSA-N
DB06414	etravirine-tmc125	PYGWGZALEOIKDF-UHFFFAOYSA-N
DB06436	semaxanib-su5416	WUWDLXZGHZSWQZ-WQLSENKSSA-N
DB06442	Avasimibe(CI-1011)	PTQXTEKSNBVPQJ-UHFFFAOYSA-N
DB06448	lonafarnib-sch66336	DHMTURDWPRKSOA-RUZDIDTESA-N
DB06477	U-95666E(Sumanirole-maleate)	RKZSNTNMEFVBDT-MRVPVSSYSA-N
DB06480	prucalopride	ZPMNHBXQOOVQJL-UHFFFAOYSA-N
DB06486	Enzastaurin	AXRCEOKUDYDWLF-UHFFFAOYSA-N
DB06523	Ribavirin(Copegus)	IWUCXVSUMQZMFG-RGDLXGNYSA-N
DB06589	Pazopanib-Hydrochloride	CUIHSIWYWATEQL-UHFFFAOYSA-N
DB06589	pazopanib	CUIHSIWYWATEQL-UHFFFAOYSA-N
DB06594	Agomelatine	YJYPHIXNFHFHND-UHFFFAOYSA-N
DB06595	midostaurin-pkc412	BMGQWWVMWDBQGC-IIFHNQTCSA-N
DB06603	LBH-589	FPOHNWQLNRZRFC-ZHACJKMWSA-N
DB06605	Apixaban(BMS-562247-01)	QNZCBYKSOIHPEH-UHFFFAOYSA-N
DB06614	peramivir	XRQDFNLINLXZLB-CKIKVBCHSA-N
DB06614	peramivir-trihydrate	XRQDFNLINLXZLB-CKIKVBCHSA-N
DB06616	Bosutinib	UBPYILGKFZZVDX-UHFFFAOYSA-N
DB06623	Flupirtine-maleate	JUUFBMODXQKSTD-UHFFFAOYSA-N
DB06626	Axitinib	RITAVMQDGBJQJZ-FMIVXFBMSA-N
DB06629	Zibotentan(ZD4054)	FJHHZXWJVIEFGJ-UHFFFAOYSA-N
DB06630	anacetrapib-mk-0859	MZZLGJHLQGUVPN-HAWMADMCSA-N
DB06652	Vicriviroc-Malate	CNPVJJQCETWNEU-CYFREDJKSA-N
DB06654	Safinamide-mesilate	NEMGRZFTLSKBAP-LBPRGKRZSA-N
DB06670	Odanacatib-(MK0822)	FWIVDMJALNEADT-SFTDATJTSA-N
DB06678	mirtazapine-remeron-avanza	RONZAEMNMFQXRA-MRXNPFEDSA-N
DB06683	clevudine-levovir	GBBJCSTXCAQSSJ-XQXXSGGOSA-N
DB06685	laquinimod-abr-215062	GKWPCEFFIHSJOE-UHFFFAOYSA-N
DB06694	xylometazoline-hcl	HUCJFAOMUPXHDK-UHFFFAOYSA-N
DB06695	BIBR-1048(Dabigatran-etexilate)	KSGXQBZTULBEEQ-UHFFFAOYSA-N
DB06697	Artemether(SM-224)	SXYIRMFQILZOAM-HVNFFKDJSA-N
DB06698	betahistine-dihydrochloride	UUQMNUMQCIQDMZ-UHFFFAOYSA-N
DB06700	desvenlafaxine	KYYIDSXMWOZKMP-UHFFFAOYSA-N
DB06700	desvenlafaxine-succinate	KYYIDSXMWOZKMP-UHFFFAOYSA-N
DB06702	Fesoterodine-fumarate-Toviaz	DCCSDBARQIPTGU-HSZRJFAPSA-N
DB06711	Naphazoline-hydrochloride-Naphcon	CNIIGCLFLJGOGP-UHFFFAOYSA-N
DB06712	nilvadipine-arc029	FAIIFDPAEUKBEP-UHFFFAOYSA-N
DB06715	Potassium-iodide	NLKNQRATVPKPDG-UHFFFAOYSA-M
DB06717	fosaprepitant	BARDROPHSZEBKC-OITMNORJSA-N
DB06725	lornoxicam-xefo	WLHQHAUOOXYABV-UHFFFAOYSA-N
DB06730	Gestodene	SIGSPDASOTUPFS-XUDSTZEESA-N
DB06733	Bafilomycin-A1	XDHNQDDQEHDUTM-JQWOJBOSSA-N
DB06735	Clomifene-citrate-Serophene	GKIRPKYJQBWNGO-OCEACIFDSA-N
DB06737	zaltoprofen	MUXFZBHBYYYLTH-UHFFFAOYSA-N
DB06742	ambroxol-hcl	JBDGDEWWOUBZPM-XYPYZODXSA-N
DB06743	ginkgolide-a	FPUXKXIZEIDQKW-VKMVSBOZSA-N
DB06744	Ginkgolide-B	SQOJOAFXDQDRGF-MMQTXUMRSA-N
DB06755	Beta-Carotene	OENHQHLEOONYIE-JLTXGRSLSA-N
DB06764	tetrahydrozoline-hcl	BYJAVTDNIXVSPW-UHFFFAOYSA-N
DB06769	Bendamustine-Hydrochloride	YTKUWDBFDASYHO-UHFFFAOYSA-N
DB06771	besifloxacin-hci	QFFGVLORLPOAEC-SNVBAGLBSA-N
DB06772	cabazitaxel-jevtana	BMQGVNUXMIRLCK-OAGWZNDDSA-N
DB06777	Chenodeoxycholic-acid	RUDATBOHQWOJDD-BSWAIDMHSA-N
DB06777	Ursodiol(Actigal)	RUDATBOHQWOJDD-BSWAIDMHSA-N
DB06799	methenamine-mandelamine	VKYKSIONXSXAKP-UHFFFAOYSA-N
DB06802	Nepafenac	QEFAQIPZVLVERP-UHFFFAOYSA-N
DB06803	niclosamide-niclocide	RJMUSRYZPJIFPJ-UHFFFAOYSA-N
DB06809	plerixafor	YIQPUIGJQJDJOS-UHFFFAOYSA-N
DB06809	plerixafor-8hcl-db06809	YIQPUIGJQJDJOS-UHFFFAOYSA-N
DB06813	Pralatrexate(Folotyn)	OGSBUKJUDHAQEA-WMCAAGNKSA-N
DB06815	zinc-pyrithione	FGVVTMRZYROCTH-UHFFFAOYSA-N
DB06817	Raltegravir-(MK-0518)	CZFFBEXEKNGXKS-UHFFFAOYSA-N
DB06819	sodium-phenylbutyrate	OBKXEAXTFZPCHS-UHFFFAOYSA-N
DB06820	sulconazole-nitrate	AFNXATANNDIXLG-UHFFFAOYSA-N
DB06821	Sulfameter(Bayrena)	GPTONYMQFTZPKC-UHFFFAOYSA-N
DB06823	tiopronin-thiola	YTGJWQPHMWSCST-UHFFFAOYSA-N
DB06836	PIK-93	JFVNFXCESCXMBC-UHFFFAOYSA-N
DB06852	chir-124	MOVBBVMDHIRCTG-LJQANCHMSA-N
DB06969	NVP-BEP800	WJUNQSYQHHIVFX-UHFFFAOYSA-N
DB06999	PLX-4720	YZDJQTHVDDOVHR-UHFFFAOYSA-N
DB07101	PD-0325901	SUDAHWBOROXANE-SECBINFHSA-N
DB07118	4-Methylumbelliferone(4-MU)	HSHNITRMYYLLCV-UHFFFAOYSA-N
DB07159	R406	NHHQJBCNYHBUSI-UHFFFAOYSA-N
DB07159	R406(free-base)	NHHQJBCNYHBUSI-UHFFFAOYSA-N
DB07232	ABT-888	JNAHVYVRKWKWKQ-CYBMUJFWSA-N
DB07238	hcv-796	WTDWVLJJJOTABN-UHFFFAOYSA-N
DB07352	Apigenin	KZNIFHPLKGYRTM-UHFFFAOYSA-N
DB07423	Andarine	YVXVTLGIDOACBJ-SFHVURJKSA-N
DB07460	nvp-tae226	UYJNQQDJUOUFQJ-UHFFFAOYSA-N
DB07465	Saxagliptin(Onglyza)	QGJUIPDUBHWZPV-YQBUGCKMSA-N
DB07467	Indapamide(Lozol)	NDDAHWYSQHTHNT-JTQLQIEISA-N
DB07503	as-604850	SRLVNYDXMUGOFI-YWEYNIOJSA-N
DB07615	Tranilast	NZHGWWWHIYHZNX-CSKARUKUSA-N
DB07662	pd168393	HTUBKQUPEREOGA-UHFFFAOYSA-N
DB07701	Donepezil-hydrochloride(Aricept)	ADEBPBSSDYVVLD-HXUWFJFHSA-N
DB07702	Estriol(Oestriol)	PROQIPRRNZUXQM-PNVOZDDCSA-N
DB07705	Econazole-nitrate-Spectazole	LEZWWPYKPKIXLL-GOSISDBHSA-N
DB07715	Emodin	RHMXXJGYXNZAPX-UHFFFAOYSA-N
DB07767	Fumalic-acid(Ferulic-acid)	KSEBMYQBYZTDHS-HWKANZROSA-N
DB07795	Fisetin(Fustel)	XHEFDIBZLJXQHF-UHFFFAOYSA-N
DB07810	Phloretin(Dihydronaringenin)	VGEREEWJJVICBM-UHFFFAOYSA-N
DB07859	AT7867	LZMOSYUFVYJEPY-UHFFFAOYSA-N
DB07863	gw9662	DNTSIBUQMRRYIU-UHFFFAOYSA-N
DB07931	Hexestrol(Bibenzyl)	PBBGSZCBWVPOOL-HDICACEKSA-N
DB07933	LY500307	XIESSJVMWNJCGZ-VKJFTORMSA-N
DB07941	ph-797804	KCAJXIDMCNPGHZ-UHFFFAOYSA-N
DB07995	H-89-dihydrochloride	ZKZXNDJNWUTGDK-NSCUHMNNSA-N
DB08046	chlorthalidone-chlortalidone	JIVPVXMEBJLZRO-AWEZNQCLSA-N
DB08052	PP121	NVRXTLZYXZNATH-UHFFFAOYSA-N
DB08059	wortmannin	QDLHCMPXEPAAMD-QAIWCSMKSA-N
DB08067	AT9283	LOLPPWBBNUVNQZ-UHFFFAOYSA-O
DB08079	AMG-208	HEAIZQNMNCHNFD-UHFFFAOYSA-N
DB08094	r547	JRNJNYBQQYBCLE-UHFFFAOYSA-N
DB08142	AT7519	OVPNQJVDAFNBDN-UHFFFAOYSA-N
DB08150	cct128930	RZIDZIGAXXNODG-UHFFFAOYSA-O
DB08162	Fasudil-HCl(HA-1077)	NGOGFTYYXHNFQH-UHFFFAOYSA-N
DB08312	nu6027	DGWXOLHKVGDQLN-UHFFFAOYSA-N
DB08313	nocodazole	KYRVNWMVYQXFEU-UHFFFAOYSA-N
DB08348	pj34	UYJZZVDLGDDTCL-UHFFFAOYSA-N
DB08387	pf-2545920	AZEXWHKOMMASPA-UHFFFAOYSA-N
DB08399	piceatannol	CDRPUGZCRXZLFL-OWOJBTEDSA-N
DB08521	SB-203580	CDMGBJANTYXAIV-HHHXNRCGSA-N
DB08568	a-674563	BPNUQXPIQBZCMR-IBGZPJMESA-N
DB08584	SGX-523	BCZUAADEACICHN-UHFFFAOYSA-N
DB08621	thiamphenicol-thiophenicol	OTVAEFIXJLOWRX-NXEZZACHSA-N
DB08639	dapivirine	ILAYIAGXTHKHNT-UHFFFAOYSA-N
DB08645	Trichlormethiazide(Achletin)	LMJSLTNSBFUCMU-MRVPVSSYSA-N
DB08756	Y-27632	IYOZTVGMEWJPKR-IJLUTSLNSA-N
DB08806	roxatidine-acetate-hcl	SMTZFNFIKUPEJC-UHFFFAOYSA-N
DB08814	triflusal	RMWVZGDJPAKBDE-UHFFFAOYSA-N
DB08815	lurasidone-hcl	PQXKDMSYBGKCJA-CVTJIBDQSA-N
DB08816	ticagrelor	OEKWJQXRCDYSHL-FNOIDJSQSA-N
DB08820	VX-770	PURKAOJPTOLRMP-UHFFFAOYSA-N
DB08822	azilsartan-medoxomil-tak-491	QJFSABGVXDWMIW-UHFFFAOYSA-N
DB08826	deferiprone	TZXKOCQBRNJULO-UHFFFAOYSA-N
DB08828	GDC-0449	BPQMGSKTAYIVFO-UHFFFAOYSA-N
DB08836	temocapril	FIQOFIRCTOWDOW-BJLQDIEVSA-N
DB08836	temocapril-hcl	FIQOFIRCTOWDOW-BJLQDIEVSA-N
DB08846	Ellagic-acid	AFSDNFLWKVMVRB-UHFFFAOYSA-N
DB08860	Pitavastatin-calcium(Livalo)	VGYFMXBACGZSIL-MCBHFWOFSA-N
DB08865	PF-2341066	KTEIFNKAUNYNJU-GFCCVEGCSA-N
DB08868	FTY720	KKGQTZUTZRNORY-UHFFFAOYSA-N
DB08875	XL184	ONIQOQHATWINJY-UHFFFAOYSA-N
DB08875	cabozantinib-malate	ONIQOQHATWINJY-UHFFFAOYSA-N
DB08877	INCB18424	HFNKQEVNSGCOJV-OAHLLOKOSA-N
DB08877	s-ruxolitinib	HFNKQEVNSGCOJV-OAHLLOKOSA-N
DB08881	PLX-4032	GPXBXXGIAQBQNI-UHFFFAOYSA-N
DB08882	linagliptin-bi-1356	LTXREWYXXSTFRX-QGZVFWFLSA-N
DB08889	carfilzomib-pr-171	BLMPQMFVWMYDKT-NZTKNTHTSA-N
DB08891	r-baclofen	KPYSYYIEGFHWSV-QMMMGPOBSA-N
DB08893	mirabegron-ym178	PBAPPPCECJKMCM-IBGZPJMESA-N
DB08895	CP-690550	UJLAWZDWDVHWOW-YPMHNXCESA-N
DB08895	tofacitinib-cp-690550	UJLAWZDWDVHWOW-YPMHNXCESA-N
DB08896	BAY-73-4506	FNHKPVJBJVTLMP-UHFFFAOYSA-N
DB08897	aclidinium-bromide	ASMXXROZKSBQIH-VITNCHFBSA-N
DB08899	MDV3100	WXCXUHSOUPDCQV-UHFFFAOYSA-N
DB08901	AP24534	PHXJVRSECIGDHY-UHFFFAOYSA-N
DB08905	Formestane	OSVMTWJCGUFAOD-KZQROQTASA-N
DB08907	canagliflozin	XTNGUQKDFGDXSJ-ZXGKGEBGSA-N
DB08908	dimethyl-Fumarate	LDCRTTXIJACKKU-ONEGZZNKSA-N
DB08910	Pomalidomide(CC-4047)	UVSMNLNDYGZFPF-UHFFFAOYSA-N
DB08911	gsk1120212-(jtp-74057)	LIRYPHYGHXZJBZ-UHFFFAOYSA-N
DB08912	dabrafenib-gsk2118436a	BFSMGDJOXZAERB-UHFFFAOYSA-N
DB08916	BIBW2992	ULXXDDBFHOBEHA-CWDCEQMOSA-N
DB08918	milnacipran-hydrochloride	GJJFMKBJSRMPLA-DZGCQCFKSA-N
DB08930	s-gsk1349572	RHWKPHLQXYSBKR-BMIGLBTASA-N
DB08932	macitentan	JGCMEBMXRHSZKX-UHFFFAOYSA-N
DB08943	Isoconazole-nitrate-Travogen	MPIPASJGOJYODL-UHFFFAOYSA-N
DB08960	hexamethonium-bromide	VZJFGSRCJCXDSG-UHFFFAOYSA-N
DB08972	flumequine	DPSPPJIUMHPXMA-UHFFFAOYSA-N
DB08974	flubendazole-flutelmium	CPEUVMUXAHMANV-UHFFFAOYSA-N
DB08990	eprazinone-2hcl	BSHWLCACYCVCJE-UHFFFAOYSA-N
DB08995	Diosmin	GZSOSUNBTXMUFQ-YFAPSIMESA-N
DB09006	clinofibrate	BMOVQUBVGICXQN-UHFFFAOYSA-N
DB09009	articaine-hydrochloride	QTGIAADRBBLJGA-UHFFFAOYSA-N
DB09010	Carmofur	AOCCBINRVIKJHY-UHFFFAOYSA-N
DB09019	bromhexine-hydrochloride	OJGDCBLYJGHCIH-UHFFFAOYSA-N
DB09020	bisacodyl	KHOITXIGCFIULA-UHFFFAOYSA-N
DB09026	Aliskiren-hemifumarate	UXOWGYHJODZGMF-QORCZRPOSA-N
DB09028	Cytisine(Baphitoxine,-Sophorine)	ANJTVLIZGCUXLD-DTWKUNHWSA-N
DB09030	vorapaxar	ZBGXUVOIWDMMJE-QHNZEKIYSA-N
DB09031	miltefosine-hexadecylphosphocholine	PQLXHQMOHUQAKB-UHFFFAOYSA-N
DB09038	empagliflozin-bi10773	OBWASQILIWPZMG-QZMOQZSNSA-N
DB09053	pci-32765	XYFPWWZEPKGCCK-GOSISDBHSA-N
DB09054	CAL-101	IFSDAJWBUCMOAH-HNNXBMFYSA-N
DB09055	Acipimox	DJQOOSBJCLSSEY-UHFFFAOYSA-N
DB09056	Amorolfine-Hydrochloride	MQHLMHIZUIDKOO-AYHJJNSGSA-N
DB09063	ldk378	VERWOWGGCGHDQE-UHFFFAOYSA-N
DB09064	ciprofibrate	KPSRODZRAIWAKH-UHFFFAOYSA-N
DB09065	cobicistat-gs-9350	ZCIGNRJZKPOIKD-CQXVEOKZSA-N
DB09068	vortioxetine-lu-aa21004-hydrobromide	YQNWZWMKLDQSAC-UHFFFAOYSA-N
DB09073	PD-0332991	AHJRHEGDXFFMBM-UHFFFAOYSA-N
DB09073	pd-0332991-palbociclib-isethionate	AHJRHEGDXFFMBM-UHFFFAOYSA-N
DB09074	AZD2281(Olaparib)	FDLYAMZZIXQODN-UHFFFAOYSA-N
DB09078	E7080	WOSKHXYHFSIKNG-UHFFFAOYSA-N
DB09079	BIBF1120	XZXHXSATPCNXJR-ZIADKAODSA-N
DB09083	ivabradine-hcl-procoralan	ACRHBAYQBXXRTO-OAQYLSRUSA-N
DB09084	benzydamine-hcl	CNBGNNVCVSKAQZ-UHFFFAOYSA-N
DB09085	tetracaine-hydrochloride-pontocaine	GKCBAIGFKIBETG-UHFFFAOYSA-N
DB09089	trimebutine	LORDFXWUHHSAQU-UHFFFAOYSA-N
DB09093	chlortetracycline-hcl	CYDMQBQPVICBEU-XRNKAMNCSA-N
DB09101	Elvitegravir	JUZYLCPPVHEVSV-LJQANCHMSA-N
DB09102	BMS-790052	FKRSSPOQAMALKA-CUPIEXAXSA-N
DB09110	Mesna(Uromitexan)	ZNEWHQLOPFWXOF-UHFFFAOYSA-N
DB09123	Dienogest	AZFLJNIPTRTECV-FUMNGEBKSA-N
DB09143	LDE225(NVP-LDE225)	VZZJRYRQSPEMTK-CALCHBBNSA-N
DB09203	Synephrine(Oxedrine)	YRCWQPVGYLYSOX-UHFFFAOYSA-N
DB09203	synephrine-hcl	YRCWQPVGYLYSOX-UHFFFAOYSA-N
DB09210	piracetam	GMZVRMREEHBGGF-UHFFFAOYSA-N
DB09213	Ibuprofen(Advil)	HEFNNWSXXWATRW-JTQLQIEISA-N
DB09214	Ketoprofen(Actron)	DKYWVDODHFEZIM-NSHDSACASA-N
DB09216	tolfenamic-acid	YEZNLOUZAIOMLT-UHFFFAOYSA-N
DB09220	Nicorandil(Ikorel)	LBHIOVVIQHSOQN-UHFFFAOYSA-N
DB09223	blonanserin-lonasen	XVGOZDAJGBALKS-UHFFFAOYSA-N
DB09230	azelnidipine	ZKFQEACEUNWPMT-UHFFFAOYSA-N
DB09231	benidipine-hydrochloride	QZVNQOLPLYWLHQ-ZEQKJWHPSA-N
DB09232	Cilnidipine	KJEBULYHNRNJTE-DHZHZOJOSA-N
DB09236	lacidipine-lacipil-motens	GKQPCPXONLDCMU-CCEZHUSRSA-N
DB09237	Amlodipine(Norvasc)	HTIQEAQVCYTUBX-KRWDZBQOSA-N
DB09238	Manidipine(Manyper)	ANEBWFXPVPTEET-UHFFFAOYSA-N
DB09238	Manidipine-dihydrochloride(CV-4093)	ANEBWFXPVPTEET-UHFFFAOYSA-N
DB09242	moxonidine	WPNJAUFVNXKLIM-UHFFFAOYSA-N
DB09256	Ftorafur	WFWLQNSHRPWKFK-UHFFFAOYSA-N
DB09257	gimeracil	ZPLQIPFOCGIIHV-UHFFFAOYSA-N
DB09267	strontium-ranelate-protelos	XXUZFRDUEGQHOV-UHFFFAOYSA-J
DB09268	sodium-picosulfate	UJIDKYTZIQTXPM-UHFFFAOYSA-N
DB09270	Coenzyme-Q10-CoQ10	ACTIUHUUMQJHFO-UPTCCGCDSA-N
DB09273	doxofylline	HWXIGFIVGWUZAO-UHFFFAOYSA-N
DB09274	Artesunate	FIHJKUPKCHIPAT-AHIGJZGOSA-N
DB09277	choline-chloride	SGMZJAMFUVOLNK-ULWFUOSBSA-M
DB09280	VX-809	UFSKUSARDNFIRC-UHFFFAOYSA-N
DB09289	Tianeptine-sodium-salt	JICJBGPOMZQUBB-UHFFFAOYSA-N
DB09298	Silibinin(Silybin)	SEBFKMXJBCUCAI-HKTJVKLFSA-N
DB09300	Butylscopolamine-bromide(Scopolamine-butylbromide)	YBCNXCRZPWQOBR-WVHCHWADSA-N
DB09320	procaine-novocaine-hcl	WHRVRSCEWKLAHX-LQDWTQKMSA-N
DB09324	sulbactam	FKENQMMABCRJMK-RITPCOANSA-N
DB09324	sulbactam-sodium-unasyn	FKENQMMABCRJMK-RITPCOANSA-N
DB09327	Ftorafur	DHMYGZIEILLVNR-UHFFFAOYSA-N
DB09327	uracil	DHMYGZIEILLVNR-UHFFFAOYSA-N
DB09351	betaxolol-betoptic	NWIUTZDMDHAVTP-KRWDZBQOSA-N
DB09351	betaxolol-hydrochloride-betoptic	NWIUTZDMDHAVTP-KRWDZBQOSA-N
DB09364	procaine-novocaine-hcl	XRCLWOYOVQUZLE-UHFFFAOYSA-M
DB09383	Betapar(Meprednisone)	PIDANAQULIKBQS-RNUIGHNZSA-N
DB09389	Levonorgestrel(Levonelle)	WWYNJERNGUHSAO-UHFFFAOYSA-N
DB09419	Xylose	PYMYPHUHKUWMLA-VPENINKCSA-N
DB09477	Enalaprilat	LZFZMUMEGBBDTC-QEJZJMRPSA-N
DB09484	sodium-monofluorophosphate	BFDWBSRJQZPEEB-UHFFFAOYSA-L
DB09494	1-hexadecanol	BXWNKGSJHAJOGX-UHFFFAOYSA-N
DB09495	Avobenzone(Parsol-1789)	XNEFYCZVKIDDMS-UHFFFAOYSA-N
DB09516	mequinol	NWVVVBRKAWDGAB-UHFFFAOYSA-N
DB09555	Chlorpheniramine-maleate	DBAKFASWICGISY-DASCVMRKSA-N
DB09570	MLN-2238	MXAYKZJJDUDWDS-LBPRGKRZSA-N
DB11156	Pyrantel-pamoate(Pyrantel-embonate)	YSAUAVHXTIETRK-AATRIKPKSA-N
DB11181	homatropine-bromide	ZTVIKZXZYLEVOL-MCOXGKPRSA-N
DB11195	ribitol-adonitol	HEBKCHPVOIAQTA-SCDXWVJYSA-N
DB11217	Arbutin(Uva,-p-Arbutin)	BJRNKVDFDLYUGJ-RMPHRYRLSA-N
DB11259	Diosmetin(Luteolin-4-methyl-ether)	MBNGWHIJMBWFHU-UHFFFAOYSA-N
DB11263	Polydatin(Piceid)	HSTZMXCBWJGKHG-CUYWLFDKSA-N
DB11315	Methscopolamine-bromide(Pamine)	LZCOQTDXKCNBEE-IKIFYQGPSA-N
DB11336	Kinetin(6-Furfuryladenine)	QANMHLXAZMSUEX-UHFFFAOYSA-N
DB11363	ch5424802	KDGFLJKFZUIJMX-UHFFFAOYSA-N
DB11364	pidotimod	UUTKICFRNVKFRG-WDSKDSINSA-N
DB11372	altrenogest	VWAUPFMBXBWEQY-ANULTFPQSA-N
DB11389	clorsulon	QOVTVIYTBRHADL-UHFFFAOYSA-N
DB11393	danofloxacin-mesylate	QMLVECGLEOSESV-RYUDHWBXSA-N
DB11394	decoquinate	JHAYEQICABJSTP-UHFFFAOYSA-N
DB11398	diclazuril	ZSZFUDFOPOMEET-UHFFFAOYSA-N
DB11404	enrofloxacin	SPFYMRJSYKOXGV-UHFFFAOYSA-N
DB11410	Fenbendazole(Panacur)	HDDSHPAODJUKPD-UHFFFAOYSA-N
DB11426	Marbofloxacin	BPFYOAJNDMUVBL-UHFFFAOYSA-N
DB11428	dexmedetomidine	CUHVIMMYOGQXCV-UHFFFAOYSA-N
DB11428	dexmedetomidine-hcl-precedex	CUHVIMMYOGQXCV-UHFFFAOYSA-N
DB11428	medetomidine-hcl	CUHVIMMYOGQXCV-UHFFFAOYSA-N
DB11430	Monensin-sodium-salt(Coban)	GAOZTHIDHYLHMS-KEOBGNEYSA-N
DB11443	orbifloxacin	QIPQASLPWJVQMH-DTORHVGOSA-N
DB11446	oxfendazole	BEZZFPOZAYTVHN-UHFFFAOYSA-N
DB11450	Pimobendan(Vetmedin)	GLBJJMFZWDBELO-UHFFFAOYSA-N
DB11471	tilmicosin	JTSDBFGMPLKDCD-XVFHVFLVSA-N
DB11475	tylosin-tartrate	WBPYTXDJUQJLPQ-VMXQISHHSA-N
DB11477	Xylazine(Rompun)	BPICBUSOMSTKRF-UHFFFAOYSA-N
DB11480	dinitolmide-zoalene	ZEFNOZRLAWVAQF-UHFFFAOYSA-N
DB11485	Ceftiofur-hydrochloride	ZBHXIWJRIFEVQY-IHMPYVIRSA-N
DB11491	sarafloxacin-hydrochloride	XBHBWNFJWIASRO-UHFFFAOYSA-N
DB11518	flunixin-meglumin	NOOCSNJCXJYGPE-UHFFFAOYSA-N
DB11520	hygromycin-b	GRRNUXAQVGOGFE-HUCHGKBZSA-N
DB11526	Masitinib-(AB1010)	WJEOLQLKVOPQFV-UHFFFAOYSA-N
DB11544	Salinomycin(Procoxacin)	KQXDHUJYNAXLNZ-XQSDOZFQSA-N
DB11556	detomidine-hcl	RHDJRPPFURBGLQ-UHFFFAOYSA-N
DB11562	bicuculline	IYGYMKDQCDOMRE-ZWKOTPCHSA-N
DB11581	abt-199	LQBVNQSMGBZMKD-UHFFFAOYSA-N
DB11596	Leucovorin-Calcium	VVIAGPKUTFNRDU-STQMWFEESA-N
DB11596	calcium-levofolinate-calcium-folinate	VVIAGPKUTFNRDU-STQMWFEESA-N
DB11614	rupatadine-fumarate	WUZYKBABMWJHDL-UHFFFAOYSA-N
DB11616	Pirarubicin	KMSKQZKKOZQFFG-YXRRJAAWSA-N
DB11638	Dihydroartemisinin(DHA)	BJDCWCLMFKKGEE-HVDUHBCDSA-N
DB11641	Vinflunine-Tartrate	NMDYYWFGPIMTKO-KLCPSUAYSA-N
DB11651	BEZ235	JOGKUKXHTYWRGZ-UHFFFAOYSA-N
DB11655	evacetrapib-ly2484595	IHIUGIVXARLYHP-YBXDKENTSA-N
DB11656	rebamipide	ALLWOAVDORUJLA-UHFFFAOYSA-N
DB11662	LY2603618-IC-83	SYYBDNPGDKKJDU-ZDUSSCGKSA-N
DB11663	GDC-0941	LHNIIDJUOCFXAP-UHFFFAOYSA-N
DB11665	bms-690514	CSGQVNMSRKWUSH-IAGOWNOFSA-N
DB11666	BKM-120	CWHUFRVAEUJCEF-UHFFFAOYSA-N
DB11674	equol	ADFCQWZHKCXPAJ-GFCCVEGCSA-N
DB11675	Mosapride-citrate	YPELFRMCRYSPKZ-UHFFFAOYSA-N
DB11689	AZD6244	CYOHGALHFOKKQC-UHFFFAOYSA-N
DB11696	Racecadotril(Acetorphan)	ODUOJXZPIYUATO-UHFFFAOYSA-N
DB11712	vx-661	MJUVRTYWUMPBTR-MRXNPFEDSA-N
DB11735	Dextrose(D-glucose)	GZCGUPFRVQAUEE-KCDKBNATSA-N
DB11737	icotinib	QQLKULDARVNMAL-UHFFFAOYSA-N
DB11738	Rilmenidine	CQXADFVORZEARL-UHFFFAOYSA-N
DB11739	tak-438	BFDBKMOZYNOTPK-UHFFFAOYSA-N
DB11740	MK-1775	BKWJAKQVGHWELA-UHFFFAOYSA-N
DB11743	gdc-0068	GRZXWCHAXNAUHY-NSISKUIASA-N
DB11745	cp-945598-hcl	UNAZAADNBYXMIV-UHFFFAOYSA-N
DB11749	Praziquantel(Biltricide)	FSVJFNAIGNNGKK-KRWDZBQOSA-N
DB11757	istradefylline-kw-6002	IQVRBWUUXZMOPW-PKNBQFBNSA-N
DB11760	bmn-673	HWGQMRYQVZSGDQ-HZPDHXFCSA-N
DB11762	salinosporamide-a-npi-0052-marizomib	NGWSFRIPKNWYAO-SHTIJGAHSA-N
DB11763	Cyt387	ZVHNDZWQTBEVRY-UHFFFAOYSA-N
DB11778	PHA-739358(Danusertib)	XKFTZKGMDDZMJI-HSZRJFAPSA-N
DB11779	Danoprevir	ZVTDLPBHTSMEJZ-JSZLBQEHSA-N
DB11781	CHR-2797(Tosedostat)	FWFGIHPGRQZWIW-SQNIBIBYSA-N
DB11782	birinapant-tl32711	PKWRMUKBEYJEIX-DXXQBUJASA-N
DB11783	imidapril-tanatril	KLZWOWYOHUKJIG-BPUTZDHNSA-N
DB11787	LY2228820	XPPBBJCBDOEXDN-UHFFFAOYSA-N
DB11789	Hyodeoxycholic-acid(HDCA)	DGABKXLVXPYZII-SIBKNCMHSA-N
DB11791	incb28060	LIOLIMKSCNQPLV-UHFFFAOYSA-N
DB11793	mk-4827	PCHKPVIQAHNQLW-CQSZACIVSA-N
DB11795	gsk2636771	XTKLTGBKIDQGQL-UHFFFAOYSA-N
DB11800	AV-951	SPMVMDHWKHCIDT-UHFFFAOYSA-N
DB11805	AZD0530	OUKYUETWWIPKQR-UHFFFAOYSA-N
DB11816	Omecamtiv-mecarbil-CK-1827452	RFUBTTPMWSKEIW-UHFFFAOYSA-N
DB11817	baricitinib-ly3009104	XUZMWHLSFXCVMG-UHFFFAOYSA-N
DB11828	Neratinib(HKI-272)	JWNPDZNEKVCWMY-VQHVLOKHSA-N
DB11830	MGCD0103(Mocetinostat)	HRNLUBSXIHFDHP-UHFFFAOYSA-N
DB11832	crenolanib-cp-868596	DYNHJHQFHQTFTP-UHFFFAOYSA-N
DB11836	ink128	GYLDXIAOMVERTK-UHFFFAOYSA-N
DB11841	MS-275	INVTYAOGFAGBOE-UHFFFAOYSA-N
DB11846	creatinine	DDRJAANPRJIHGJ-UHFFFAOYSA-N
DB11865	Brivanib-alaninate	LTEJRLHKIYCEOX-OCCSQVGLSA-N
DB11868	Levetiracetam	HPHUVLMMVZITSG-UHFFFAOYSA-N
DB11870	RO4929097	OJPLJFIFUQPSJR-INIZCTEOSA-N
DB11883	sb705498	JYILLRHXRVTRSH-GFCCVEGCSA-N
DB11886	bgj398-nvp-bgj398	QADPYRIHXKWUSV-UHFFFAOYSA-N
DB11890	cilengitide-emd-121974-nsc-707544	AMLYAMJWYAIXIA-VWNVYAMZSA-N
DB11891	cudc-907	JOWXJLIFIIOYMS-UHFFFAOYSA-N
DB11893	BMS-708163	XEAOPVUAMONVLA-QGZVFWFLSA-N
DB11896	pki587	DWZAEMINVBZMHQ-UHFFFAOYSA-N
DB11899	sch-900776	GMIZZEXBPRLVIV-SECBINFHSA-N
DB11901	arn-509	HJBWBFZLDZWPHF-UHFFFAOYSA-N
DB11903	gw-842166x	TWQYWUXBZHPIIV-UHFFFAOYSA-N
DB11909	LY315920(Varespladib)	BHLXTPHDSZUFHR-UHFFFAOYSA-N
DB11911	ly2157299	IVRXNBXKWIJUQB-UHFFFAOYSA-N
DB11918	sgi-110	GUWXKKAWLCENJA-WGWHJZDNSA-N
DB11921	Deflazacor	FBHSPRKOSMHSIF-GRMWVWQJSA-N
DB11925	azd2014	JUSFANSTBFGBAF-IRXDYDNUSA-N
DB11952	ipi-145-ink1197	SJVQHLPISAIATJ-ZDUSSCGKSA-N
DB11954	VX-222	WPMJNLCLKAKMLA-VVPTUSLJSA-N
DB11958	Brivanib	WCWUXEGQKLTGDX-LLVKDONJSA-N
DB11962	GSK1059615	QDITZBLZQQZVEE-YBEGLDIGSA-N
DB11963	pf299804	LVXJQMNHJWSHET-AATRIKPKSA-N
DB11973	XL647	HVXKQKFEHMGHSL-QKDCVEJESA-N
DB11974	pf-04691502	XDLYKKIQACFMJG-WKILWMFISA-N
DB11977	golvatinib-e7050	UQRCJCNVNUFYDX-UHFFFAOYSA-N
DB11991	oprozomib-onx-0912	SWZXEVABPLUDIO-WSZYKNRRSA-N
DB12001	ly2835219	UZWDCWONPYILKI-UHFFFAOYSA-N
DB12010	R788(Fostamatinib-disodium)	GKDRMWXFWHEQQT-UHFFFAOYSA-N
DB12010	R7935788-Fostamatinib	GKDRMWXFWHEQQT-UHFFFAOYSA-N
DB12015	byl719	STUWGJZDJHPWGZ-LBPRGKRZSA-N
DB12017	Ozagrel	SHZKQBHERIJWAO-AATRIKPKSA-N
DB12017	ozagrel-hydrochloride	SHZKQBHERIJWAO-AATRIKPKSA-N
DB12021	dinaciclib-sch727965	PIMQWRZWLQKKBJ-SFHVURJKSA-N
DB12025	triptolide	DFBIRQPKNDILPW-CIVMWXNOSA-N
DB12027	JNJ-26854165	CEGSUKYESLWKJP-UHFFFAOYSA-N
DB12029	Chlorogenic-acid	CWVRJTMFETXNAD-JUHZACGLSA-N
DB12047	ganetespib-sta-9090	RVAQIUULWULRNW-UHFFFAOYSA-N
DB12050	ly3039478	YCBAQKQAINQRFW-UGSOOPFHSA-N
DB12052	Icariin	TZJALUIVHRYQQB-XLRXWWTNSA-N
DB12062	BI6727-Volasertib	SXNJFOWDRLKDSF-STROYTFGSA-N
DB12064	BMS-777607	VNBRGSXVFBYQNN-UHFFFAOYSA-N
DB12066	TAK-700	OZPFIJIOIVJZMN-SFHVURJKSA-N
DB12072	TSU-68(SU6668)	NHFDRBXTEDBWCZ-ZROIWOOFSA-N
DB12078	Ostarine	JNGVJMBLXIUVRD-SFHVURJKSA-N
DB12092	Naftopidil(Flivas)	HRRBJVNMSRJFHQ-UHFFFAOYSA-N
DB12092	Naftopidil-Dihydrochloride	HRRBJVNMSRJFHQ-UHFFFAOYSA-N
DB12093	rotundine	AEQDJSLRWYMAQI-KRWDZBQOSA-N
DB12098	r-baclofen	KPYSYYIEGFHWSV-MRVPVSSYSA-N
DB12108	gdc-0032	BEUQXVWXFDOSAQ-UHFFFAOYSA-N
DB12109	cpi-613	ZYRLHJIMTROTBO-UHFFFAOYSA-N
DB12116	(-)-Epigallocatechin-gallate	WMBWREPUVVBILR-WIYYLYMNSA-N
DB12123	cinepazide-maleate	RCUDFXMNPQNBDU-VOTSOKGWSA-N
DB12129	tideglusib	PMJIHLSCWIDGMD-UHFFFAOYSA-N
DB12131	vinpocetine-cavinton	DDNCQMVWWZOMLN-IRLDBZIGSA-N
DB12137	gsk256066	JFHROPTYMMSOLG-UHFFFAOYSA-N
DB12146	ON-01910	OWBFCJROIKNMGD-BQYQJAHWSA-N
DB12174	CUDC-101	PLIVFNIUGLLCEK-UHFFFAOYSA-N
DB12180	GDC-0980-RG7422	YOVVNQKCSKSHKT-HNNXBMFYSA-N
DB12181	dalcetrapib-jtt-705	YZQLWPMZQVHJED-UHFFFAOYSA-N
DB12183	AZD8931	DFJSJLGUIXFDJP-UHFFFAOYSA-N
DB12191	Obatoclax-Mesylate	RFTSSZJZXOSICM-GRSHGNNSSA-N
DB12200	arq-197	UCEQXRCJXIVODC-PMACEKPBSA-N
DB12218	azd5363	JDUBGYFRJFOXQC-KRWDZBQOSA-N
DB12241	tak-733	RCLQNICOARASSR-SECBINFHSA-N
DB12242	AZD7762	IAYGCINLNONXHY-LBPRGKRZSA-N
DB12243	Edaravone	QELUYTUMUWHWMC-UHFFFAOYSA-N
DB12245	triclabendazole	NQPDXQQQCQDHHW-UHFFFAOYSA-N
DB12247	azd4547	VRQMAABPASPXMW-HDICACEKSA-N
DB12254	ABT-751	URCVCIZFVQDVPM-UHFFFAOYSA-N
DB12284	ly2608204	QIIVJLHCZUTGSD-CUBQBAPOSA-N
DB12286	levosimendan	WHXMKTBCFHIYNQ-UHFFFAOYSA-N
DB12291	ci994-tacedinaline	VAZAPHZUAVEOMC-UHFFFAOYSA-N
DB12302	CP-724714	LLVZBTWPGQVVLW-SNAWJCMRSA-N
DB12307	XL880(GSK1363089,EXEL-2880)	CXQHYVUVSFXTMY-UHFFFAOYSA-N
DB12318	BMS-599626	LUJZZYWHBDHDQX-QFIPXVFZSA-N
DB12332	AG-014699	HMABYWSNWIZPAG-UHFFFAOYSA-N
DB12340	ABT-263	JLYAXFNOILIKPP-KXQOOQHDSA-N
DB12359	BIIB021	QULDDKSCVCJTPV-UHFFFAOYSA-N
DB12369	sotrastaurin-aeb071	OAVGBZOFDPFGPJ-UHFFFAOYSA-N
DB12371	baf312-siponimod	KIHYPELVXPAIDH-HNSNBQBZSA-N
DB12376	rocilinostat-acy-1215	QGZYDVAGYRLSKP-UHFFFAOYSA-N
DB12379	Indirubin	CRDNMYFJWFXOCH-BUHFOSPRSA-N
DB12385	10-hydroxycamptothecin	HAWSQZCWOQZXHI-FQEVSTJZSA-N
DB12387	OSI027	JROFGZPOBKIAEW-HAQNSBGRSA-N
DB12395	reboxetine-mesylate	CBQGYUDMJHNJBX-OALUTQOASA-N
DB12405	Triciribine	HOGVTUZUJGHKPL-HTVVRFAVSA-N
DB12411	r428	KXMZDGSRSGHMMK-VWLOTQADSA-N
DB12415	galeterone-tok-001	PAFKTGFSEFKSQG-PAASFTFBSA-N
DB12424	MK-3207	AZAANWYREOQRFB-SETSBSEESA-N
DB12429	CI-1040-(PD184352)	GFMMXOIFOQCCGU-UHFFFAOYSA-N
DB12442	17-DMAG,Hydrochloride-Salt	KUFRQPKVAWMTJO-LMZWQJSESA-N
DB12447	nadifloxacin	JYJTVFIEFKZWCJ-UHFFFAOYSA-N
DB12449	tempol-4-hydroxy-tempo	UZFMOKQJFYMBGY-UHFFFAOYSA-N
DB12463	Semagacestat(LY450139)	PKXWXXPNHIWQHW-RCBQFDQVSA-N
DB12465	Ketanserin-Vulketan-Gel	FPCCSQOGAWCVBH-UHFFFAOYSA-N
DB12472	dropropizine	PTVWPYVOOKLBCG-ZDUSSCGKSA-N
DB12472	levodropropizine	PTVWPYVOOKLBCG-ZDUSSCGKSA-N
DB12480	betulinic-acid	QGJZLNKBHJESQX-FZFNOLFKSA-N
DB12483	bay80-6946	PZBCKZWLPGJMAO-UHFFFAOYSA-N
DB12491	tak-875	BZCALJIHZVNMGJ-HSZRJFAPSA-N
DB12494	SGI-1776	MHXGEROHKGDZGO-UHFFFAOYSA-N
DB12500	tg-101348	JOOXLOJCABQBSG-UHFFFAOYSA-N
DB12523	mizolastine-mizollen	PVLJETXTTWAYEW-UHFFFAOYSA-N
DB12547	LY-2886721	NIDRNVHMMDAAIK-YPMLDQLKSA-N
DB12550	ly2940680	SZBGQDXLNMELTB-UHFFFAOYSA-N
DB12556	mk-5108-vx-689	LCVIRAZGMYMNNT-VVONHTQRSA-N
DB12558	AEE788	OONFNUWBHFSNBT-HXUWFJFHSA-N
DB12565	PCI-24781	MAUCONCHVWBMHK-UHFFFAOYSA-N
DB12582	Piperine(1-Piperoylpiperidine)	MXXWOMGUGJBKIW-YPCIICBESA-N
DB12591	bms-911543	JCINBYQJBYJGDM-UHFFFAOYSA-N
DB12598	Nafamostat-mesylate	MQQNFDZXWVTQEH-UHFFFAOYSA-N
DB12611	pf-477736	NDEXUOWTGYUVGA-LJQANCHMSA-N
DB12617	Mizoribine	HZQDCMWJEBCWBR-UUOKFMHZSA-N
DB12618	apocynin-acetovanillone	DFYRUELUNQRZTB-UHFFFAOYSA-N
DB12627	GSK1292263	AYJRTVVIBJSSKN-UHFFFAOYSA-N
DB12645	ITF2357(Givinostat)	YALNUENQHAQXEA-UHFFFAOYSA-N
DB12661	urapidil-hydrochloride	ICMGLRUYEQNHPF-UHFFFAOYSA-N
DB12667	protionamide-prothionamide	VRDIULHPQTYCLN-UHFFFAOYSA-N
DB12679	wp1066	VFUAJMPDXIRPKO-LQELWAHVSA-N
DB12680	sb-742457	JJZFWROHYSMCMU-UHFFFAOYSA-N
DB12682	Mubritinib-TAK-165	ZTFBIUXIQYRUNT-MDWZMJQESA-N
DB12686	PHA-793887	HUXYBQXJVXOMKX-UHFFFAOYSA-N
DB12703	gsk2126458	CGBJSGAELGCMKE-UHFFFAOYSA-N
DB12707	AR-42-HDAC-42	LAMIXXKAWNLXOC-INIZCTEOSA-N
DB12719	way-362450	INASOKQDNHHMRE-UHFFFAOYSA-N
DB12731	apo866-fk866	KPBNHDGDUADAGP-VAWYXSNFSA-N
DB12739	bindarit	MTHORRSSURHQPZ-UHFFFAOYSA-N
DB12742	MP-470	FOFDIMHVKGYHRU-UHFFFAOYSA-N
DB12745	GSK690693	KGPGFQWBCSZGEL-ZDUSSCGKSA-N
DB12750	l-name-hcl	KCWZGJVSDFYRIX-YFKPBYRVSA-N
DB12756	tak-901	WKDACQVEJIVHMZ-UHFFFAOYSA-N
DB12770	lafutidine	KMZQAVXSMUKBPD-DJWKRKHSSA-N
DB12774	AZD8055	KVLFRAWTRWDEDF-IRXDYDNUSA-N
DB12783	Benserazide-hydrochloride(Serazide)	BNQDCRGUHNALGH-UHFFFAOYSA-N
DB12812	Palomid-529-P529	YEAHTLOYHVWAKW-UHFFFAOYSA-N
DB12831	gabexate-mesylate	YKGYIDJEEQRWQH-UHFFFAOYSA-N
DB12834	Secnidazole-Flagentyl	KPQZUUQMTUIKBP-UHFFFAOYSA-N
DB12848	PF-04217903	PDMUGYOXRHVNMO-UHFFFAOYSA-N
DB12852	mk-0752	XCGJIFAKUZNNOR-QCKZDCLWSA-N
DB12874	AC-220	CVWXJKQAOSCOAB-UHFFFAOYSA-N
DB12881	Indole-3-carbinol	IVYPNXXAYMYVSP-UHFFFAOYSA-N
DB12904	ZSTK474	HGVNLRPZOWWDKD-UHFFFAOYSA-N
DB12907	Dextrose(D-glucose)	GZCGUPFRVQAUEE-KVTDHHQDSA-N
DB12920	epz-5676	LXFOLMYKSYSZQS-LURJZOHASA-N
DB12947	doxifluridine	ZWAOHEXOSAUJHY-ZIYNGMLESA-N
DB12970	Dextrose(D-glucose)	GZCGUPFRVQAUEE-VANKVMQKSA-N
DB12974	bay-1000394	UELYDGOOJPRWGF-SRQXXRKNSA-N
DB12979	nepicastat-hydrochloride	YZZVIKDAOTXDEB-JTQLQIEISA-N
DB12981	xl888	LHGWWAFKVCIILM-HLRQEUIKSA-N
DB12985	JNJ-26481585	PAWIYAYFNXQGAP-UHFFFAOYSA-N
DB13005	dcc-2036	WVXNSAVVKYZVOE-UHFFFAOYSA-N
DB13023	ipi-493	XYFFWTYOFPSZRM-TWNAANEASA-N
DB13024	mk-8245	UJEAABFSXKCSGI-UHFFFAOYSA-N
DB13026	ornidazole	IPWKIXLWTCNBKN-UHFFFAOYSA-N
DB13040	LY2784544	SQSZANZGUXWJEA-UHFFFAOYSA-N
DB13044	Gossypol	QBKSWRVVCFFDOT-UHFFFAOYSA-N
DB13044	at101	QBKSWRVVCFFDOT-UHFFFAOYSA-N
DB13048	pac-1	YQNRVGJCPCNMKT-LFVJCYFKSA-N
DB13051	ch5132799	JEGHXKRHKHPBJD-UHFFFAOYSA-N
DB13056	Irsogladine-maleate	ATCGGEJZONJOCL-UHFFFAOYSA-N
DB13059	pf-03814735	RYYNGWLOYLRZLK-RBUKOAKNSA-N
DB13061	MLN8054	HHFBDROWDBDFBR-UHFFFAOYSA-N
DB13063	Parthenolide((-)-Parthenolide)	KTEXNACQROZXEV-SLXBATTESA-N
DB13065	LY2811376	MJQMRGWYPNIERM-HNNXBMFYSA-N
DB13072	gdc-0349	RGJOJUGRHPQXGF-INIZCTEOSA-N
DB13082	Nefiracetam(Translon)	NGHTXZCKLWZPGK-UHFFFAOYSA-N
DB13089	Enoxolone(Glycyrrhetin)	MPDGHEJMBKOTSU-YKLVYJNSSA-N
DB13113	JNJ-38877605	JRWCBEOAFGHNNU-UHFFFAOYSA-N
DB13124	Troxerutin	IYVFNTXFRYQLRP-VVSTWUKXSA-N
DB13132	Artemisinin	BLUAFEHZUWYNDE-NNWCWBAJSA-N
DB13141	ambroxol-hcl	IPUHJDQWESJTGD-NJJJQDLFSA-N
DB13155	Aesculin(Esculin)	XHCADAYNFIFUHF-TVKJYDDYSA-N
DB13156	inosine	YLDCUKJMEKGGFI-KSIULYHRSA-N
DB13174	Rhein-Monorhein	FCDLCPWAQCPTKC-UHFFFAOYSA-N
DB13182	Daidzein	ZQSIJRDFPHDXIC-UHFFFAOYSA-N
DB13247	pramiracetam	ZULJGOSFKWFVRX-UHFFFAOYSA-N
DB13251	octopamine-hcl	QHGUCRYDKWKLMG-UHFFFAOYSA-N
DB13306	chlorquinaldol	GPTXWRGISTZRIO-UHFFFAOYSA-N
DB13343	tioxolone	SLYPOVJCSQHITR-UHFFFAOYSA-N
DB13346	bufexamac	MXJWRABVEGLYDG-UHFFFAOYSA-N
DB13394	adrenalone-hcl	PZMVOUYYNKPMSI-UHFFFAOYSA-N
DB13419	troxipide	YSIITVVESCNIPR-UHFFFAOYSA-N
DB13434	fenticonazole-nitrate	ZCJYUTQZBAIHBS-UHFFFAOYSA-N
DB13478	meptazinol-hydrochloride	JLICHNCFTLFZJN-UHFFFAOYSA-N
DB13483	ethamsylate	HBGOLJKPSFNJSD-UHFFFAOYSA-N
DB13500	otilonium-bromide	NQHNLNLJPDMBFN-UHFFFAOYSA-O
DB13509	aspirin-acetylsalicylic-acid	MXCPYJZDGPQDRA-UHFFFAOYSA-N
DB13510	auflomedil-hcl	OWYLAEYXIQKAOL-UHFFFAOYSA-N
DB13514	pranoprofen	TVQZAMVBTVNYLA-UHFFFAOYSA-N
DB13529	ethamsylate	IKQCSJBQLWJEPU-UHFFFAOYSA-N
DB13540	isepamicin	UDIIBEDMEYAVNG-ZKFPOVNWSA-N
DB13551	cinchophen	YTRMTPPVNRALON-UHFFFAOYSA-N
DB13576	Niacin(Nicotinic-acid)	NSFYKDVWNTWJOK-UHFFFAOYSA-K
DB13597	Moroxydine-hydrochloride	KJHOZAZQWVKILO-UHFFFAOYSA-N
DB13609	Arbidol-hcl	KCFYEAOKVJSACF-UHFFFAOYSA-N
DB13612	aspirin-acetylsalicylic-acid	VYMUGTALCSPLDM-UHFFFAOYSA-L
DB13618	ipriflavone	SFBODOKJTYAUCM-UHFFFAOYSA-N
DB13644	methylthiouracil	HWGBHCRJGXAGEU-UHFFFAOYSA-N
DB13650	trometamol	GJJYZOBRHIMORS-GQOAHPRESA-K
DB13679	Chlorpheniramine-maleate	SOYKEARSMXGVTM-HNNXBMFYSA-N
DB13720	diphemanil-methylsulfate	LCTZPQRFOZKZNK-UHFFFAOYSA-N
DB13723	mildronate	PVBQYTCFVWZSJK-UHFFFAOYSA-N
DB13726	sulfaguanidine	BRBKOPJOKNSWSG-UHFFFAOYSA-N
DB13729	camostat-mesilate-foy-305	XASIMHXSUQUHLV-UHFFFAOYSA-N
DB13732	meglumine	XOGYVDXPYVPAAQ-SESJOKTNSA-M
DB13751	Ammonium-Glycyrrhizinate(AMGZ)	LPLVUJXQOOQHMX-QWBHMCJMSA-N
DB13751	Glycyrrhizic-acid	LPLVUJXQOOQHMX-QWBHMCJMSA-N
DB13783	acemetacin-emflex	FSQKKOOTNAMONP-UHFFFAOYSA-N
DB13785	dropropizine	PTVWPYVOOKLBCG-UHFFFAOYSA-N
DB13785	levodropropizine	PTVWPYVOOKLBCG-UHFFFAOYSA-N
DB13786	Orotic-acid(6-Carboxyuracil)	QWLHYYKDLOVBNV-UHFFFAOYSA-L
DB13791	penfluridol	MDLAAYDRRZXJIF-UHFFFAOYSA-N
DB13855	nifuroxazide	YCWSUKQGVSGXJO-NTUHNPAUSA-N
DB13871	albendazole-oxide-ricobendazole	VXTGHWHFYNYFFV-UHFFFAOYSA-N
DB13877	BSI-201	MDOJTZQKHMAPBK-UHFFFAOYSA-N
DB13919	Candesartan(Atacand)	HTQMVQVXFRQIKW-UHFFFAOYSA-N
DB13953	estradiol-benzoate	UYIFTLBWAOGQBI-BZDYCCQFSA-N
DB13954	estradiol-cypionate	UOACKFBJUYNSLK-XRKIENNPSA-N
DB13956	estradiol-valerate	RSEPBGGWRJCQGY-RBRWEJTLSA-N
DB13971	Sodium-orthovanadate	LEONUFNNVUYDNQ-UHFFFAOYSA-N
DB13978	EX-527	FUZYTVDVLBBXDL-UHFFFAOYSA-N
DB13988	sb-269970-hcl	HWKROQUZSKPIKQ-MRXNPFEDSA-N
DB14025	clinafloxacin-pd127391	QGPKADBNRMWEQR-UHFFFAOYSA-N
DB14038	??-Sitosterol	KZJWDPNRJALLNS-VJSFXXLFSA-N
DB14054	Asiatic-acid	JXSVIVRDWWRQRT-UYDOISQJSA-N
DB14066	Tetrandrine-Fanchinine	WVTKBKWTSCPRNU-KYJUHHDHSA-N
DB14080	Acetylcysteine	CDIFCTOKYOUYOT-SCGRZTRASA-L
DB14109	Arbutin(Uva,-p-Arbutin)	BJRNKVDFDLYUGJ-ZIQFBCGOSA-N
DB14126	Tenofovir	SGOIRFVFHAKUTI-ZCFIWIBFSA-N
DB14128	nad	BAWFJGJZGIEFAR-NNYOXOHSSA-N
DB14479	Acetylcysteine	KNVKDNCWDNRTOE-SCGRZTRASA-L
DB14482	vitamin-c-ascorbic-acid	PPASLZSBLFJQEF-RXSVEWSESA-M
DB14483	vitamin-c-ascorbic-acid	BLORRZQTHNGFTI-ZZMNMWMASA-L
DB14484	vitamin-c-ascorbic-acid	AIOKQVJVNPDJKA-ZZMNMWMASA-L
DB14485	vitamin-c-ascorbic-acid	WWRJFSIRMWUMAE-ZZMNMWMASA-L
DB14486	Nicotinamide(Niacinamide)	JMORAWFVNMGOKQ-MGMRMFRLSA-N
DB14486	vitamin-c-ascorbic-acid	JMORAWFVNMGOKQ-MGMRMFRLSA-N
DB14490	vitamin-c-ascorbic-acid	RFBYLSCVRUTUSB-ZZMNMWMASA-L
DB14512	mometasone-furoate	WOFMFGQZHJDGCX-ZULDAHANSA-N
DB14529	Niacin(Nicotinic-acid)	MSPQQAUTCRWLGR-UHFFFAOYSA-K
DB14596	Loteprednol-etabonate	DMKSVUSAATWOCU-HROMYWEYSA-N
DB14649	dexamethasone-acetate	AKUJBENLRBOFTD-RPRRAYFGSA-N
DB14669	dexamethasone-sodium-phosphate	VQODGRNSFPNSQE-DVTGEIKXSA-N
DB14704	ribitol-adonitol	HEBKCHPVOIAQTA-ZXFHETKHSA-N
DB14726	BIBR-953(Dabigatran)	YBSJFWOBGCMAKL-UHFFFAOYSA-N
DB14765	Apatinib-YN968D1	WPEWQEMJFLWMLV-UHFFFAOYSA-N
DB14887	pf-04620110	GEVVQZHMFVFGLN-HDJSIYSDSA-N
DB14904	AS703026	VIUAUNHCRHHYNE-JTQLQIEISA-N
DB14913	clevudine-levovir	GBBJCSTXCAQSSJ-MSYRQUNGSA-N
DB14949	azd7687	YXFNPRHZMOGREC-SHTZXODSSA-N
DB14980	azd6482	IRTDIKMSKMREGO-OAHLLOKOSA-N
DB15068	cep-32496	DKNUPRMJNUQNHR-UHFFFAOYSA-N
DB15073	Xylose	PYMYPHUHKUWMLA-LMVFSUKVSA-N
DB15130	Pramipexole-Mirapex	FASDKYOPVNHBLU-SSDOTTSWSA-N
DB15130	Pramipexole-dihydrochloride-monohydrate	FASDKYOPVNHBLU-SSDOTTSWSA-N
DB15133	emd-1214063	AHYMHWXQRWRBKT-UHFFFAOYSA-N
DB15141	VX-770	PURKAOJPTOLRMP-ASMGOKTBSA-N
DB15266	mln2480	VWMJHAFYPMOMGF-ZCFIWIBFSA-N
DB15293	epalrestat	CHNUOJQWGUIOLD-NFZZJPOKSA-N
DB15334	Biochanin-A(4-Methylgenistein)	WUADCCWRTIWANL-UHFFFAOYSA-N
DB15335	Formononetin(Formononetol)	HKQYGTCOTHHOMP-UHFFFAOYSA-N
DB15393	Telatinib-BAY-57-9352	QFCXANHHBCGMAS-UHFFFAOYSA-N
DB15399	BMS-754807	LQVXSNNAFNGRAH-QHCPKHFHSA-N
DB15408	cx-4945-silmitasertib	MUOKSQABCJCOPU-UHFFFAOYSA-N
DB15410	Propafenone(Rytmonorm)	JWHAUXFOSRPERK-SFHVURJKSA-N
DB15414	Sorafenib-Tosylate	MLDQJTXFUGDVEO-FIBGUPNXSA-N
DB15477	Aloin(Barbaloin)	AFHJQYHRLPMKHU-CGISPIQUSA-N
DB15566	Prednisolone-acetate-Omnipred	LRJOMUJRLNCICJ-JZYPGELDSA-N
DB15578	5-hydroxymethyl-tolterodine-pnu-200577	DUXZAXCGJSBGDW-HXUWFJFHSA-N
DB15579	Cryptotanshinone	GVKKJJOMQCNPGB-JTQLQIEISA-N
DB15580	climbazole	OWEGWHBOCFMBLP-UHFFFAOYSA-N
DB15581	Chrysin	RTIXKCRFFJGDFG-UHFFFAOYSA-N
DB15582	Quinomycin-A	AUJXLBOHYWTPFV-VITLIGDRSA-N
DB15584	Luteolin(Luteolol)	IQPNAANSBPBGFQ-UHFFFAOYSA-N
DB15589	Vanillylacetone	OJYLAHXKWMRDGS-UHFFFAOYSA-N
