drugbank_id	pubchem_dotf_id	inchi_key
DB00007	12013727	GFIJNRVAKGFPGQ-LIJARHBVSA-N
DB00014	12012688	BLCLNMBMMGCOAS-URPVMXJPSA-N
DB00050	12014333	SBNPWPIBESPSIF-MHWMIDJBSA-N
DB00080	12013658	DOAKLVKFURWEDJ-RWDRXURGSA-N
DB00091	12013381	PMATZTZNYRCHOR-CGLBZJNRSA-N
DB00104	12013843	DEQANNDTNATYII-OULOTJBUSA-N
DB00106	12015126	AIWRTTMUVOZGPW-HSPKUQOVSA-N
DB00114	24714768	NGVDGCNFYWLIFO-UHFFFAOYSA-N
DB00118	56310594	MEFKEPWMEQBLKI-AIRLBKTGSA-N
DB00126	22395201	CIWBSHSKHKDKBQ-JLAZNSOCSA-N
DB00131	22395762	UDMBCSSLTHHNCD-KQYNXXCUSA-N
DB00134	125299323	FFEARJCKVFRZRR-BYPYZUCNSA-N
DB00136	12012574	GMRQFYUYWCNGIN-NKMMMXOESA-N
DB00140	24714797	AUNGANRZJHBGPY-SCRDCRAPSA-N
DB00150	24714971	QIVBCDIJIAJPQS-VIFPVBQESA-N
DB00158	56310593	OVBPIULPVIDEAO-LBPRGKRZSA-N
DB00163	87550942	GVJHHUAWPYXKBD-IEOSBIPESA-N
DB00166	56310579	AGBQKNBQESQNJD-SSDOTTSWSA-N
DB00169	22395904	QYSXJUFSXHHAJI-YRZJJWOYSA-N
DB00175	12013526	TUZYXOIXSAXUGO-PZAWKZKUSA-N
DB00176	12013347	CJOFXWAVKWHTFT-XSFVSMFZSA-N
DB00177	123055291	ACWBQPMHZXGDFX-QFIPXVFZSA-N
DB00178	12012944	HDACQVRGBOVJII-JBDAPHQKSA-N
DB00179	12014519	HCZKYJDFEPMADG-TXEJJXNPSA-N
DB00180	12015269	XSFJVAJPIHIPKU-XWCQMRHXSA-N
DB00181	123055284	KPYSYYIEGFHWSV-UHFFFAOYSA-N
DB00185	12014087	WUTYZMFRCNBCHQ-LHIURRSHSA-N
DB00187	12012628	AQNDDEOPVVGCPG-UHFFFAOYSA-N
DB00188	12015194	GXJABQQUPOEUTA-RDJZCZTQSA-N
DB00192	12012957	UCEWGESNIULAGX-UHFFFAOYSA-N
DB00194	81044335	OIRDTQYFTABQOQ-UHTZMRCNSA-N
DB00195	12012676	NWIUTZDMDHAVTP-UHFFFAOYSA-N
DB00196	12013592	RFHAOTPXVQNOHP-UHFFFAOYSA-N
DB00197	12013560	GXPHKUHSUJUWKP-UHFFFAOYSA-N
DB00198	12015075	VSZGPKBBMSAYNT-RRFJBIMHSA-N
DB00199	12012581	ULGZDMOVFRHVEP-RWJQBGPGSA-N
DB00203	12014701	BNRNXUUZRGQAQC-UHFFFAOYSA-N
DB00204	12014163	IXTMWRCNAAVVAI-UHFFFAOYSA-N
DB00205	22395175	WKSAUQYGYAYLPV-UHFFFAOYSA-N
DB00207	12013987	MQTOSJVFKKJCRP-BICOPXKESA-N
DB00208	12013291	PHWBOXQYWZNQIN-UHFFFAOYSA-N
DB00214	12012656	NGBFQHCMQULJNZ-UHFFFAOYSA-N
DB00215	12012767	WSEQXVZVJXJVFP-UHFFFAOYSA-N
DB00215	12014433	WSEQXVZVJXJVFP-UHFFFAOYSA-N
DB00216	12014973	PWVXXGRKLHYWKM-LJQANCHMSA-N
DB00218	12015073	FABPRXSRWADJSP-MEDUHNTESA-N
DB00220	12014897	QAGYKUNXZHXKMR-HKWSIXNMSA-N
DB00222	12013623	WIGIZIANZCJQQY-RUCARUNLSA-N
DB00223	12015553	WXURHACBFYSXBI-XHIJKXOTSA-N
DB00224	12014807	CBVCZFGXHXORBI-PXQQMZJSSA-N
DB00226	12015481	HPBNRIOWIXYZFK-UHFFFAOYSA-N
DB00227	12012664	PCZOHLXUXFIOCF-BXMDZJJMSA-N
DB00229	12013348	QYQDKDWGWDOFFU-IUODEOHRSA-N
DB00230	12014780	AYXYPKUFHZROOJ-ZETCQYMHSA-N
DB00234	12013274	CBQGYUDMJHNJBX-RTBURBONSA-N
DB00235	12013065	PZRHRDRVRGEVNW-UHFFFAOYSA-N
DB00238	12014582	NQDJXKOVJZTUJA-UHFFFAOYSA-N
DB00239	12013365	QRJJEGAJXVEBNE-HKOYGPOVSA-N
DB00242	99431527	PTOAARAWEBMLNO-KVQBGUIXSA-N
DB00243	12013498	XKLMZUWKNUAPSZ-UHFFFAOYSA-N
DB00244	12015286	KBOPZPXVLCULAV-UHFFFAOYSA-N
DB00246	12014809	MVWVFYHBGMAFLY-UHFFFAOYSA-N
DB00247	24714726	KPJZHOPZRAFDTN-NQUBZZJWSA-N
DB00248	12013713	KORNTPPJEAJQIU-KJXAQDMKSA-N
DB00249	12014017	XQFRJNBWHJMXHO-RRKCRQDMSA-N
DB00250	24714727	MQJKPEGWNLWLTK-UHFFFAOYSA-N
DB00251	12013729	BLSQLHNBWJLIBQ-OZXSUGGESA-N
DB00252	24714731	CXOFVDLJLONNDW-UHFFFAOYSA-N
DB00254	99431521	JBIWCJUYHHGXTC-AKNGSSGZSA-N
DB00255	56310572	RGLYKWWBQGJZGM-ISLYRVAYSA-N
DB00260	12014545	DYDCUQKUCUHJBH-UWTATZPHSA-N
DB00261	12012620	OTBXOEAOVRKTNQ-UHFFFAOYSA-N
DB00267	12013364	HJJDBAOLQAWBMH-YCRCPZNHSA-N
DB00268	12013472	UHSKFQJFRQCDBE-UHFFFAOYSA-N
DB00270	12013580	HMJIYCCIJYRONP-UHFFFAOYSA-N
DB00273	12013555	KJADKKWYZYXHBB-XBWDGYHZSA-N
DB00276	12013305	XCPGHVQEEXUHNC-UHFFFAOYSA-N
DB00278	12013105	KXNPVXPOPUZYGB-IOVMHBDKSA-N
DB00279	24714734	AUYYCJSJGJYCDS-LBPRGKRZSA-N
DB00282	12013158	WRUUGTRCQOWXEG-UHFFFAOYSA-N
DB00285	12013480	PNVNVHUZROJLTJ-UHFFFAOYSA-N
DB00287	12015307	MKPLKVHSHYCHOC-AHTXBMBWSA-N
DB00289	12012642	VHGCDTVCOLNTBX-QGZVFWFLSA-N
DB00291	99431548	JCKYGMPEJWAADB-UHFFFAOYSA-N
DB00292	12013395	NPUKDXXFDDZOKR-LLVKDONJSA-N
DB00293	12014189	IVTVGDXNLFLDRM-HNNXBMFYSA-N
DB00294	12012881	GCKFUYQCUCGESZ-BPIQYHPVSA-N
DB00296	12014369	ZKMNUMMKYBVTFN-HNNXBMFYSA-N
DB00297	12014951	LEBVLXFERQHONN-UHFFFAOYSA-N
DB00298	12013140	RFWZESUMWJKKRN-UHFFFAOYSA-N
DB00299	12013576	JNTOCHDNEULJHD-UHFFFAOYSA-N
DB00300	12015098	JFVZFKDSXNQEJW-CQSZACIVSA-N
DB00303	12015052	JUZNIMUFDBIJCM-ANEDZVCMSA-N
DB00304	12015338	RPLCPCMSCLEKRS-BPIQYHPVSA-N
DB00307	87550948	NAVMQTYZDKMPEU-UHFFFAOYSA-N
DB00308	12014583	ALOBUEHUHMBRLE-UHFFFAOYSA-N
DB00309	12013277	HHJUWIANJFBDHT-KOTLKJBCSA-N
DB00311	57304388	OUZWUKMCLIBBOG-UHFFFAOYSA-N
DB00313	12015354	NIJJYAXOARWZEE-UHFFFAOYSA-N
DB00315	12014671	ULSDMUVEXKOYBU-ZDUSSCGKSA-N
DB00316	24714721	RZVAJINKPMORJF-UHFFFAOYSA-N
DB00317	12015033	XGALLCVXEZPNRQ-UHFFFAOYSA-N
DB00323	12014507	MIQPIUSUKVNLNT-UHFFFAOYSA-N
DB00330	92309392	AEUTYOVWOVBAKS-UWVGGRQHSA-N
DB00334	12014657	KVWDHTXUZHCGIO-UHFFFAOYSA-N
DB00335	12014149	METKIMKYRPQLGS-UHFFFAOYSA-N
DB00337	12014634	KASDHRXLYQOAKZ-XDSKOBMDSA-N
DB00338	12013167	SUBDBMMJDZJVOS-UHFFFAOYSA-N
DB00339	92309395	IPEHBUMCGVEMRF-UHFFFAOYSA-N
DB00341	12014122	ZKLPARSLTMPFCP-UHFFFAOYSA-N
DB00342	12013836	GUGOEEXESWIERI-UHFFFAOYSA-N
DB00343	50086897	HSUGRBWQSSZJOP-RTWAWAEBSA-N
DB00346	12012888	WNMJYKCGWZFFKR-UHFFFAOYSA-N
DB00355	12013309	WZPBZJONDBGPKJ-VEHQQRBSSA-N
DB00357	12012594	ROBVIMPUHSLWNV-UHFFFAOYSA-N
DB00358	12013726	XEEQGYMUWCZPDN-UHFFFAOYSA-N
DB00360	12014491	FNKQXYHWGSIFBK-RPDRRWSUSA-N
DB00361	12013497	GBABOYUKABKIAF-IELIFDKJSA-N
DB00362	12014781	JHVAMHSQVVQIOT-MFAJLEFUSA-N
DB00363	12013419	QZUDBNBUXVUHMW-UHFFFAOYSA-N
DB00365	12014640	AIJTTZAVMXIJGM-UHFFFAOYSA-N
DB00368	26683762	SFLSHLFXELFNJZ-QMMMGPOBSA-N
DB00369	12014233	VWFCHDSQECPREK-LURJTMIESA-N
DB00370	12013213	RONZAEMNMFQXRA-UHFFFAOYSA-N
DB00374	12014431	PAJMKGZZBBTTOY-ZFORQUDYSA-N
DB00377	12014971	CPZBLNMUGSZIPR-NVXWUHKLSA-N
DB00379	12013440	VLPIATFUUWWMKC-UHFFFAOYSA-N
DB00380	12014716	BMKDZUISNHGIBY-ZETCQYMHSA-N
DB00381	12013616	HTIQEAQVCYTUBX-UHFFFAOYSA-N
DB00382	12014010	YLJREFDVOIBQDA-UHFFFAOYSA-N
DB00385	12012719	ZOCKGBMQLCSHFP-KQRAQHLDSA-N
DB00390	125299298	LTMHDMANZUZIPE-PUGKRICDSA-N
DB00391	12013945	BGRJTUBHPOOWDU-UHFFFAOYSA-N
DB00393	12013716	UIAGMCDKSXEBJQ-UHFFFAOYSA-N
DB00396	12015027	RJKFOVLPORLFTN-LEKSSAKUSA-N
DB00398	12015507	MLDQJTXFUGDVEO-UHFFFAOYSA-N
DB00399	12014262	XRASPMIURGNCCH-UHFFFAOYSA-N
DB00401	12012773	VKQFCGNPDRICFG-UHFFFAOYSA-N
DB00402	12013157	GBBSUAFBMRNDJC-INIZCTEOSA-N
DB00402	12015386	GBBSUAFBMRNDJC-INIZCTEOSA-N
DB00403	12014459	YRALAIOMGQZKOW-HYAOXDFASA-N
DB00404	12013413	VREFGVBLTWBCJP-UHFFFAOYSA-N
DB00408	12013420	XJGVXQDUIWGIRW-UHFFFAOYSA-N
DB00409	12012970	GUJRSXAPGDDABA-NSHDSACASA-N
DB00410	12013725	MINDHVHHQZYEEK-HBBNESRFSA-N
DB00412	12014878	YASAKCUCGLMORW-UHFFFAOYSA-N
DB00412	50086904	YASAKCUCGLMORW-UHFFFAOYSA-N
DB00413	12014026	FASDKYOPVNHBLU-ZETCQYMHSA-N
DB00415	12014150	AVKUERGKIZMTKX-NJBDSQKTSA-N
DB00419	12014416	UQRORFVVSGFNRO-UTINFBMNSA-N
DB00419	87550985	UQRORFVVSGFNRO-UTINFBMNSA-N
DB00421	22395181	LXMSZDCAJNLERA-ZHYRCANASA-N
DB00422	24714766	DUGOZIWVEXMGBE-UHFFFAOYSA-N
DB00425	12014235	ZAFYATHCZYHLPB-UHFFFAOYSA-N
DB00426	12013946	GGXKWVWZWMLJEH-UHFFFAOYSA-N
DB00429	85197684	UMMADZJLZAPZAW-OVXHCKHTSA-N
DB00430	12013722	PWAUCHMQEXVFJR-PMAPCBKXSA-N
DB00432	12014784	VSQQQLOSPVPRAZ-RRKCRQDMSA-N
DB00437	22395219	OFCNXPDARWKPPY-UHFFFAOYSA-N
DB00438	12015326	ORFOPKXBNMVMKC-DWVKKRMSSA-N
DB00439	12014736	SEERZIQQUAZTOL-ANMDKAQQSA-N
DB00442	12014687	QDGZDCVAUDNJFG-FXQIFTODSA-N
DB00443	12012603	UREBDLICKHMUKA-DVTGEIKXSA-N
DB00447	12014135	JAPHQRWPEGVNBT-UTUOFQBUSA-N
DB00448	12013895	MJIHNNLFOKEZEW-UHFFFAOYSA-N
DB00451	123055316	XUIIKFGFIJCVMT-LBPRGKRZSA-N
DB00451	123055440	XUIIKFGFIJCVMT-LBPRGKRZSA-N
DB00455	12013131	JCCNYMKQOSZNPW-UHFFFAOYSA-N
DB00459	12013101	IHUNBGSDBOWDMA-AQFIFDHZSA-N
DB00461	12012677	BLXXJMDCKKHMKV-UHFFFAOYSA-N
DB00465	12013083	OZWKMVRBQXNZKK-UHFFFAOYSA-N
DB00465	12014439	OZWKMVRBQXNZKK-UHFFFAOYSA-N
DB00467	12012631	IDYZIJYBMGIQMJ-UHFFFAOYSA-N
DB00469	12012809	LZNWYQJJBLGYLT-UHFFFAOYSA-N
DB00470	12013925	CYQFCXCEBYINGO-IAGOWNOFSA-N
DB00471	12014850	UCHDWCPVSPXUMX-TZIWLTJVSA-N
DB00476	12014243	ZEUITGRIYCTCEM-KRWDZBQOSA-N
DB00477	12014508	ZPEIMTDSQAKGNT-UHFFFAOYSA-N
DB00478	12012867	UBCHPRBFMUDMNC-UHFFFAOYSA-N
DB00480	12015317	GOTYRUGSSMKFNF-UHFFFAOYSA-N
DB00481	12012824	GZUITABIAKMVPG-UHFFFAOYSA-N
DB00482	12015009	RZEKVGVHFLEQIL-UHFFFAOYSA-N
DB00484	12013261	XYLJNLCSTIOKRM-UHFFFAOYSA-N
DB00486	12013429	GECBBEABIDMGGL-RTBURBONSA-N
DB00487	12012671	FHFYDNQZQSQIAI-UHFFFAOYSA-N
DB00488	12013384	UUVWYPNAQBNQJQ-UHFFFAOYSA-N
DB00490	12013746	QWCRAEMEVRGPNT-UHFFFAOYSA-N
DB00490	24714738	QWCRAEMEVRGPNT-UHFFFAOYSA-N
DB00491	12013518	IBAQFPQHRJAVAV-ULAWRXDQSA-N
DB00493	12012575	GPRBEKHLDVQUJE-QSWIMTSFSA-N
DB00494	12014660	JRURYQJSLYLRLN-BJMVGYQFSA-N
DB00495	12013681	HBOMLICNUCNMMY-XLPZGREQSA-N
DB00496	12014565	HXGBXQDTNZMWGS-RUZDIDTESA-N
DB00499	12013361	MKXKFYHWDHIYRV-UHFFFAOYSA-N
DB00501	12013445	AQIXAKUUQRKLND-UHFFFAOYSA-N
DB00502	12013409	LNEPOXFFQSENCJ-UHFFFAOYSA-N
DB00503	12014859	NCDNCNXCDXHOMX-XGKFQTDJSA-N
DB00507	99431538	YQNQNVDNTFHQSW-UHFFFAOYSA-N
DB00509	123055316	XUIIKFGFIJCVMT-GFCCVEGCSA-N
DB00509	123055440	XUIIKFGFIJCVMT-GFCCVEGCSA-N
DB00512	12013968	MYPYJXKWCTUITO-LYRMYLQWSA-N
DB00515	12013191	LXZZYRPGZAFOLE-UHFFFAOYSA-L
DB00518	12014008	HXHWSAZORRCQMX-UHFFFAOYSA-N
DB00519	12013675	VXFJYXUZANRPDJ-WTNASJBWSA-N
DB00519	22395488	VXFJYXUZANRPDJ-WTNASJBWSA-N
DB00521	12013437	LWAFSWPYPHEXKX-UHFFFAOYSA-N
DB00523	12013352	SHGAZHPCJJPHSC-ZVCIMWCZSA-N
DB00523	12014646	SHGAZHPCJJPHSC-ZVCIMWCZSA-N
DB00523	12014910	SHGAZHPCJJPHSC-ZVCIMWCZSA-N
DB00526	12013600	ZROHGHOFXNOHSO-BNTLRKBRSA-L
DB00528	12013279	ZDXUKAKRHYTAKV-UHFFFAOYSA-N
DB00530	12015117	AAKJLRGGTJKAMG-UHFFFAOYSA-N
DB00533	12014954	RZJQGNCSTQAWON-UHFFFAOYSA-N
DB00535	12013492	RTXOFQZKPXMALH-GHXIOONMSA-N
DB00539	12013627	XFCLJVABOIYOMF-QPLCGJKRSA-N
DB00540	24714728	PHVGLTMQBUFIQQ-UHFFFAOYSA-N
DB00541	12014418	OGWKCGZFUXNPDA-CFWMRBGOSA-N
DB00542	12013042	XPCFTKFZXHTYIP-PMACEKPBSA-N
DB00543	12013426	QWGDMFLQWFTERH-UHFFFAOYSA-N
DB00546	12013114	GJSLOMWRLALDCT-UHFFFAOYSA-N
DB00548	12013195	BDJRBEYXGGNYIS-UHFFFAOYSA-N
DB00549	12014035	YEEZWCHGZNKEEK-UHFFFAOYSA-N
DB00551	22395295	RRUDCFGSUDOHDG-UHFFFAOYSA-N
DB00552	12013121	FPVKHBSQESCIEP-JQCXWYLXSA-N
DB00554	12013846	QYSPLQLAKJAUJT-UHFFFAOYSA-N
DB00555	12013463	PYZRQGJRPPTADH-UHFFFAOYSA-N
DB00558	12014758	ARAIBEBZBOPLMB-UFGQHTETSA-N
DB00559	12014838	GJPICJJJRGTNOD-UHFFFAOYSA-N
DB00560	12014912	FPZLLRFZJZRHSY-HJYUBDRYSA-N
DB00563	22395177	FBOZXECLQNJBKD-ZDUSSCGKSA-N
DB00564	57304372	FFGPTBGBLSHEPO-UHFFFAOYSA-N
DB00565	12013269	YXSLJKQTIDHPOT-LJCJQEJUSA-N
DB00565	12014680	YXSLJKQTIDHPOT-LJCJQEJUSA-N
DB00569	12014866	KANJSNBRCNMZMV-ABRZTLGGSA-N
DB00570	12012588	JXLYSJRDGCGARV-CFWMRBGOSA-N
DB00571	57304368	AQHHHDLHHXJYJD-UHFFFAOYSA-N
DB00574	12013267	DBGIVFWFUFKIQN-UHFFFAOYSA-N
DB00577	12014356	HDOVUKNUBWVHOX-QMMMGPOBSA-N
DB00579	99431540	ZPXSCAKFGYXMGA-UHFFFAOYSA-N
DB00580	12015079	LNPDTQAFDNKSHK-UHFFFAOYSA-N
DB00582	12014673	BCEHBSKCWLPMDN-MGPLVRAMSA-N
DB00584	12014060	GBXSMTUPTTWBMN-XIRDDKMYSA-N
DB00585	12012865	SGXXNSQHWDMGGP-UHFFFAOYSA-N
DB00588	12014563	WMWTYOKRWGGJOA-CENSZEJFSA-N
DB00590	12013164	RUZYUOTYCVRMRZ-UHFFFAOYSA-N
DB00593	57304373	HAPOVYFOVVWLRS-UHFFFAOYSA-N
DB00597	12014621	DPNNNPAKRZOSMO-UHFFFAOYSA-K
DB00598	12013100	SGUAFYQXFOLMHL-UHFFFAOYSA-N
DB00598	12013434	SGUAFYQXFOLMHL-UHFFFAOYSA-N
DB00601	12014976	TYZROVQLWOKYKF-ZDUSSCGKSA-N
DB00604	12012817	DCSUBABJRXZOMT-IRLDBZIGSA-N
DB00609	92309393	AEOCXXJPGCBFJA-UHFFFAOYSA-N
DB00611	12013400	IFKLAQQSCNILHL-PWRODBHTSA-N
DB00612	12012929	VHYCDWMUTMEGQY-UHFFFAOYSA-N
DB00615	12012943	ATEBXHFBFRCZMA-VXTBVIBXSA-N
DB00619	12015012	KTUFNOKKBVMGRW-UHFFFAOYSA-N
DB00622	12013373	ZBBHBTPTTSWHBA-UHFFFAOYSA-N
DB00624	12012605	MUMGGOZAMZWBJJ-DYKIIFRCSA-N
DB00625	12014858	XPOQHMRABVBWPR-ZDUSSCGKSA-N
DB00627	87550957	PVNIIMVLHYAWGP-UHFFFAOYSA-N
DB00629	12013379	WDZVGELJXXEGPV-UHFFFAOYSA-N
DB00630	22395185	OGSPWJRAVKPPFI-UHFFFAOYSA-N
DB00631	12014412	WDDPHFBMKLOVOX-AYQXTPAHSA-N
DB00632	12014691	NOPFSRXAKWQILS-UHFFFAOYSA-N
DB00633	12013628	CUHVIMMYOGQXCV-NSHDSACASA-N
DB00633	12014284	CUHVIMMYOGQXCV-NSHDSACASA-N
DB00635	125299297	XOFYZVNMUHMLCC-ZPOLXVRWSA-N
DB00636	22395216	KNHUKKLJHYUCFP-UHFFFAOYSA-N
DB00637	12013338	GXDALQBWZGODGZ-UHFFFAOYSA-N
DB00639	12013025	SWLMUYACZKCSHZ-UHFFFAOYSA-N
DB00640	81044335	OIRDTQYFTABQOQ-KQYNXXCUSA-N
DB00641	12013879	RYMZZMVNJRMUDD-HGQWONQESA-N
DB00642	12014612	WBXPDJSOTKVWSJ-ZDUSSCGKSA-N
DB00649	12014136	XNKLLVCARDGLGL-JGVFFNPUSA-N
DB00654	12014690	GGXICVAJURFBLW-CEYXHVGTSA-N
DB00655	49684201	DNXHEGUUPJUMQT-CBZIJGRNSA-N
DB00657	24714742	IMYZQPCYWPFTAG-UHFFFAOYSA-N
DB00663	12015553	WXURHACBFYSXBI-GQKYHHCASA-N
DB00665	12013485	XWXYUMMDTVBTOU-UHFFFAOYSA-N
DB00666	12012978	RWHUEXWOYVBUCI-ITQXDASVSA-N
DB00669	12014283	KQKPFRSPSRPDEB-UHFFFAOYSA-N
DB00671	12012851	OKBVVJOGVLARMR-QSWIMTSFSA-N
DB00673	12015114	ATALOFNDEOCMKK-OITMNORJSA-N
DB00674	12014857	ASUTZQLVASHGKV-JDFRZJQESA-N
DB00675	56310590	NKANXQFJJICGDU-QPLCGJKRSA-N
DB00679	12013415	KLBQZWRITKRQQV-UHFFFAOYSA-N
DB00680	12013441	FUBVWMNBEHXPSU-UHFFFAOYSA-N
DB00681	12012606	APKFDSVGJQXUKY-INPOYWNPSA-N
DB00682	22395179	PJVWKTKQMONHTI-UHFFFAOYSA-N
DB00683	12013363	DDLIGBOFAVUZHB-UHFFFAOYSA-N
DB00685	12014748	WVPSKSLAZQPAKQ-CDMJZVDBSA-N
DB00688	12014254	RTGDFNSFWBGLEC-SYZQJQIISA-N
DB00691	12012681	UWWDHYUMIORJTA-HSQYWUDLSA-N
DB00692	12013424	MRBDMNSDAVCSSF-UHFFFAOYSA-N
DB00694	125299287	STQGQHZAVUOBTE-VGBVRHCVSA-N
DB00695	12014152	ZZUFCTLCJUWOSV-UHFFFAOYSA-N
DB00697	12013366	XFYDIVBRZNQMJC-UHFFFAOYSA-N
DB00700	12015198	JUKPWJGBANNWMW-VWBFHTRKSA-N
DB00701	12014852	YMARZQAQMVYCKC-OEMFJLHTSA-N
DB00705	12014789	WHBIGIKBNXZKFE-UHFFFAOYSA-N
DB00706	12012682	DRHKJLXJIQTDTD-OAHLLOKOSA-N
DB00706	12013389	DRHKJLXJIQTDTD-OAHLLOKOSA-N
DB00708	12013739	GGCSSNBKKAUURC-UHFFFAOYSA-N
DB00709	12014700	JTEGQNOMFQHVDC-NKWVEPMBSA-N
DB00710	12014723	MPBVHIBUJCELCL-UHFFFAOYSA-N
DB00712	12014074	SYTBZMRGLBWNTM-UHFFFAOYSA-N
DB00712	12015300	SYTBZMRGLBWNTM-UHFFFAOYSA-N
DB00715	12013591	AHOUBRCZNHFOSL-YOEHRIQHSA-N
DB00716	12012831	RQTOOFIXOKYGAN-UHFFFAOYSA-N
DB00718	12014790	WOZSCQDILHKSGG-UHFFFAOYSA-N
DB00720	12013062	ACSIXWWBWUQEHA-UHFFFAOYSA-N
DB00722	12013163	RLAWWYSOJDYHDC-BZSNNMDCSA-N
DB00724	12013659	DOUYETYNHWVLEO-UHFFFAOYSA-N
DB00727	22395178	SNIOPGDIGTZGOP-UHFFFAOYSA-N
DB00728	12014449	YXRDKMPIGHSVRX-OOJCLDBCSA-N
DB00731	12013966	OELFLUMRDSZNSF-BRWVUGGUSA-N
DB00732	12013269	XXZSQOVSEBAPGS-UHFFFAOYSA-L
DB00732	12014680	XXZSQOVSEBAPGS-UHFFFAOYSA-L
DB00734	12013967	RAPZEAPATHNIPO-UHFFFAOYSA-N
DB00735	12013754	OZGNYLLQHRPOBR-UHFFFAOYSA-N
DB00736	12013167	SUBDBMMJDZJVOS-DEOSSOPVSA-N
DB00740	12013649	FTALBRSUTCGOEG-UHFFFAOYSA-N
DB00741	12013447	JYGXADMDTFJGBT-VWUMJDOOSA-N
DB00742	125299321	FBPFZTCFMRRESA-KVTDHHQDSA-N
DB00743	12014647	MXZROTBGJUUXID-UHFFFAOYSA-K
DB00744	12014274	MWLSOWXNZPKENC-UHFFFAOYSA-N
DB00745	12014011	YFGHCGITMMYXAQ-UHFFFAOYSA-N
DB00745	12014108	YFGHCGITMMYXAQ-UHFFFAOYSA-N
DB00746	12014086	UBQYURCVBFRUQT-UHFFFAOYSA-N
DB00749	12012673	NNYBQONXHNTVIJ-UHFFFAOYSA-N
DB00751	12014188	WHWZLSFABNNENI-UHFFFAOYSA-N
DB00755	12013352	SHGAZHPCJJPHSC-YCNIQYBTSA-N
DB00755	12014646	SHGAZHPCJJPHSC-YCNIQYBTSA-N
DB00755	12014910	SHGAZHPCJJPHSC-YCNIQYBTSA-N
DB00757	12014390	UKTAZPQNNNJVKR-KJGYPYNMSA-N
DB00758	12014240	GKTWGGQPFAXNFI-HNNXBMFYSA-N
DB00760	12014124	DMJNNHOOLUXYBV-PQTSNVLCSA-N
DB00762	12013536	UWKQSNNFCGGAFS-XIFFEERXSA-N
DB00768	12014217	JBIMVDZLSHOPLA-LSCVHKIXSA-N
DB00770	12013405	GMVPRGQOIOIIMI-DWKJAMRDSA-N
DB00773	12013288	VJJPUSNTGOMMGY-MRVIYFEKSA-N
DB00775	12014699	COKMIXFXJJXBQG-NRFANRHFSA-N
DB00776	12013820	CTRLABGOLIVAIY-UHFFFAOYSA-N
DB00778	12012902	RXZBMPWDPOLZGW-HITVVWEBSA-N
DB00783	12012600	VOXZDWNPVJITMN-ZBRFXRBCSA-N
DB00783	56310604	VOXZDWNPVJITMN-ZBRFXRBCSA-N
DB00787	12013356	MKUXAQIIEYXACX-UHFFFAOYSA-N
DB00790	12013509	IPVQLZZIHOAWMC-QXKUPLGCSA-N
DB00795	12012604	NCEXYHBECQHGNR-QZQOTICOSA-N
DB00796	12014669	GHOSNRCGJFBJIB-UHFFFAOYSA-N
DB00798	85197654	CEAZRRDELHUEMR-UHFFFAOYSA-N
DB00799	12014289	OGQICQVSFDPSEI-UHFFFAOYSA-N
DB00800	12013011	TVURRHSHRRELCG-UHFFFAOYSA-N
DB00801	12013412	WYCLKVQLVUQKNZ-UHFFFAOYSA-N
DB00802	12013336	IDBPHNDTYPBSNI-UHFFFAOYSA-N
DB00805	12013368	LDMWSLGGVTVJPG-UHFFFAOYSA-N
DB00806	81044341	BYPFEZZEUUWMEJ-UHFFFAOYSA-N
DB00811	99431523	IWUCXVSUMQZMFG-AFCXAGJDSA-N
DB00814	12013466	ZRVUJXDFFKFLMG-UHFFFAOYSA-N
DB00817	12015534	XBPZXDSZHPDXQU-UHFFFAOYSA-N
DB00818	12012653	OLBCVFGFOZPWHH-UHFFFAOYSA-N
DB00819	57304369	BZKPWHYZMXOIDC-UHFFFAOYSA-N
DB00820	12015128	WOXKDUGGOYFFRN-IIBYNOLFSA-N
DB00821	12013355	PUXBGTOOZJQSKH-UHFFFAOYSA-N
DB00824	12012874	SIQPXVQCUCHWDI-UHFFFAOYSA-N
DB00827	12015380	VDUWPHTZYNWKRN-UHFFFAOYSA-N
DB00828	12013664	YMDXZJFXQJVXBF-STHAYSLISA-N
DB00831	12013408	ZEWQUBUPAILYHI-UHFFFAOYSA-N
DB00833	12013565	QYIYFLOTGYLRGG-GPCCPHFNSA-N
DB00834	12013919	VKHAHZOOUSRJNA-GCNJZUOMSA-N
DB00837	12012672	IBALRBWGSVJPAP-FXBPSFAMSA-N
DB00841	12013704	JRWZLRBJNMZMFE-UHFFFAOYSA-N
DB00843	12014379	ADEBPBSSDYVVLD-UHFFFAOYSA-N
DB00844	12013401	NETZHAKZCGBWSS-CEDHKZHLSA-N
DB00845	24714740	WDQPAMHFFCXSNU-UHFFFAOYSA-N
DB00848	12015289	HLFSDGLLUJUHTE-SNVBAGLBSA-N
DB00850	12013414	RGCVKNLCSQQDEP-UHFFFAOYSA-N
DB00853	12013608	BPEGJWRSRHCHSN-UHFFFAOYSA-N
DB00855	12014757	ZGXJTSGNIOSYLO-UHFFFAOYSA-N
DB00857	12012797	DOMXUEMWDBAQBQ-WEVVVXLNSA-N
DB00860	12012573	OIGNJSKKLXVSLS-VWUMJDOOSA-N
DB00861	12013398	HUPFGZXOMWLGNK-UHFFFAOYSA-N
DB00862	12015314	SECKRCOLJRRGGV-UHFFFAOYSA-N
DB00863	12013446	VMXUWOKSQNHOCA-UHFFFAOYSA-N
DB00863	12014474	VMXUWOKSQNHOCA-UHFFFAOYSA-N
DB00864	12013904	QJJXYPPXXYFBGM-LFZNUXCKSA-N
DB00869	12014411	IAVUPMFITXYVAF-XPUUQOCRSA-N
DB00870	12012657	MDKGKXOCJGEUJW-UHFFFAOYSA-N
DB00872	12015043	IKENVDNFQMCRTR-UHFFFAOYSA-N
DB00876	12014572	OROAFUQRIXKEMV-LDADJPATSA-N
DB00877	12014635	QFJCIRLUMZQUOT-HPLJOQBZSA-N
DB00879	12014747	XQSPYNMVSIKCOC-NTSWFWBYSA-N
DB00880	24714733	JBMKAUGHUNFTOL-UHFFFAOYSA-N
DB00881	12013148	JSDRRTOADPPCHY-HSQYWUDLSA-N
DB00882	22395921	GKIRPKYJQBWNGO-UHFFFAOYSA-N
DB00884	12014792	IIDJRNMFWXDHID-UHFFFAOYSA-N
DB00886	12014939	LVRLSYPNFFBYCZ-VGWMRTNUSA-N
DB00889	12014022	MFWNKCLOYSRHCJ-BTTYYORXSA-N
DB00894	136349969	BPEWUONYVDABNZ-DZBHQSCQSA-N
DB00896	12014133	QTTRZHGPGKRAFB-OOKHYKNYSA-N
DB00897	12013397	JOFWLTCLBGQGBO-UHFFFAOYSA-N
DB00899	12014706	ZTVQQQVZCWLTDF-UHFFFAOYSA-N
DB00900	12014245	BXZVVICBKDXVGW-NKWVEPMBSA-N
DB00901	12013927	FZGVEKPRDOIXJY-UHFFFAOYSA-N
DB00904	12014033	FELGMEQIXOGIFQ-UHFFFAOYSA-N
DB00905	12015127	AQOKCDNYWBIDND-FTOWTWDKSA-N
DB00906	12014177	PBJUNZJWGZTSKL-MRXNPFEDSA-N
DB00909	12012838	UBQNRHZMVUUOMG-UHFFFAOYSA-N
DB00910	12015105	BPKAHTKRCLCHEA-UBFJEZKGSA-N
DB00912	12014667	FAEKWTJYAYMJKF-QHCPKHFHSA-N
DB00916	26683761	VAOCPAMSLUNLGC-UHFFFAOYSA-N
DB00917	99431525	XEYBRNLFEZDVAW-ARSRFYASSA-N
DB00918	12014867	WKEMJKQOLOHJLZ-UHFFFAOYSA-N
DB00920	12015272	ZCVMWBYGMWKGHF-UHFFFAOYSA-N
DB00921	12013399	RMRJXGBAOAMLHD-IHFGGWKQSA-N
DB00922	12014745	WHXMKTBCFHIYNQ-SECBINFHSA-N
DB00923	24714908	SLAYUXIURFNXPG-CRAIPNDOSA-N
DB00924	12015332	JURKNVYFZMSNLP-UHFFFAOYSA-N
DB00926	12013448	HQMNCQVAMBCHCO-UHFFFAOYSA-N
DB00927	12013748	XUFQPHANEAPEMJ-UHFFFAOYSA-N
DB00928	12013374	NMUSYJAQQFHJEW-KVTDHHQDSA-N
DB00928	12014007	NMUSYJAQQFHJEW-KVTDHHQDSA-N
DB00929	12013227	OJLOPKGSLYJEMD-URPKTTJQSA-N
DB00929	24714855	OJLOPKGSLYJEMD-URPKTTJQSA-N
DB00932	12015070	SUJUHGSWHZTSEU-FYBSXPHGSA-N
DB00939	12013402	SBDNJUWAMKYJOX-UHFFFAOYSA-N
DB00945	24714725	BSYNRYMUTXBXSQ-UHFFFAOYSA-N
DB00947	12014659	VWUXBMIQPBEWFH-WCCTWKNTSA-N
DB00949	12013710	WKGXYQFOCVYPAC-UHFFFAOYSA-N
DB00950	12015028	RWTNPBWLLIMQHL-UHFFFAOYSA-N
DB00951	92309394	QRXWMOHMRWLFEY-UHFFFAOYSA-N
DB00952	12014338	AMKVXSZCKVJAGH-UHFFFAOYSA-N
DB00953	12014923	ULFRLSNUDGIQQP-UHFFFAOYSA-N
DB00954	12013625	WLOHNSSYAXHWNR-DWIOZXRMSA-N
DB00955	12012591	CIDUJQMULVCIBT-MQDUPKMGSA-N
DB00957	12013307	KIQQMECNKUGGKA-NMYWJIRASA-N
DB00958	12013926	OLESAACUTLOWQZ-UHFFFAOYSA-L
DB00960	24714739	JZQKKSLKJUAGIC-UHFFFAOYSA-N
DB00962	12014056	HUNXMJYCHXQEGX-UHFFFAOYSA-N
DB00963	12014268	ZBPLOVFIXSTCRZ-UHFFFAOYSA-N
DB00964	12014172	IEJXVRYNEISIKR-UHFFFAOYSA-N
DB00966	12014783	RMMXLENWKUUMAY-UHFFFAOYSA-N
DB00967	12013632	JAUOIFJMECXRGI-UHFFFAOYSA-N
DB00969	12014714	JSWZEAMFRNKZNL-UHFFFAOYSA-N
DB00972	12012629	MBUVEWMHONZEQD-UHFFFAOYSA-N
DB00973	12014979	OLNTVTPDXPETLC-XPWALMASSA-N
DB00975	81044336	IZEKFCXSFNUWAM-UHFFFAOYSA-N
DB00976	12015022	LJVAJPDWBABPEJ-PNUFFHFMSA-N
DB00978	12013757	ZEKZLJVOYLTDKK-UHFFFAOYSA-N
DB00980	12015157	YLXDSYKOBKBWJQ-LBPRGKRZSA-N
DB00982	12013352	SHGAZHPCJJPHSC-XFYACQKRSA-N
DB00982	12014646	SHGAZHPCJJPHSC-XFYACQKRSA-N
DB00982	12014910	SHGAZHPCJJPHSC-XFYACQKRSA-N
DB00983	12013923	BPZSYCZIITTYBL-UHFFFAOYSA-N
DB00983	24714754	BPZSYCZIITTYBL-UHFFFAOYSA-N
DB00986	49684186	ANGKOCUUWGHLCE-UHFFFAOYSA-N
DB00987	49684259	UHDGCWIWMRVCDJ-CCXZUQQUSA-N
DB00989	12014277	XSVMFMHYUFZWBK-NSHDSACASA-N
DB00990	12014009	BFYIZQONLCFLEV-DAELLWKTSA-N
DB00991	12013314	OFPXSFXSNFPTHF-UHFFFAOYSA-N
DB00995	12015271	AUJRCFUBUPVWSZ-XTZHGVARSA-M
DB00996	12012796	UGJMXCAKCUNAIE-UHFFFAOYSA-N
DB00998	12014901	XPSQPHWEGNHMSK-SECBINFHSA-N
DB01002	12014951	LEBVLXFERQHONN-INIZCTEOSA-N
DB01004	12013652	IRSCQMHQWWYFCW-UHFFFAOYSA-N
DB01005	12014598	VSNHCAURESNICA-UHFFFAOYSA-N
DB01006	12014531	HPJKCIUCZWXJDR-UHFFFAOYSA-N
DB01007	12013844	QXHHHPZILQDDPS-UHFFFAOYSA-N
DB01012	12015510	VDHAWDNDOKGFTD-MRXNPFEDSA-N
DB01014	12012759	IPOKCKJONYRRHP-FMQUCBEESA-N
DB01017	87550941	DYKFCLLONBREIL-KVUCHLLUSA-N
DB01018	12013435	INJOMKTZOLKMBF-UHFFFAOYSA-N
DB01023	12012613	RZTAMFZIAATZDJ-UHFFFAOYSA-N
DB01024	12015334	HPNSFSBZBAHARI-RUDMXATFSA-N
DB01025	12012752	SGRYPYWGNKJSDL-UHFFFAOYSA-N
DB01026	12013789	XMAYWYJOQHXEEK-UHFFFAOYSA-N
DB01029	12014641	YOSHYTLCDANDAN-UHFFFAOYSA-N
DB01030	12014351	UCFGDBYHRUNTLO-QHCPKHFHSA-N
DB01036	12014413	OOGJQPCLVADCPB-HXUWFJFHSA-N
DB01037	12014185	MEZLKOACVSPNER-GFCCVEGCSA-N
DB01039	22395205	YMTINGFKWWXKFG-UHFFFAOYSA-N
DB01041	12013404	UEJJHQNACJXSKW-UHFFFAOYSA-N
DB01043	12013344	BUGYDGFZZOZRHP-UHFFFAOYSA-N
DB01044	12014137	XUBOMFCQGDBHNK-UHFFFAOYSA-N
DB01045	24714737	JQXXHWHPUNPDRT-WLSIYKJHSA-N
DB01046	12015646	WGFOBBZOWHGYQH-MXHNKVEKSA-N
DB01048	12014613	MCGSCOLBFJQGHM-SCZZXKLOSA-N
DB01050	12014434	HEFNNWSXXWATRW-UHFFFAOYSA-N
DB01050	125299288	HEFNNWSXXWATRW-UHFFFAOYSA-N
DB01051	12012593	YJQPYGGHQPGBLI-KGSXXDOSSA-N
DB01054	12013715	PVHUJELLJLJGLN-UHFFFAOYSA-N
DB01056	12013443	BUJAGSGYPOAWEI-UHFFFAOYSA-N
DB01058	12015327	FSVJFNAIGNNGKK-UHFFFAOYSA-N
DB01059	12013332	OGJPXUAPXNRGGI-UHFFFAOYSA-N
DB01060	85197616	LSQZJLSUYDQPKJ-NJBDSQKTSA-N
DB01065	56310582	DRLFMBDRBRZALE-UHFFFAOYSA-N
DB01072	12015165	AXRYRYVKAWYZBR-GASGPIRDSA-N
DB01073	12015425	HBUBKKRHXORPQB-FJFJXFQQSA-N
DB01074	26683799	CYXKNKQEMFBLER-UHFFFAOYSA-N
DB01079	12015123	IKBKZGMPCYNSLU-RGVLZGJSSA-N
DB01080	12012774	PJDFLNIOAUIZSL-UHFFFAOYSA-N
DB01083	12013644	AHLBNYSZXLDEJQ-FWEHEUNISA-N
DB01084	12012954	KBUZBQVCBVDWKX-UHFFFAOYSA-N
DB01088	12013823	HIFJCPQKFCZDDL-ACWOEMLNSA-N
DB01088	24714825	HIFJCPQKFCZDDL-ACWOEMLNSA-N
DB01091	12014064	ABJKWBDEJIDSJZ-UHFFFAOYSA-N
DB01095	12014002	FJLGEFLZQAZZCD-JUFISIKESA-N
DB01096	22395920	XCGYUJZMCCFSRP-UHFFFAOYSA-N
DB01097	12013774	VHOGYURTWQBHIL-UHFFFAOYSA-N
DB01098	12015082	BPRHUIZQVSMCRT-VEUZHWNKSA-N
DB01100	12013418	YVUQSNJEYSNKRX-UHFFFAOYSA-N
DB01101	12014895	GAGWJHPBXLXJQN-UORFTKCHSA-N
DB01104	12014562	VGKDLMBJGBXTGI-SJCJKPOMSA-N
DB01105	12013936	UNAANXDKBXWMLN-UHFFFAOYSA-N
DB01106	12013587	ZCGOMHNNNFPNMX-KYTRFIICSA-N
DB01112	12015285	JFPVXVDWJQMJEE-IZRZKJBUSA-N
DB01115	12014071	HYIMSNHJOBLJNT-UHFFFAOYSA-N
DB01118	99431524	IYIKLHRQXLHMJQ-UHFFFAOYSA-N
DB01119	24714736	GDLBFKVLRPITMI-UHFFFAOYSA-N
DB01123	125299290	WDVSHHCDHLJJJR-UHFFFAOYSA-N
DB01126	12014955	JWJOTENAMICLJG-QWBYCMEYSA-N
DB01128	12014029	LKJPYSCBVHEWIU-UHFFFAOYSA-N
DB01130	12013808	FNPXMHRZILFCKX-KAJVQRHHSA-N
DB01131	22395194	SSOLNOMRVKKSON-UHFFFAOYSA-N
DB01132	12014532	HYAFETHFCAUJAY-UHFFFAOYSA-N
DB01132	22395182	HYAFETHFCAUJAY-UHFFFAOYSA-N
DB01133	12012975	DKJJVAGXPKPDRL-UHFFFAOYSA-N
DB01135	12014120	GBLRQXKSCRCLBZ-UHFFFAOYSA-N
DB01136	12013067	OGHNVEJMJSYVRP-UHFFFAOYSA-N
DB01137	12013736	GSDSWSVVBLHKDQ-JTQLQIEISA-N
DB01137	12014081	GSDSWSVVBLHKDQ-JTQLQIEISA-N
DB01141	12015211	PIEUQSKUWLMALL-YABMTYFHSA-N
DB01143	12013090	JKOQGQFVAUAYPM-UHFFFAOYSA-N
DB01149	12013126	VRBKIVRKKCLPHA-UHFFFAOYSA-N
DB01150	12013577	WDLWHQDACQUCJR-PBFPGSCMSA-N
DB01151	12013425	HCYAFALTSJYZDH-UHFFFAOYSA-N
DB01153	12014567	JLGKQTAYUIMGRK-UHFFFAOYSA-N
DB01155	12014993	ZRCVYEYHRGVLOC-HYARGMPZSA-N
DB01156	12013831	SNPPWIUOZRMYNY-UHFFFAOYSA-N
DB01157	12012739	NOYPYLRCIDNJJB-UHFFFAOYSA-N
DB01157	12014863	NOYPYLRCIDNJJB-UHFFFAOYSA-N
DB01162	12013730	VCKUSRYTPJJLNI-UHFFFAOYSA-N
DB01165	12013736	GSDSWSVVBLHKDQ-UHFFFAOYSA-N
DB01165	12014081	GSDSWSVVBLHKDQ-UHFFFAOYSA-N
DB01166	12012700	RRGUKTPIGVIEKM-UHFFFAOYSA-N
DB01167	12012955	VHVPQPYKVGDNFY-ZPGVKDDISA-N
DB01171	12013032	YHXISWVBGDMDLQ-UHFFFAOYSA-N
DB01175	12012767	WSEQXVZVJXJVFP-FQEVSTJZSA-N
DB01175	12014433	WSEQXVZVJXJVFP-FQEVSTJZSA-N
DB01179	12012576	YJGVMLPVUAXIQN-XVVDYKMHSA-N
DB01182	12013442	JWHAUXFOSRPERK-UHFFFAOYSA-N
DB01184	12013334	FGXWKSZFVQUSTL-UHFFFAOYSA-N
DB01186	12012689	YEHCICAEULNIGD-MZMPZRCHSA-N
DB01188	12012595	SCKYRAXSEDYPSA-UHFFFAOYSA-N
DB01189	12014271	DPYMFVXJLLWWEU-UHFFFAOYSA-N
DB01191	12013267	DBGIVFWFUFKIQN-VIFPVBQESA-N
DB01194	12015162	HCRKCZRJWPKOAR-JTQLQIEISA-N
DB01195	12013342	DJBNUMBKLMJRSA-UHFFFAOYSA-N
DB01197	12013747	FAKRSMQSSFJEIM-RQJHMYQMSA-N
DB01198	12013157	GBBSUAFBMRNDJC-UHFFFAOYSA-N
DB01198	12015386	GBBSUAFBMRNDJC-UHFFFAOYSA-N
DB01201	12012718	WDZCUPBHRAEYDL-GZAUEHORSA-N
DB01202	12013706	HPHUVLMMVZITSG-LURJTMIESA-N
DB01202	12015496	HPHUVLMMVZITSG-LURJTMIESA-N
DB01203	12013396	VWPOSFSPZNDTMJ-UCWKZMIHSA-N
DB01205	12013048	OFBIFZUFASYYRE-UHFFFAOYSA-N
DB01207	12014065	GLLPUTYLZIKEGF-HAVVHWLPSA-N
DB01208	12014309	DZZWHBIBMUVIIW-DTORHVGOSA-N
DB01209	12012733	VTMVHDZWSFQSQP-VBNZEHGJSA-N
DB01210	12013724	IXHBTMCLRNMKHZ-LBPRGKRZSA-N
DB01210	12015505	IXHBTMCLRNMKHZ-LBPRGKRZSA-N
DB01211	12013874	AGOYDEPGAOXOCK-KCBOHYOISA-N
DB01212	12013367	VAAUVRVFOQPIGI-SPQHTLEESA-N
DB01216	12014292	DBEPLOCGEIEOCV-WSBQPABSSA-N
DB01217	12014321	YBBLVLTVTVSKRW-UHFFFAOYSA-N
DB01218	12013102	FOHHNHSLJDZUGQ-UHFFFAOYSA-N
DB01219	50086896	OZOMQRBLCMDCEG-UHFFFAOYSA-N
DB01220	12012727	NZCRJKRKKOLAOJ-XRCRFVBUSA-N
DB01222	12013315	VOVIALXJUBGFJZ-KWVAZRHASA-N
DB01224	12014721	URKOMYMAXPYINW-UHFFFAOYSA-N
DB01226	12014183	ILVYCEVXHALBSC-OTBYEXOQSA-N
DB01227	12015578	XBMIVRRWGCYBTQ-AVRDEDQJSA-N
DB01228	12012630	PJWPNDMDCLXCOM-UHFFFAOYSA-N
DB01229	12013494	RCINICONZNJXQF-MZXODVADSA-N
DB01232	12014566	QWAXKHKRTORLEM-UGJKXSETSA-N
DB01234	12012603	UREBDLICKHMUKA-CXSFZGCWSA-N
DB01236	12012762	DFEYYRMXOJXZRJ-UHFFFAOYSA-N
DB01238	12014488	CEUORZQYGODEFX-UHFFFAOYSA-N
DB01240	12013444	KAQKFAOMNZTLHT-OZUDYXHBSA-N
DB01241	12013353	HEMJJKBWTPKOJG-UHFFFAOYSA-N
DB01242	24714730	GDLIGKIOYRNHDA-UHFFFAOYSA-N
DB01244	12013371	UIEATEWHFDRYRU-UHFFFAOYSA-N
DB01248	12014196	ZDZOTLJHXYCWBA-VCVYQWHSSA-N
DB01250	12013469	QQBDLJCYGRGAKP-FOCLMDBBSA-N
DB01252	12014743	WPGGHFDDFPHPOB-BBWFWOEESA-N
DB01254	12015788	ZBNZXTGUTAYRHI-UHFFFAOYSA-N
DB01255	26683812	VOBHXZCDAVEXEY-JSGCOSHPSA-N
DB01256	12015312	STZYTFJPGGDRJD-NHUWBDDWSA-N
DB01259	12015501	BCFGMOOMADDAQU-UHFFFAOYSA-N
DB01261	12015731	MFFMDFFZMYYVKS-SECBINFHSA-N
DB01262	12013916	XAUDJQYHKZQPEU-KVQBGUIXSA-N
DB01263	12014995	RAGOYPUPXAKGKH-XAKZXMRKSA-N
DB01264	12015589	CJBJHOAVZSMMDJ-HEXNFIEUSA-N
DB01265	12015420	IQFYYKKMVGJFEH-CSMHCCOUSA-N
DB01267	22395187	PMXMIIMHBWHSKN-UHFFFAOYSA-N
DB01268	12015580	WINHZLLDWRZWRT-ATVHPVEESA-N
DB01273	12015720	JQSHBVHOMNKWFT-DTORHVGOSA-N
DB01274	12013923	BPZSYCZIITTYBL-YJYMSZOUSA-N
DB01274	24714754	BPZSYCZIITTYBL-YJYMSZOUSA-N
DB01275	12013432	RPTUSVTUFVMDQK-UHFFFAOYSA-N
DB01280	12015013	IXOXBSCIXZEQEQ-UHTZMRCNSA-N
DB01283	12015303	KHPKQFYUPIUARC-UHFFFAOYSA-N
DB01291	12013431	VQDBNKDJNJQRDG-UHFFFAOYSA-N
DB01295	12012835	HXLAFSUPPDYFEO-UHFFFAOYSA-N
DB01301	125299357	HMEYVGGHISAPJR-IAHYZSEUSA-N
DB01319	12015337	MLBVMOWEQCZNCC-OEMFJLHTSA-N
DB01319	12015397	MLBVMOWEQCZNCC-OEMFJLHTSA-N
DB01320	12013954	XWLUWCNOOVRFPX-UHFFFAOYSA-N
DB01326	81044354	OLVCFLKTBJRLHI-AXAPSJFSSA-N
DB01328	12013357	DYAIAHUQIPBDIP-AXAPSJFSSA-N
DB01329	12013964	GCFBRXLSHGKWDP-XCGNWRKASA-N
DB01330	12013327	SRZNHPXWXCNNDU-IXOPCIAXSA-N
DB01331	12012592	WZOZEZRFJCJXNZ-ZBFHGGJFSA-N
DB01332	12012586	NNULBSISHYWZJU-LLKWHZGFSA-N
DB01338	12013270	OWWLUIWOFHMHOQ-XGHATYIMSA-N
DB01339	12013268	BGSZAXLLHYERSY-XQIGCQGXSA-N
DB01340	12013515	HHHKFGXWKKUNCY-FHWLQOOXSA-N
DB01347	12014753	DUEWVPTZCSAMNB-UHFFFAOYSA-N
DB01348	12013873	HRWCVUIFMSZDJS-SZMVWBNQSA-N
DB01349	12014735	ADXGNEYLLLSOAR-UHFFFAOYSA-N
DB01359	12013436	KQXKVJAGOJTNJS-HNNXBMFYSA-N
DB01366	12013184	FKNXQNWAXFXVNW-BLLLJJGKSA-N
DB01367	12014622	RUOKEQAAGRXIBM-GFCCVEGCSA-N
DB01388	12014376	HBNPJJILLOYFJU-VMPREFPWSA-N
DB01393	12015374	IIBYAHWJQTYFKB-UHFFFAOYSA-N
DB01394	12012587	IAKHMKGGTNLKSZ-UHFFFAOYSA-N
DB01395	12014580	METQSPRSQINEEU-HXCATZOESA-N
DB01396	12015761	WDJUZGPOPHTGOT-XUDUSOBPSA-N
DB01399	26683807	WVYADZUPLLSGPU-UHFFFAOYSA-N
DB01406	123055285	POZRVZJJTULAOH-LHZXLZLDSA-N
DB01407	12013986	STJMRWALKKWQGH-UHFFFAOYSA-N
DB01408	12012883	ANZXOIAKUNOVQU-UHFFFAOYSA-N
DB01409	12014767	LERNTVKEWCAPOY-DZZGSBJMSA-N
DB01410	12014485	LUKZNWIVRBCLON-GXOBDPJESA-N
DB01411	12013890	NBQKINXMPLXUET-UHFFFAOYSA-N
DB01413	12012932	HVFLCNVBZFFHBT-ZKDACBOMSA-N
DB01415	12013999	UNJFKXSSGBWRBZ-BJCIPQKHSA-N
DB01425	12013428	KSEYRUGYKHXGFW-UHFFFAOYSA-N
DB01427	12013242	RNLQIBCLLYYYFJ-UHFFFAOYSA-N
DB01430	12015461	OBDOVFRMEYHSQB-UHFFFAOYSA-N
DB01433	12015578	XBMIVRRWGCYBTQ-UHFFFAOYSA-N
DB01436	123055313	OFHCOWSQAMBJIW-AVJTYSNKSA-N
DB01441	22395767	DNBPMBJFRRVTSJ-UHFFFAOYSA-N
DB01445	12015261	VTTONGPRPXSUTJ-UHFFFAOYSA-N
DB01476	12015531	XDKCGKQHVBOOHC-UHFFFAOYSA-N
DB01489	12013410	PXBVEXGRHZFEOF-UHFFFAOYSA-N
DB01515	99431526	GVGYEFKIHJTNQZ-RFQIPJPRSA-N
DB01522	12015578	XBMIVRRWGCYBTQ-GCJKJVERSA-N
DB01524	57304390	QADHLRWLCPCEKT-LOVVWNRFSA-N
DB01535	22395327	YDSDEBIZUNNPOB-UHFFFAOYSA-N
DB01545	12013358	CUCHJCMWNFEYOM-UHFFFAOYSA-N
DB01555	12015578	XBMIVRRWGCYBTQ-XMSQKQJNSA-N
DB01559	12015458	CHBRHODLKOZEPZ-UHFFFAOYSA-N
DB01560	12013263	PUAQLLVFLMYYJJ-ZETCQYMHSA-N
DB01567	22395274	ROYOYTLGDLIGBX-UHFFFAOYSA-N
DB01570	22395615	FRPRNNRJTCONEC-UHFFFAOYSA-N
DB01571	22395862	MLQRZXNZHAOCHQ-UHFFFAOYSA-N
DB01583	123055316	LKYWLLWWYBVUPP-XOCLESOZSA-L
DB01583	123055440	LKYWLLWWYBVUPP-XOCLESOZSA-L
DB01583	24714734	LKYWLLWWYBVUPP-XOCLESOZSA-L
DB01586	12012589	RUDATBOHQWOJDD-UZVSRGJWSA-N
DB01586	99431529	RUDATBOHQWOJDD-UZVSRGJWSA-N
DB01587	12013411	PWAJCNITSBZRBL-UHFFFAOYSA-N
DB01589	12012678	IKMPWMZBZSAONZ-UHFFFAOYSA-N
DB01590	12014881	HKVAMNSJSFKALM-GKUWKFKPSA-N
DB01591	12015109	FBOUYBDGKBSUES-VXKWHMMOSA-N
DB01594	12013302	XAXMYHMKTCNRRZ-UHFFFAOYSA-N
DB01597	12013751	DHSUYTOATWAVLW-WFVMDLQDSA-N
DB01598	12013750	ZSKVGTPCRGIANV-ZXFLCMHBSA-N
DB01599	12014197	FYPMFJGVHOHGLL-UHFFFAOYSA-N
DB01601	56310583	KJHKTHWMRKYKJE-SUGCFTRWSA-N
DB01603	12012577	RJQXTJLFIWVMTO-TYNCELHUSA-N
DB01604	12012830	ZEMIJUDPLILVNQ-ZXFNITATSA-N
DB01606	12013505	LPQZKKCYTLCDGQ-WEDXCCLWSA-N
DB01609	12015358	BOFQWVMAQOTZIW-UHFFFAOYSA-N
DB01610	12015034	WPVFJKSGQUFQAP-GKAPJAKFSA-N
DB01618	87550960	KLPWJLBORRMFGK-UHFFFAOYSA-N
DB01623	12013417	GFBKORZTTCHDGY-UWVJOHFNSA-N
DB01628	12015199	MNJVRJDLRVPLFE-UHFFFAOYSA-N
DB01638	125299321	FBPFZTCFMRRESA-JGWLITMVSA-N
DB01645	49684188	TZBJGXHYKVUXJN-UHFFFAOYSA-N
DB01656	12014977	MNDBXUUTURYVHR-UHFFFAOYSA-N
DB01683	22395460	MRXDGVXSWIXTQL-HYHFHBMOSA-N
DB01698	12015663	IKGXIBQEEMLURG-NVPNHPEKSA-N
DB01705	26683763	QZKOOEFIMWKZPK-UHFFFAOYSA-Q
DB01708	12014907	FMGSKLZLMKYGDP-USOAJAOKSA-N
DB01727	12013273	ODBLHEXUDAPZAU-OKKQSCSOSA-N
DB01791	12014798	RRRUXBQSQLKHEL-UHFFFAOYSA-N
DB01852	56310599	IYRMWMYZSQPJKC-UHFFFAOYSA-N
DB01873	12015122	XOZIUKBZLSUILX-GIQCAXHBSA-N
DB01873	12015722	XOZIUKBZLSUILX-GIQCAXHBSA-N
DB01880	22395875	QAIPRVGONGVQAS-DUXPYHPUSA-N
DB01910	12012655	LMXOHSDXUQEUSF-YECHIGJVSA-N
DB01933	12014075	PBCZSGKMGDDXIJ-HQCWYSJUSA-N
DB01954	12013590	HJORMJIFDVBMOB-UHFFFAOYSA-N
DB02010	22395183	HKSZLNNOFSGOKW-FYTWVXJKSA-N
DB02020	22395382	GCUCIFQCGJIRNT-UHFFFAOYSA-N
DB02021	12014775	WAAPEIZFCHNLKK-UFBFGSQYSA-N
DB02032	12013747	FAKRSMQSSFJEIM-BQBZGAKWSA-N
DB02035	26683774	QIVFMUVBIHIZAM-UHFFFAOYSA-N
DB02056	12012669	BHMBVRSPMRCCGG-OUTUXVNYSA-N
DB02097	49684259	UHDGCWIWMRVCDJ-XVFCMESISA-N
DB02101	12014775	WAAPEIZFCHNLKK-QPUJVOFHSA-N
DB02132	12014058	SXONDGSPUVNZLO-UHFFFAOYSA-N
DB02152	136349961	KOZFSFOOLUUIGY-SOLYNIJKSA-N
DB02169	12013120	QNDVLZJODHBUFM-WFXQOWMNSA-N
DB02202	22395586	PUPZLCDOIYMWBV-BYPYZUCNSA-N
DB02228	12014430	ZCXUVYAZINUVJD-VFUOTHLCSA-N
DB02255	12014779	NITYDPDXAAFEIT-DYVFJYSZSA-N
DB02292	57304391	DSLPMJSGSBLWRE-UHFFFAOYSA-N
DB02300	12014175	LWQQLNNNIPYSNX-UROSTWAQSA-N
DB02329	12013920	OBZHEBDUNPOCJG-WBXJDKIVSA-N
DB02335	22395639	REGFWZVTTFGQOJ-UHFFFAOYSA-N
DB02342	12015344	CQOQDQWUFQDJMK-SSTWWWIQSA-N
DB02375	12015490	IKMDFBPHZNJCSN-UHFFFAOYSA-N
DB02378	12015889	QJAPFAZHNSZLJE-CWURXVSKSA-N
DB02383	12014205	LUBHDINQXIHVLS-UHFFFAOYSA-N
DB02507	22395179	PJVWKTKQMONHTI-HNNXBMFYSA-N
DB02545	123055391	VLQTUNDJHLEFEQ-KGENOOAVSA-N
DB02546	12015019	WAEXFXRVDQXREF-UHFFFAOYSA-N
DB02568	12014771	DOHVAKFYAHLCJP-UHFFFAOYSA-N
DB02587	12013584	OHCQJHSOBUTRHG-KGGHGJDLSA-N
DB02600	12015074	NENPYTRHICXVCS-YNEHKIRRSA-N
DB02601	24714785	LJCWONGJFPCTTL-UHFFFAOYSA-N
DB02640	12012599	NGGMYCMLYOUNGM-CSDLUJIJSA-N
DB02656	12014870	CZQHHVNHHHRRDU-UHFFFAOYSA-N
DB02659	123055413	BHQCQFFYRZLCQQ-OELDTZBJSA-N
DB02701	12013393	DFPAKSUCGFBDDF-UHFFFAOYSA-N
DB02709	12015089	LUKBXSAWLPMMSZ-OWOJBTEDSA-N
DB02712	12012698	LXANPKRCLVQAOG-NSHDSACASA-N
DB02733	12015293	ZKDXRFMOHZVXSG-HNNXBMFYSA-N
DB02758	12015352	GOLXRNDWAUTYKT-UHFFFAOYSA-N
DB02823	24714910	XUYJLQHKOGNDPB-UHFFFAOYSA-N
DB02833	12015757	DYTKVFHLKPDNRW-UHFFFAOYSA-N
DB02846	12015539	DZLNHFMRPBPULJ-VKHMYHEASA-N
DB02868	12015143	NUXKIZBEPYVRKP-RWBWKAGLSA-N
DB02872	49684242	PVRYEWOXWGDQHA-URLMMPGGSA-N
DB02893	125299323	FFEARJCKVFRZRR-SCSAIBSYSA-N
DB02901	57304367	NVKAWKQGWWIWPM-ABEVXSGRSA-N
DB02925	12013328	UJEWTUDSLQGTOA-UHFFFAOYSA-N
DB02932	12014029	LKJPYSCBVHEWIU-KRWDZBQOSA-N
DB02948	12013045	GJXWDTUCERCKIX-UHFFFAOYSA-N
DB02959	49684260	LDCYZAJDBXYCGN-VIFPVBQESA-N
DB03010	12014962	QXRSDHAAWVKZLJ-PVYNADRNSA-N
DB03034	12013736	GSDSWSVVBLHKDQ-SNVBAGLBSA-N
DB03034	12014081	GSDSWSVVBLHKDQ-SNVBAGLBSA-N
DB03044	136349968	MVCOAUNKQVWQHZ-UHFFFAOYSA-N
DB03052	12013092	XQGZSYKGWHUSDH-UHFFFAOYSA-N
DB03068	12015718	RPQZTTQVRYEKCR-WCTZXXKLSA-N
DB03109	24714973	OVRNDRQMDRJTHS-UIAUGNHASA-N
DB03176	123055345	OZYQIQVPUZANTM-UHFFFAOYSA-N
DB03203	87550961	WWUZIQQURGPMPG-KRWOKUGFSA-N
DB03206	85197624	LXBIFEVIBLOUGU-JGWLITMVSA-N
DB03208	12013815	QJYNZEYHSMRWBK-CGKDMBANSA-N
DB03225	24714971	QIVBCDIJIAJPQS-SECBINFHSA-N
DB03253	12013870	AUKXFNABVHIUAC-YFKPBYRVSA-N
DB03253	12014030	AUKXFNABVHIUAC-YFKPBYRVSA-N
DB03254	12015948	XHLKOHSAWQPOFO-UHFFFAOYSA-N
DB03285	12014182	DXDRHHKMWQZJHT-FPYGCLRLSA-N
DB03312	12013052	ODZBBRURCPAEIQ-PIXDULNESA-N
DB03322	57304368	AQHHHDLHHXJYJD-CQSZACIVSA-N
DB03395	12014324	KQXVERRYBYGQJZ-WRPDIKACSA-N
DB03410	12015466	VXIXUWQIVKSKSA-UHFFFAOYSA-N
DB03424	12013068	VGGGPCQERPFHOB-RDBSUJKOSA-N
DB03451	12014546	KLZOTDOJMRMLDX-CFLSTKHRSA-N
DB03459	12012651	ZZKNRXZVGOYGJT-VKHMYHEASA-N
DB03467	12015491	FTVWIRXFELQLPI-ZDUSSCGKSA-N
DB03496	12014552	BIIVYFLTOXDAOV-YVEFUNNKSA-N
DB03516	12014705	JOZGNYDSEBIJDH-UHFFFAOYSA-N
DB03523	12013618	PHEZJEYUWHETKO-UHFFFAOYSA-N
DB03528	81044335	OIRDTQYFTABQOQ-GAWUUDPSSA-N
DB03541	12013135	LTKHPMDRMUCUEB-IBGZPJMESA-N
DB03567	24714973	OVRNDRQMDRJTHS-CBQIKETKSA-N
DB03606	12013590	HJORMJIFDVBMOB-GFCCVEGCSA-N
DB03695	12012913	VJXSSYDSOJBUAV-UHFFFAOYSA-N
DB03719	12012601	JADDQZYHOWSFJD-BMYQGPEFSA-N
DB03721	136349998	SQVRNKJHWKZAKO-YRMXFSIDSA-N
DB03740	24714973	OVRNDRQMDRJTHS-PVFLNQBWSA-N
DB03758	12015279	WYZWZEOGROVVHK-GTMNPGAYSA-N
DB03777	22395189	QMGUOJYZJKLOLH-UHFFFAOYSA-N
DB03811	12014681	ZQISRDCJNBUVMM-YFKPBYRVSA-O
DB03823	50086908	XMOCLSLCDHWDHP-IUODEOHRSA-N
DB03823	50086925	XMOCLSLCDHWDHP-IUODEOHRSA-N
DB03832	24714892	CXTATJFJDMJMIY-CYBMUJFWSA-O
DB03849	12014847	CFBUZOUXXHZCFB-OYOVHJISSA-N
DB03856	12012626	VLCYCQAOQCDTCN-ZCFIWIBFSA-N
DB03860	12013602	BVVFOLSZMQVDKV-KXQIQQEYSA-N
DB03880	12014769	XFILPEOLDIKJHX-QYZOEREBSA-N
DB03894	12014622	RUOKEQAAGRXIBM-LBPRGKRZSA-N
DB03918	12014491	FNKQXYHWGSIFBK-ZMIZWQJLSA-N
DB03944	12014924	IZLRMTJLQCLMKF-CYBMUJFWSA-N
DB03955	85197624	LXBIFEVIBLOUGU-KVTDHHQDSA-N
DB03991	12015237	JINJZWSZQKHCIP-UFGQHTETSA-N
DB03995	12013128	WHGYBXFWUBPSRW-FOUAGVGXSA-N
DB04014	12015322	OLUKILHGKRVDCT-UHFFFAOYSA-N
DB04066	56310611	NGSWKAQJJWESNS-ZZXKWVIFSA-N
DB04084	12014430	ZCXUVYAZINUVJD-RXRWUWDJSA-N
DB04106	12014105	YAKWPXVTIGTRJH-QMMMGPOBSA-N
DB04115	12014544	YBHILYKTIRIUTE-UHFFFAOYSA-N
DB04115	125299285	YBHILYKTIRIUTE-UHFFFAOYSA-N
DB04149	12013590	HJORMJIFDVBMOB-LBPRGKRZSA-N
DB04168	12012855	CIUUIPMOFZIWIZ-UHFFFAOYSA-N
DB04216	12014036	REFJWTPEDVJJIY-UHFFFAOYSA-N
DB04224	87550986	ZQPPMHVWECSIRJ-MDZDMXLPSA-N
DB04242	12015603	FJKROLUGYXJWQN-UHFFFAOYSA-N
DB04258	12014623	LVLLALCJVJNGQQ-SEODYNFXSA-N
DB04265	136349998	SQVRNKJHWKZAKO-PFQGKNLYSA-N
DB04270	22395452	WUZIMDSVRIBNNI-DEOSSOPVSA-N
DB04273	12012684	IADAQXMUWITWNG-UHFFFAOYSA-N
DB04282	12014430	ZCXUVYAZINUVJD-UKFBFLRUSA-N
DB04291	24714785	LJCWONGJFPCTTL-ZETCQYMHSA-N
DB04293	12014135	JAPHQRWPEGVNBT-IJLUTSLNSA-N
DB04297	12013760	RTKIYFITIVXBLE-QEQCGCAPSA-N
DB04302	12015257	SYQNUQSGEWNWKV-XUIVZRPNSA-N
DB04306	12015977	UOJFGEAPSYQDIP-UHFFFAOYSA-N
DB04308	24714785	LJCWONGJFPCTTL-SSDOTTSWSA-N
DB04322	12014547	ZUQBAQVRAURMCL-WFASDCNBSA-N
DB04342	12012590	JWCSIUVGFCSJCK-LIUKBUMOSA-N
DB04377	12015709	NPOAOTPXWNWTSH-UHFFFAOYSA-N
DB04441	12015425	HBUBKKRHXORPQB-UUOKFMHZSA-N
DB04466	12014425	YQLJDECYQDRSBI-UHFFFAOYSA-N
DB04480	125299320	NBDZLUOYAAVYHF-UHFFFAOYSA-N
DB04483	12014430	ZCXUVYAZINUVJD-AIECOIEWSA-N
DB04485	12015420	IQFYYKKMVGJFEH-XLPZGREQSA-N
DB04513	12012578	IDEHCMNLNCJQST-UHFFFAOYSA-N
DB04545	81044350	QPYJXFZUIJOGNX-HSUXUTPPSA-N
DB04566	22395589	GRSZFWQUAKGDAV-KQYNXXCUSA-N
DB04570	12012590	JWCSIUVGFCSJCK-CAVRMKNVSA-N
DB04576	12012704	XBJBPGROQZJDOJ-UHFFFAOYSA-N
DB04599	12012619	ZXNRTKGTQJPIJK-UHFFFAOYSA-N
DB04600	123055349	GHDKYBCUDPSXGJ-UHFFFAOYSA-N
DB04655	24714896	VQJHOPSWBGJHQS-UHFFFAOYSA-N
DB04705	87550999	INBGSXNNRGWLJU-ZHHJOTBYSA-N
DB04725	12014886	UAWXGRJVZSAUSZ-UHFFFAOYSA-N
DB04743	12012650	HYWYRSMBCFDLJT-UHFFFAOYSA-N
DB04751	12015292	PMXCMJLOPOFPBT-HNNXBMFYSA-N
DB04769	26746648	SQWZFLMPDUSYGV-POHAHGRESA-N
DB04786	12013770	FIAFUQMPZJWCLV-UHFFFAOYSA-N
DB04794	12013311	OCAPBUJLXMYKEJ-UHFFFAOYSA-N
DB04812	12015308	MITFXPHMIHQXPI-UHFFFAOYSA-N
DB04815	56310601	QCDFBFJGMNKBDO-UHFFFAOYSA-N
DB04821	12015366	XXPANQJNYNUNES-UHFFFAOYSA-N
DB04828	12015355	ZXVNMYWKKDOREA-UHFFFAOYSA-N
DB04832	12015275	OYPPVKRFBIWMSX-SXGWCWSVSA-N
DB04834	12014834	HTIKWNNIPGXLGM-YLINKJIISA-N
DB04835	12015618	GSNHKUDZZFZSJB-QYOOZWMWSA-N
DB04841	24714724	SMANXXCATUTDDT-QPJJXVBHSA-N
DB04845	49684213	FABUFPQFXZVHFB-PVYNADRNSA-N
DB04846	12013438	JOATXPAWOHTVSZ-UHFFFAOYSA-N
DB04849	26746631	XXJWYDDUDKYVKI-UHFFFAOYSA-N
DB04854	12014717	BQSJTQLCZDPROO-UHFFFAOYSA-N
DB04856	12014112	QNQZBKQEIFTHFZ-GOSISDBHSA-N
DB04856	12014679	QNQZBKQEIFTHFZ-GOSISDBHSA-N
DB04857	12014982	NRLIFEGHTNUYFL-QJDHNRDASA-N
DB04858	12013911	ORYDPOVDJJZGHQ-UHFFFAOYSA-N
DB04859	12014755	PMBLXLOXUGVTGB-UHFFFAOYSA-N
DB04860	12014342	TZYVRXZQAWPIAB-FCLHUMLKSA-N
DB04861	12013797	KOHIRBRYDXPAMZ-UHFFFAOYSA-N
DB04862	12015083	JBPUGFODGPKTDW-SFHVURJKSA-N
DB04863	123055293	PGCFXITVMNNKON-ROUUACIJSA-N
DB04864	12013888	ZRJBHWIHUMBLCN-YQEJDHNASA-N
DB04865	12013050	HYFHYPWGAURHIV-JFIAXGOJSA-N
DB04866	12015056	LVASCWIMLIKXLA-CABCVRRESA-N
DB04868	24714967	HHZIURLSWUIHRB-UHFFFAOYSA-N
DB04869	12015401	ITIXDWVDFFXNEG-JHOUSYSJSA-N
DB04870	12015140	IMIPDPVHGGHVNH-YWVHRCQQSA-N
DB04871	49684239	XTTZERNUQAFMOF-QMMMGPOBSA-N
DB04871	81044375	XTTZERNUQAFMOF-QMMMGPOBSA-N
DB04872	57304375	DZOJBGLFWINFBF-UMSFTDKQSA-N
DB04873	12015016	KVCSJPATKXABRQ-UHFFFAOYSA-N
DB04874	12015039	IIMIOEBMYPRQGU-UHFFFAOYSA-L
DB04876	12015446	SYOKIDBDQMKNDQ-XWTIBIIYSA-N
DB04878	12013776	FZNCGRZWXLXZSZ-CIQUZCHMSA-N
DB04879	12015266	YCOYDOIWSSHVCK-UHFFFAOYSA-N
DB04880	12012687	ZJKNESGOIKRXQY-UHFFFAOYSA-N
DB04881	56310580	OSFCMRGOZNQUSW-UHFFFAOYSA-N
DB04883	12015030	FEJVSJIALLTFRP-LJQANCHMSA-N
DB04884	12014334	USRHYDPUVLEVMC-FQEVSTJZSA-N
DB04885	12014360	NCNFDKWULDWJDS-OAHLLOKOSA-N
DB04886	12014841	NIDRYBLTWYFCFV-FMTVUPSXSA-N
DB04888	12015562	CYGODHVAJQTCBG-UHFFFAOYSA-N
DB04889	12015676	OFYVIGTWSQPCLF-UHFFFAOYSA-N
DB04890	12014774	YWGDOWXRIALTES-UHFFFAOYSA-N
DB04892	12014843	PBHFNBQPZCRWQP-QUCCMNQESA-N
DB04894	12014090	SWXOGPJRIDTIRL-DOUNNPEJSA-N
DB04896	12013109	GJJFMKBJSRMPLA-UHFFFAOYSA-N
DB04898	12015148	ZXIBCJHYVWYIKI-PZJWPPBQSA-N
DB04903	12014496	HIUPRQPBWVEQJJ-UHFFFAOYSA-N
DB04905	12013631	NFIXBCVWIPOYCD-UHFFFAOYSA-N
DB04908	12014794	PPRRDFIXUUSXRA-UHFFFAOYSA-N
DB04910	12015527	RAOCRURYZCVHMG-UHFFFAOYSA-N
DB04911	12014991	VHFGEBVPHAGQPI-LXKZPTCJSA-N
DB04915	57304385	ZZUBHVMHNVYXRR-UHFFFAOYSA-N
DB04918	12015243	VOAZJEPQLGBXGO-SDAWRPRTSA-N
DB04920	12015001	KPBZROQVTHLCDU-UHFFFAOYSA-N
DB04924	12014383	QQQIECGTIMUVDS-UHFFFAOYSA-N
DB04933	12015331	BPSMYQFMCXXNPC-MFCPCZTFSA-N
DB04938	12015426	LUMKNAVTFCDUIE-VHXPQNKSSA-N
DB04942	12013938	MUTNCGKQJGXKEM-UHFFFAOYSA-N
DB04944	136349962	RTRQQBHATOEIAF-UUOKFMHZSA-N
DB04946	12014542	XMXHEBAFVSFQEX-UHFFFAOYSA-N
DB04948	12013767	KSMAGQUYOIHWFS-UHFFFAOYSA-N
DB04951	12012763	ISWRGOKTTBVCFA-UHFFFAOYSA-N
DB04953	12014733	PCOBBVZJEWWZFR-UHFFFAOYSA-N
DB04953	12015005	PCOBBVZJEWWZFR-UHFFFAOYSA-N
DB04954	12015133	OESBDSFYJMDRJY-BAYCTPFLSA-N
DB04957	12014787	MREBEPTUUMTTIA-UHFFFAOYSA-N
DB04960	12015141	PLHJCIYEEKOWNM-HHHXNRCGSA-N
DB04970	12014529	AHCPKWJUALHOPH-UHFFFAOYSA-N
DB04971	12014996	QBQLYIISSRXYKL-UHFFFAOYSA-N
DB04972	12014947	OJLHWPALWODJPQ-QNWVGRARSA-N
DB04982	12015007	JACAAXNEHGBPOQ-LLVKDONJSA-N
DB04983	57304389	FPNPSEMJLALQSA-MIYUEGBISA-N
DB04996	12014708	CKNPWBAXEKSCRG-UHFFFAOYSA-J
DB05003	12014446	BIXBBIPTYBJTRY-UHFFFAOYSA-N
DB05010	12014404	ONNMDRQRSGKZCN-UHFFFAOYSA-N
DB05013	12015710	VDJHFHXMUKFKET-UXMMOKKRSA-N
DB05015	12015640	NCNRHFGMJRPRSK-MDZDMXLPSA-N
DB05016	57304410	OOUGLTULBSNHNF-UHFFFAOYSA-N
DB05018	85197624	LXBIFEVIBLOUGU-DPYQTVNSSA-N
DB05022	12013383	UPALIKSFLSVKIS-UHFFFAOYSA-N
DB05035	123055335	VPCSYAVXDAUHLT-UHFFFAOYSA-N
DB05038	125299296	XUHBBTKJWIBQMY-MHZLTWQESA-N
DB05039	12015479	QZZUEBNBZAPZLX-QFIPXVFZSA-N
DB05057	12013867	QGFORSXNKQLDNO-UHFFFAOYSA-N
DB05076	12013040	AKJHMTWEGVYYSE-FXILSDISSA-N
DB05087	12014974	PGTVWKLGGCQMBR-FLBATMFCSA-N
DB05095	12015453	KYXDNECMRLFQMZ-UHFFFAOYSA-N
DB05100	12015024	YKPYIPVDTNNYCN-INIZCTEOSA-N
DB05102	12015250	CAYJBRBGZBCZKO-BHGBQCOSSA-N
DB05103	24714747	GYKLFBYWXZYSOW-UHFFFAOYSA-N
DB05105	12014826	KQOXLKOJHVFTRN-UHFFFAOYSA-N
DB05109	12014180	PKVRCIRHQMSYJX-AIFWHQITSA-N
DB05129	12013596	MGQRRMONVLMKJL-KWJIQSIXSA-N
DB05134	12015023	AYUNIORJHRXIBJ-TXHRRWQRSA-N
DB05143	12015463	GSOXMQLWUDQTNT-WAYWQWQTSA-N
DB05154	92309397	ZLHZLMOSPGACSZ-NSHDSACASA-N
DB05186	92309401	JFIBVDBTCDTBRH-REZTVBANSA-N
DB05197	12012583	GFWRVVCDTLRWPK-KPKJPENVSA-N
DB05220	123055410	ZLHFILGSQDJULK-UHFFFAOYSA-N
DB05229	12013775	YTCZZXIRLARSET-VJRSQJMHSA-M
DB05255	92309412	FQJISUPNMFRIFZ-HXUWFJFHSA-N
DB05260	12014158	CHPZKNULDCNCBW-UHFFFAOYSA-N
DB05265	12014215	IWCWQNVIUXZOMJ-MISYRCLQSA-N
DB05266	12013668	ZJVFLBOZORBYFE-UHFFFAOYSA-N
DB05271	12013860	KFQYTPMOWPVWEJ-INIZCTEOSA-N
DB05271	12014593	KFQYTPMOWPVWEJ-INIZCTEOSA-N
DB05273	12014091	JSTADIGKFYFAIY-GJNDDOAHSA-K
DB05288	12014801	YUWPMEXLKGOSBF-GACAOOTBSA-N
DB05289	12014074	SYTBZMRGLBWNTM-SNVBAGLBSA-N
DB05289	12015300	SYTBZMRGLBWNTM-SNVBAGLBSA-N
DB05294	12015522	UHTHHESEBZOYNR-UHFFFAOYSA-N
DB05295	12014438	FZEXGDDBXLBRTD-AYIMTCTASA-N
DB05296	12014919	ZCISRIHHEXSWIR-WRIGXHCHSA-L
DB05296	26746626	ZCISRIHHEXSWIR-WRIGXHCHSA-L
DB05297	12015330	LRCZQSDQZJBHAF-PUBGEWHCSA-N
DB05298	12014718	XDBHURGONHZNJF-UHFFFAOYSA-N
DB05316	24714802	RKEWSXXUOLRFBX-UHFFFAOYSA-N
DB05327	12014810	QCVNMNYRNIMDKV-QGZVFWFLSA-N
DB05339	12014645	GGNCUSDIUUCNKE-RSAXXLAASA-N
DB05343	12015175	YCYMCMYLORLIJX-SNVBAGLBSA-N
DB05351	12013895	MJIHNNLFOKEZEW-RUZDIDTESA-N
DB05383	12014685	HAMNKKUPIHEESI-UHFFFAOYSA-N
DB05399	12015190	RKSMVPNZHBRNNS-UHFFFAOYSA-N
DB05409	12015441	XTMOQAKCOFLCRZ-UHFFFAOYSA-N
DB05414	12015287	JICOGKJOQXTAIP-UHFFFAOYSA-N
DB05416	22395218	YDBLKRPLXZNVNB-UHFFFAOYSA-N
DB05424	12015296	OMZCMEYTWSXEPZ-UHFFFAOYSA-N
DB05428	12014919	VAZLWPAHMORDGR-WRIGXHCHSA-L
DB05428	26746626	VAZLWPAHMORDGR-WRIGXHCHSA-L
DB05434	12015488	RIWLPSIAFBLILR-WVNGMBSFSA-N
DB05458	57304379	YRVIKLBSVVNSHF-JTQLQIEISA-N
DB05461	22395195	QRNMKZJPTYRAIL-UHFFFAOYSA-N
DB05465	50086911	UXXQOJXBIDBUAC-UHFFFAOYSA-N
DB05478	26683783	JXQUAHHUSMJUFV-HZPZRMRQSA-N
DB05482	12012598	FJHBVJOVLFPMQE-QFIPXVFZSA-N
DB05494	99431550	FLFGNMFWNBOBGE-FNNZEKJRSA-N
DB05511	12014966	HUJXGQILHAUCCV-MOROJQBDSA-N
DB05513	12014835	SERHTTSLBVGRBY-UHFFFAOYSA-N
DB05521	49684228	BBAWEDCPNXPBQM-GDEBMMAJSA-N
DB05524	12015456	WVUNYSQLFKLYNI-AATRIKPKSA-N
DB05532	12015778	DBPMWRYLTBNCCE-UHFFFAOYSA-N
DB05540	12015173	MLFKVJCWGUZWNV-REOHCLBHSA-N
DB05541	22395457	MSYKRHVOOPPJKU-BDAKNGLRSA-N
DB05552	87550994	UJIAQDJKSXQLIT-UHFFFAOYSA-N
DB05575	22395889	RAHBGWKEPAQNFF-UHFFFAOYSA-N
DB05585	123055355	SNHCRNMVYDHVDT-UHFFFAOYSA-N
DB05608	87550963	OVSKGTONMLKNPZ-UHFFFAOYSA-N
DB05611	50086921	HSKAZIJJKRAJAV-KOEQRZSOSA-N
DB05642	12014606	SAURKKOJWIFYSR-UHFFFAOYSA-N
DB05659	12014697	JQBKWZPHJOEQAO-DVPVEWDBSA-N
DB05667	12013789	XMAYWYJOQHXEEK-ZEQKJWHPSA-N
DB05668	99431691	BKCJZNIZRWYHBN-UHFFFAOYSA-N
DB05676	50086920	IMOZEMNVLZVGJZ-QGZVFWFLSA-N
DB05686	12014530	YOQPCWIXYUNEET-UHFFFAOYSA-N
DB05695	12015260	PZUJQWHTIRWCID-HXUWFJFHSA-N
DB05708	26683766	RPYWXZCFYPVCNQ-RVDMUPIBSA-N
DB05719	56310613	BKJIXTWSNXCKJH-UHFFFAOYSA-N
DB05767	12015867	BOJKULTULYSRAS-OTESTREVSA-N
DB05796	12015081	XMQODGUTLZXUGZ-RPBOFIJWSA-N
DB05804	57304392	CZWCKYRVOZZJNM-USOAJAOKSA-N
DB05817	24714755	PVCULFYROUOVGJ-UHFFFAOYSA-N
DB05838	12015228	INGXCNVWWKKWOO-LJQANCHMSA-N
DB05864	12015668	QBDVVYNLLXGUGN-XGTBZJOHSA-N
DB05871	24714752	YZHIXLCGPOTQNB-UHFFFAOYSA-N
DB05885	24714958	ANWPENAPCIFDSZ-RQJHMYQMSA-N
DB05903	12015925	XAYAKDZVINDZGB-BMVMHAJPSA-N
DB05903	56310619	XAYAKDZVINDZGB-BMVMHAJPSA-N
DB05913	50086917	FGTCROZDHDSNIO-UHFFFAOYSA-N
DB05938	125299315	HQNACSFBDBYLJP-UHFFFAOYSA-N
DB05969	12015560	OUSFTKFNBAZUKL-UHFFFAOYSA-N
DB05984	123055402	YABJJWZLRMPFSI-UHFFFAOYSA-N
DB05990	123055342	ZXERDUOLZKYMJM-ZWECCWDJSA-N
DB05992	99431571	UNRCMCRRFYFGFX-TYPNBTCFSA-N
DB05993	57304418	PILCQJJJAFRKHO-UHFFFAOYSA-N
DB06075	136350036	PKCDDUHJAFVJJB-VLZXCDOPSA-N
DB06082	123055343	GIGCDIVNDFQKRA-LTCKWSDVSA-N
DB06090	26683811	OXKRFEWMSWPKKV-GHTZIAJQSA-N
DB06090	99431661	OXKRFEWMSWPKKV-GHTZIAJQSA-N
DB06091	123055416	UGJWRPJDTDGERK-UHFFFAOYSA-N
DB06144	12014521	GZKLJWGUPQBVJQ-UHFFFAOYSA-N
DB06151	12013391	PWKSKIMOESPYIA-BYPYZUCNSA-N
DB06153	24714723	FIADGNVRKBPQEU-UHFFFAOYSA-N
DB06155	12014928	JZCPYUJPEARBJL-UHFFFAOYSA-N
DB06156	81044352	VCVWXKKWDOJNIT-ZOMKSWQUSA-N
DB06157	26746628	MPYLDWFDPHRTEG-PAAYLBSLSA-N
DB06159	12015077	VHXNKPBCCMUMSW-FQEVSTJZSA-N
DB06160	12015149	NJDRXTDGYFKORP-LLVKDONJSA-N
DB06166	123055415	CGBYTKOSZYQOPV-CCEZBSFNSA-N
DB06176	12014448	OHRURASPPZQGQM-GCCNXGTGSA-N
DB06177	12014754	PSVUJBVBCOISSP-SPFKKGSWSA-N
DB06179	85197651	JGDXFQORBMPJGR-YUMQZZPRSA-N
DB06182	12015516	FKCMADOPPWWGNZ-YUMQZZPRSA-N
DB06185	22395211	IWKXDMQDITUYRK-KUBHLMPHSA-N
DB06188	22395368	QJZRFPJCWMNVAV-HHHXNRCGSA-N
DB06191	12014959	IHOVFYSQUDPMCN-DBEBIPAYSA-N
DB06193	49684191	PEZPMAYDXJQYRV-UHFFFAOYSA-N
DB06194	24714756	LRLWXBHFPGSUOX-GJQYOBCGSA-N
DB06195	12015583	BTIHMVBBUGXLCJ-OAHLLOKOSA-N
DB06196	12014551	QURWXBZNHXJZBE-MCDGZUPGSA-N
DB06197	123055301	RYWCQJDEHXJHRI-XJMXIVSISA-N
DB06198	12014132	UXCAQJAQSWSNPQ-XLPZGREQSA-N
DB06198	22395458	UXCAQJAQSWSNPQ-XLPZGREQSA-N
DB06199	12014999	MOTJMGVDPWRKOC-QPVYNBJUSA-N
DB06201	12014051	POGQSBRIGCQNEG-UHFFFAOYSA-N
DB06202	12015054	GXESHMAMLJKROZ-IAPPQJPRSA-N
DB06203	50086926	ZSBOMTDTBDDKMP-OAHLLOKOSA-N
DB06204	24714750	KWTWDQCKEHXFFR-SMDDNHRTSA-N
DB06206	12015559	WHRODDIHRRDWEW-VTHZAVIASA-N
DB06207	12014894	PNCPYILNMDWPEY-QGZVFWFLSA-N
DB06209	12015290	DTGLZDAWLRGWQN-UHFFFAOYSA-N
DB06210	22395450	XDXWLKQMMKQXPV-QYQHSDTDSA-N
DB06211	12014776	AVAACINZEOAHHE-VFZPANTDSA-N
DB06212	12015154	GYHCTFXIZSNGJT-XMMPIXPASA-N
DB06213	12015422	LZPZPHGJDAGEJZ-AKAIJSEGSA-N
DB06216	12013479	GMDCDXMAFMEDAG-BTJKTKAUSA-N
DB06217	26683779	VBHQKCBVWWUUKN-KZNAEPCWSA-N
DB06218	12015335	VPPJLAIAVCUEMN-GFCCVEGCSA-N
DB06228	22395270	KGFYHTZWPPHNLQ-AWEZNQCLSA-N
DB06230	12013834	WJBLNOPPDWQMCH-MBPVOVBZSA-N
DB06233	49684238	BUROJSBIWGDYCN-GAUTUEMISA-N
DB06234	12015036	KJFBVJALEQWJBS-XUXIUFHCSA-N
DB06235	57304371	XGOYIMQSIKSOBS-UHFFFAOYSA-N
DB06236	12015055	HSBKFSPNDWWPSL-VDTYLAMSSA-N
DB06236	12015191	HSBKFSPNDWWPSL-VDTYLAMSSA-N
DB06237	125299302	WEAJZXNPAWBCOA-INIZCTEOSA-N
DB06243	12012626	VLCYCQAOQCDTCN-UHFFFAOYSA-N
DB06247	99431536	ANDGGVOPIJEHOF-UHFFFAOYSA-N
DB06249	12015112	MCGDSOGUHLTADD-UHFFFAOYSA-N
DB06253	56310579	CCTREOMTIFSZAU-OGFXRTJISA-N
DB06255	12014398	LWRDQHOZTAOILO-UHFFFAOYSA-N
DB06262	12013905	QXWYKJLNLSIPIN-JGVFFNPUSA-N
DB06263	12014238	VJZITPJGSQKZMX-XDPRQOKASA-N
DB06266	12012701	WDRYRZXSPDWGEB-UHFFFAOYSA-N
DB06267	12015432	IYFNEFQTYQPVOC-UHFFFAOYSA-N
DB06272	12013979	DTXXSJZBSTYZKE-WFNAWOCOSA-N
DB06274	12014860	UPNUIXSCZBYVBB-JVFUWBCBSA-N
DB06276	12015062	JXAGDPXECXQWBC-LJQANCHMSA-N
DB06280	12015469	SCTZUZTYRMOMKT-UHFFFAOYSA-N
DB06281	12015506	CMSGWTNRGKRWGS-NQIIRXRSSA-N
DB06282	12014122	ZKLPARSLTMPFCP-OAQYLSRUSA-N
DB06287	12014940	CBPNZQVSJQDFBE-FUXHJELOSA-N
DB06288	12013930	NTJOBXMMWNYJFB-UHFFFAOYSA-N
DB06290	87551010	JTZZSQYMACOLNN-VDWJNHBNSA-N
DB06292	57304407	JVHXJTBJCFBINQ-ADAARDCZSA-N
DB06295	12015281	AEKNYBWUEYNWMJ-QWOOXDRHSA-N
DB06297	99431619	AMXVYJYMZLDINS-RSWLNLDNSA-N
DB06306	99431618	IFRGXKKQHBVPCQ-UHFFFAOYSA-N
DB06311	123055336	WDPFJWLDPVQCAJ-UHFFFAOYSA-N
DB06333	50086899	WUJVPODXELZABP-FWJXURDUSA-N
DB06335	57304394	QGJUIPDUBHWZPV-SGTAVMJGSA-N
DB06358	12015142	HWJPWWYTGBZDEG-UHFFFAOYSA-N
DB06365	12014786	LBGFKUUHOPIEMA-PEARBKPGSA-N
DB06367	12015588	BWYBBMQLUKXECQ-GIVPXCGWSA-N
DB06370	12015040	SETFNECMODOHTO-UHFFFAOYSA-N
DB06393	12014492	WJJYZXPHLSLMGE-UHFFFAOYSA-N
DB06397	12012785	KTXBOOWDLPUROC-UHFFFAOYSA-N
DB06401	12015168	UCJGJABZCDBEDK-UHFFFAOYSA-N
DB06402	12015744	ONUMZHGUFYIKPM-MXNFEBESSA-N
DB06403	12015371	OUJTZYPIHDYQMC-LJQANCHMSA-N
DB06405	22395215	MGNVWUDMMXZUDI-UHFFFAOYSA-N
DB06408	12014297	NHKZSTHOYNWEEZ-AFCXAGJDSA-N
DB06413	12014011	YFGHCGITMMYXAQ-LJQANCHMSA-N
DB06413	12014108	YFGHCGITMMYXAQ-LJQANCHMSA-N
DB06414	12015430	PYGWGZALEOIKDF-UHFFFAOYSA-N
DB06419	12015222	PENDGIOBPJLVBT-AMXFZXBBSA-N
DB06420	12013639	CIDNKDMVSINJCG-GKXONYSUSA-N
DB06429	57304378	BIAVGWDGIJKWRM-UHFFFAOYSA-N
DB06433	12014536	GFFXZLZWLOBBLO-ASKVSEFXSA-N
DB06436	12015099	WUWDLXZGHZSWQZ-WQLSENKSSA-N
DB06440	12014998	OPAHEYNNJWPQPX-RCDICMHDSA-N
DB06441	50086900	PAEBIVWUMLRPSK-IDTAVKCVSA-N
DB06442	12014930	PTQXTEKSNBVPQJ-UHFFFAOYSA-N
DB06448	12015147	DHMTURDWPRKSOA-RUZDIDTESA-N
DB06454	12015163	HKFMQJUJWSFOLY-OAQYLSRUSA-N
DB06455	12014763	DYLJVOXRWLXDIG-UHFFFAOYSA-N
DB06457	12014873	SFOVDSLXFUGAIV-UHFFFAOYSA-N
DB06458	12014391	YSGASDXSLKIKOD-UHFFFAOYSA-N
DB06465	12015084	XTOKQKWTUYYVAO-UHFFFAOYSA-N
DB06468	12014918	IWXNYAIICFKCTM-UHFFFAOYSA-N
DB06469	26683764	UIARLYUEJFELEN-DMVVYWCZSA-N
DB06479	12013034	RBQOQRRFDPXAGN-UHFFFAOYSA-N
DB06480	12015146	ZPMNHBXQOOVQJL-UHFFFAOYSA-N
DB06481	12014822	IRELROQHIPLASX-SEYXRHQNSA-N
DB06486	26683782	AXRCEOKUDYDWLF-UHFFFAOYSA-N
DB06494	12015459	UCQSBGOFELXYIN-UHFFFAOYSA-N
DB06497	12015729	GWNOTCOIYUNTQP-FQLXRVMXSA-N
DB06499	22395760	ODZUWQAFWMLWCF-UHFFFAOYSA-N
DB06504	12014814	ITPFSYAYHHPKRT-UHFFFAOYSA-N
DB06506	12014984	YGYBFMRFXNDIPO-QGZVFWFLSA-N
DB06510	12015513	IRLWJILLXJGJTD-UHFFFAOYSA-N
DB06512	12014264	QOBGWWQAMAPULA-RLLQIKCJSA-N
DB06518	99431561	KKKRKRMVJRHDMG-UHFFFAOYSA-N
DB06523	99431523	IWUCXVSUMQZMFG-RGDLXGNYSA-N
DB06527	22395206	SNKZJIOFVMKAOJ-UHFFFAOYSA-N
DB06530	12014952	BXNMTOQRYBFHNZ-UHFFFAOYSA-N
DB06532	26683767	UKOQVLAXCBRRGH-UHFFFAOYSA-N
DB06533	22395204	WMUIIGVAWPWQAW-XMMPIXPASA-N
DB06535	12014089	NULMGOSOSZBEQL-QMMMGPOBSA-N
DB06536	12015183	CXGTZJYQWSUFET-IBGZPJMESA-N
DB06538	12015021	MQTUXRKNJYPMCG-CYBMUJFWSA-N
DB06548	12014461	VMMKGHQPQIEGSQ-UHFFFAOYSA-N
DB06549	12014925	IDXCXSCCZNCXCL-XMADEQCMSA-N
DB06554	12015406	ZXRVKCBLGJOCEE-UHFFFAOYSA-N
DB06578	12015029	XLIIRNOPGJTBJD-ROUUACIJSA-N
DB06580	12014437	HTJGLYIJVSDQAE-VWNXEWBOSA-N
DB06581	12015101	YJEJKUQEXFSVCJ-WRFMNRASSA-N
DB06581	92309410	YJEJKUQEXFSVCJ-WRFMNRASSA-N
DB06585	12014829	KXSUAWAUCNFBQJ-UHFFFAOYSA-N
DB06586	81044360	MVCQKIKWYUURMU-UHFFFAOYSA-N
DB06587	12014853	BELMMAAWNYFCGF-PZXAHSFZSA-N
DB06589	22395868	CUIHSIWYWATEQL-UHFFFAOYSA-N
DB06590	56310609	ZCCUWMICIWSJIX-NQJJCJBVSA-N
DB06594	12014766	YJYPHIXNFHFHND-UHFFFAOYSA-N
DB06595	22395186	BMGQWWVMWDBQGC-IIFHNQTCSA-N
DB06597	12015065	YXYXCSOJKUAPJI-ZBRFXRBCSA-N
DB06598	12015208	RXOVOXFAAGIKDQ-UHFFFAOYSA-N
DB06600	85197658	AVPQPGFLVZTJOR-RYUDHWBXSA-N
DB06603	12015928	FPOHNWQLNRZRFC-ZHACJKMWSA-N
DB06605	56310620	QNZCBYKSOIHPEH-UHFFFAOYSA-N
DB06608	12014501	LBHLFPGPEGDCJG-UHFFFAOYSA-N
DB06614	12015288	XRQDFNLINLXZLB-CKIKVBCHSA-N
DB06616	26746630	UBPYILGKFZZVDX-UHFFFAOYSA-N
DB06619	12015169	RLAHNGKRJJEIJL-RFZPGFLSSA-N
DB06623	12013749	JUUFBMODXQKSTD-UHFFFAOYSA-N
DB06624	50086932	QLYKJCMUNUWAGO-GAJHUEQPSA-N
DB06625	99431570	HQSBCDPYXDGTCL-UHFFFAOYSA-N
DB06626	26683791	RITAVMQDGBJQJZ-FMIVXFBMSA-N
DB06629	87550958	FJHHZXWJVIEFGJ-UHFFFAOYSA-N
DB06630	125299337	MZZLGJHLQGUVPN-HAWMADMCSA-N
DB06634	57304397	XGGTZCKQRWXCHW-WMTVXVAQSA-N
DB06635	123055317	PFGVNLZDWRZPJW-OPAMFIHVSA-N
DB06636	12015592	RSWOJTICKMKTER-QXLBVTBOSA-N
DB06637	12014686	NUKYPUAOHBNCPY-UHFFFAOYSA-N
DB06641	12014848	SZFPYBIJACMNJV-UHFFFAOYSA-N
DB06652	26683800	CNPVJJQCETWNEU-CYFREDJKSA-N
DB06654	12014579	NEMGRZFTLSKBAP-LBPRGKRZSA-N
DB06657	12014945	RALGCAOVRLYSMA-UHFFFAOYSA-N
DB06659	12015020	DMAHZCZCPVOYGS-ZLSDMPCXSA-L
DB06660	12014694	PGKXDIMONUAMFR-AREMUKBSSA-N
DB06666	125299293	PPHTXRNHTVLQED-UHFFFAOYSA-N
DB06670	99431578	FWIVDMJALNEADT-SFTDATJTSA-N
DB06673	81044379	DKMACHNQISHMDN-RPLLCQBOSA-N
DB06678	12013213	RONZAEMNMFQXRA-MRXNPFEDSA-N
DB06680	12014969	GJMNAFGEUJBOCE-MEQIQULJSA-N
DB06682	12014972	AKFJWRDCWYYTIG-ZDUSSCGKSA-N
DB06683	12012917	GBBJCSTXCAQSSJ-XQXXSGGOSA-N
DB06683	12014935	GBBJCSTXCAQSSJ-XQXXSGGOSA-N
DB06684	12015002	SGEGOXDYSFKCPT-UHFFFAOYSA-N
DB06685	12015373	GKWPCEFFIHSJOE-UHFFFAOYSA-N
DB06689	87550986	KGWDUNBJIMUFAP-KVVVOXFISA-N
DB06693	12015427	AJLFOPYRIVGYMJ-INTXDZFKSA-N
DB06695	12015557	KSGXQBZTULBEEQ-UHFFFAOYSA-N
DB06696	12012746	MKKYBZZTJQGVCD-XTCKQBCOSA-N
DB06696	26746625	MKKYBZZTJQGVCD-XTCKQBCOSA-N
DB06697	12013078	SXYIRMFQILZOAM-HVNFFKDJSA-N
DB06699	22395202	MEUCPCLKGZSHTA-XYAYPHGZSA-N
DB06700	12015689	KYYIDSXMWOZKMP-UHFFFAOYSA-N
DB06701	24714766	DUGOZIWVEXMGBE-CHWSQXEVSA-N
DB06702	12015484	DCCSDBARQIPTGU-HSZRJFAPSA-N
DB06704	12013292	PDWUPXJEEYOOTR-UHFFFAOYSA-N
DB06712	12013601	FAIIFDPAEUKBEP-UHFFFAOYSA-N
DB06716	22395212	QVNNONOFASOXQV-UHFFFAOYSA-N
DB06717	12015115	BARDROPHSZEBKC-OITMNORJSA-N
DB06721	49684214	UIVFUQKYVFCEKJ-OPTOVBNMSA-N
DB06725	12013849	WLHQHAUOOXYABV-UHFFFAOYSA-N
DB06726	12013006	SSEBTPPFLLCUMN-UHFFFAOYSA-N
DB06730	12014148	SIGSPDASOTUPFS-XUDSTZEESA-N
DB06735	22395921	GKIRPKYJQBWNGO-OCEACIFDSA-N
DB06737	12013165	MUXFZBHBYYYLTH-UHFFFAOYSA-N
DB06739	12013832	ZBVKEHDGYSLCCC-UHFFFAOYSA-N
DB06741	12014828	WZBNEZWCNKUOSM-VOTSOKGWSA-N
DB06742	12014070	JBDGDEWWOUBZPM-XYPYZODXSA-N
DB06744	12013672	SQOJOAFXDQDRGF-MMQTXUMRSA-N
DB06748	12013896	NODILNFGTFIURN-GZPRDHCNSA-N
DB06762	12012652	IVVNZDGDKPTYHK-UHFFFAOYSA-N
DB06766	136349963	MWTBKTRZPHJQLH-UHFFFAOYSA-N
DB06769	99431537	YTKUWDBFDASYHO-UHFFFAOYSA-N
DB06774	12015395	YKPUWZUDDOIDPM-SOFGYWHQSA-N
DB06777	12012589	RUDATBOHQWOJDD-BSWAIDMHSA-N
DB06777	99431529	RUDATBOHQWOJDD-BSWAIDMHSA-N
DB06785	12014678	GJNXBNATEDXMAK-PFLSVRRQSA-N
DB06788	12013626	BKEMVGVBBDMHKL-VYFXDUNUSA-N
DB06791	12014044	PUDHBTGHUJUUFI-UHFFFAOYSA-N
DB06800	49684206	JVLBPIPGETUEET-WIXLDOGYSA-O
DB06809	26683765	YIQPUIGJQJDJOS-UHFFFAOYSA-N
DB06817	26683830	CZFFBEXEKNGXKS-UHFFFAOYSA-N
DB06819	12014956	OBKXEAXTFZPCHS-UHFFFAOYSA-N
DB06820	12013740	AFNXATANNDIXLG-UHFFFAOYSA-N
DB06825	12012926	VXKHXGOKWPXYNA-PGBVPBMZSA-N
DB06832	12015750	MQIMZDXIAHJKQP-UHFFFAOYSA-N
DB06836	26746635	JFVNFXCESCXMBC-UHFFFAOYSA-N
DB06973	125299300	IISBACLAFKSPIT-UHFFFAOYSA-N
DB06987	12014149	METKIMKYRPQLGS-GFCCVEGCSA-N
DB07053	22395905	TWVYNPULGKGJOS-UHFFFAOYSA-N
DB07080	87550969	SGIWFELWJPNFDH-UHFFFAOYSA-N
DB07109	12015519	QURCVMIEKCOAJU-HWKANZROSA-N
DB07118	87550968	HSHNITRMYYLLCV-UHFFFAOYSA-N
DB07129	12013440	VLPIATFUUWWMKC-SNVBAGLBSA-N
DB07130	50086923	MVDWLRCTJUXCCB-UHFFFAOYSA-N
DB07138	136349964	VEPKQEUBKLEPRA-UHFFFAOYSA-N
DB07159	125299322	NHHQJBCNYHBUSI-UHFFFAOYSA-N
DB07164	12015758	CAGHIASAHLPQMS-UHFFFAOYSA-N
DB07232	99431617	JNAHVYVRKWKWKQ-CYBMUJFWSA-N
DB07298	50086922	JGZSWLHKOMFYHS-UHFFFAOYSA-N
DB07352	56310575	KZNIFHPLKGYRTM-UHFFFAOYSA-N
DB07358	87550987	JEBOJMQHVUEKBE-UHFFFAOYSA-N
DB07364	12015724	PRIGRJPRGZCFAS-UHFFFAOYSA-N
DB07365	22395716	OFYAYGJCPXRNBL-LBPRGKRZSA-N
DB07425	123055319	QNAZTOHXCZPOSA-UHFFFAOYSA-N
DB07447	57304367	NVKAWKQGWWIWPM-MISPCMORSA-N
DB07450	12014520	BMHZAHGTGIZZCT-LJQANCHMSA-N
DB07465	57304394	QGJUIPDUBHWZPV-YQBUGCKMSA-N
DB07477	12013864	QRZAKQDHEVVFRX-UHFFFAOYSA-N
DB07519	99431628	VDFBMQAUECXNKR-OAQYLSRUSA-N
DB07615	12013287	NZHGWWWHIYHZNX-CSKARUKUSA-N
DB07675	22395204	WMUIIGVAWPWQAW-DEOSSOPVSA-N
DB07701	12014379	ADEBPBSSDYVVLD-HXUWFJFHSA-N
DB07715	12015057	RHMXXJGYXNZAPX-UHFFFAOYSA-N
DB07720	12014827	NLPRAJRHRHZCQQ-IVZWLZJFSA-N
DB07767	125299308	KSEBMYQBYZTDHS-HWKANZROSA-N
DB07768	12012605	MUMGGOZAMZWBJJ-KZYORJDKSA-N
DB07795	12015309	XHEFDIBZLJXQHF-UHFFFAOYSA-N
DB07810	81044353	VGEREEWJJVICBM-UHFFFAOYSA-N
DB07863	22395870	DNTSIBUQMRRYIU-UHFFFAOYSA-N
DB07884	12015276	KELNNWMENBUHNS-NSHDSACASA-N
DB07885	24714749	GWKIPRVERALPRD-ZDUSSCGKSA-N
DB07919	12015642	BXNJHAXVSOCGBA-UHFFFAOYSA-N
DB07938	12015142	HWJPWWYTGBZDEG-CQSZACIVSA-N
DB08012	12014395	KCHIOGFOPPOUJC-UHFFFAOYSA-N
DB08017	12013782	DDOAUTHWSCUHQA-UHFFFAOYSA-N
DB08059	26746624	QDLHCMPXEPAAMD-QAIWCSMKSA-N
DB08094	12015951	JRNJNYBQQYBCLE-UHFFFAOYSA-N
DB08142	99431599	OVPNQJVDAFNBDN-UHFFFAOYSA-N
DB08144	99431667	HGIPWJYTPOHUGK-UHFFFAOYSA-N
DB08162	12014414	NGOGFTYYXHNFQH-UHFFFAOYSA-N
DB08188	12014818	MLILORUFDVLTSP-UHFFFAOYSA-N
DB08313	22395397	KYRVNWMVYQXFEU-UHFFFAOYSA-N
DB08387	57304420	AZEXWHKOMMASPA-UHFFFAOYSA-N
DB08399	12014609	CDRPUGZCRXZLFL-OWOJBTEDSA-N
DB08416	123055340	AQSNIXKAKUZPSI-SSTWWWIQSA-N
DB08435	12015428	VHRUMKCAEVRUBK-XOVNXQNQSA-N
DB08439	12015177	TZRHLKRLEZJVIJ-UHFFFAOYSA-N
DB08463	136350043	HOCBJBNQIQQQGT-LJQANCHMSA-N
DB08473	26683823	XHSQDZXAVJRBMX-DDHJBXDOSA-N
DB08486	12014588	BNFRJXLZYUTIII-UHFFFAOYSA-N
DB08496	22395179	PJVWKTKQMONHTI-HNNXBMFYSA-N
DB08502	12015158	YQXCVAGCMNFUMQ-UHFFFAOYSA-N
DB08521	49684193	CDMGBJANTYXAIV-HHHXNRCGSA-N
DB08561	99431641	PLBINCOCFGQAJM-UHFFFAOYSA-N
DB08577	49684200	JNDVEAXZWJIOKB-JYRVWZFOSA-N
DB08597	99431644	XHBVYDAKJHETMP-UHFFFAOYSA-N
DB08607	12013560	GXPHKUHSUJUWKP-NTKDMRAZSA-N
DB08633	12014468	MSHZHSPISPJWHW-PVDLLORBSA-N
DB08639	57304387	ILAYIAGXTHKHNT-UHFFFAOYSA-N
DB08675	22395532	SRIZDZJPKIYUPZ-IDUFWMFESA-N
DB08734	12015381	MJZJYWCQPMNPRM-UHFFFAOYSA-N
DB08741	12015142	HWJPWWYTGBZDEG-AWEZNQCLSA-N
DB08760	22395910	CPBLTMSKPQDJPW-AWEZNQCLSA-N
DB08772	12014107	BCSVCWVQNOXFGL-UHFFFAOYSA-N
DB08806	12013537	SMTZFNFIKUPEJC-UHFFFAOYSA-N
DB08807	12013744	UUOJIACWOAYWEZ-UHFFFAOYSA-N
DB08810	12013294	ZDLBNXXKDMLZMF-UHFFFAOYSA-N
DB08814	12013369	RMWVZGDJPAKBDE-UHFFFAOYSA-N
DB08815	56310617	PQXKDMSYBGKCJA-CVTJIBDQSA-N
DB08816	49684205	OEKWJQXRCDYSHL-FNOIDJSQSA-N
DB08819	22395198	WSNODXPBBALQOF-VEJSHDCNSA-N
DB08820	125299328	PURKAOJPTOLRMP-UHFFFAOYSA-N
DB08826	12014095	TZXKOCQBRNJULO-UHFFFAOYSA-N
DB08828	99431642	BPQMGSKTAYIVFO-UHFFFAOYSA-N
DB08836	12014034	FIQOFIRCTOWDOW-BJLQDIEVSA-N
DB08842	12013796	RDHQFKQIGNGIED-MRVPVSSYSA-N
DB08846	12013687	AFSDNFLWKVMVRB-UHFFFAOYSA-N
DB08856	12012839	ZHUJMSMQIPIPTF-IBURTVSXSA-N
DB08860	12014762	VGYFMXBACGZSIL-MCBHFWOFSA-N
DB08864	49684233	YIBOMRUWOWDFLG-ONEGZZNKSA-N
DB08865	125299329	KTEIFNKAUNYNJU-GFCCVEGCSA-N
DB08868	12014880	KKGQTZUTZRNORY-UHFFFAOYSA-N
DB08871	49684210	UFNVPOGXISZXJD-WVMZDRIUSA-N
DB08872	22395865	TZDUHAJSIBHXDL-UHFFFAOYSA-N
DB08873	92309409	LHHCSNFAOIFYRV-DOVBMPENSA-N
DB08874	22395184	ZVGNESXIJDCBKN-KFGPIHIUSA-N
DB08877	99431630	HFNKQEVNSGCOJV-OAHLLOKOSA-N
DB08878	81044355	TVZGACDUOSZQKY-LBPRGKRZSA-N
DB08880	12014666	UTNUDOFZCWSZMS-YFHOEESVSA-N
DB08881	123055406	GPXBXXGIAQBQNI-UHFFFAOYSA-N
DB08882	56310616	LTXREWYXXSTFRX-QGZVFWFLSA-N
DB08883	136349971	PRMWGUBFXWROHD-UHFFFAOYSA-N
DB08889	92309411	BLMPQMFVWMYDKT-NZTKNTHTSA-N
DB08890	85197653	KXGCNMMJRFDFNR-WDRJZQOASA-N
DB08891	123055284	KPYSYYIEGFHWSV-QMMMGPOBSA-N
DB08895	49684221	UJLAWZDWDVHWOW-YPMHNXCESA-N
DB08896	123055398	FNHKPVJBJVTLMP-UHFFFAOYSA-N
DB08897	49684225	ASMXXROZKSBQIH-VITNCHFBSA-N
DB08899	125299336	WXCXUHSOUPDCQV-UHFFFAOYSA-N
DB08901	136350016	PHXJVRSECIGDHY-UHFFFAOYSA-N
DB08903	81044374	QUIJNHUBAXPXFS-XLJNKUFUSA-N
DB08905	12013811	OSVMTWJCGUFAOD-KZQROQTASA-N
DB08906	24714804	XTULMSXFIHGYFS-VLSRWLAYSA-N
DB08907	125299338	XTNGUQKDFGDXSJ-ZXGKGEBGSA-N
DB08908	99431554	LDCRTTXIJACKKU-ONEGZZNKSA-N
DB08910	50086901	UVSMNLNDYGZFPF-UHFFFAOYSA-N
DB08912	125299349	BFSMGDJOXZAERB-UHFFFAOYSA-N
DB08915	136349978	DAYKLWSKQJBGCS-NRFANRHFSA-N
DB08916	57304398	ULXXDDBFHOBEHA-CWDCEQMOSA-N
DB08918	12013109	GJJFMKBJSRMPLA-DZGCQCFKSA-N
DB08922	12014472	FBVFZWUMDDXLLG-HDICACEKSA-N
DB08927	12013735	NNAIYOXJNVGUOM-UHFFFAOYSA-N
DB08930	123055423	RHWKPHLQXYSBKR-BMIGLBTASA-N
DB08931	87550988	WXXSNCNJFUAIDG-UHFFFAOYSA-N
DB08934	136350055	TTZHDVOVKQGIBA-IQWMDFIBSA-N
DB08939	12015542	IKOCLISPVJZJEA-UHFFFAOYSA-N
DB08942	12015504	YYUAYBYLJSNDCX-UHFFFAOYSA-N
DB08943	12015485	MPIPASJGOJYODL-UHFFFAOYSA-N
DB08947	12015543	XQZXYNRDCRIARQ-LURJTMIESA-N
DB08950	12013380	JXZZEXZZKAWDSP-UHFFFAOYSA-N
DB08951	22395903	RJMIEHBSYVWVIN-UHFFFAOYSA-N
DB08952	12015482	MPGBPFMOOXKQRX-UHFFFAOYSA-N
DB08955	22395231	BYPIURIATSUHDW-UHFFFAOYSA-N
DB08961	12013960	HMEDEBAJARCKCT-UHFFFAOYSA-N
DB08964	12013345	KYBOHGVERHWSSV-VNIVIJDLSA-N
DB08974	12015477	CPEUVMUXAHMANV-UHFFFAOYSA-N
DB08976	22395233	APQPGQGAWABJLN-UHFFFAOYSA-N
DB08981	12015365	ZPAKPRAICRBAOD-UHFFFAOYSA-N
DB08986	12015558	IBYCYJFUEJQSMK-UHFFFAOYSA-N
DB08992	12013323	SQUNAWUMZGQQJD-UHFFFAOYSA-N
DB08998	12013333	SEDQWOMFMIJKCU-UHFFFAOYSA-N
DB09006	12013354	BMOVQUBVGICXQN-UHFFFAOYSA-N
DB09010	12013343	AOCCBINRVIKJHY-UHFFFAOYSA-N
DB09013	12013339	ZPQPDBIHYCBNIG-UHFFFAOYSA-N
DB09017	12013024	UMSGKTJDUHERQW-UHFFFAOYSA-N
DB09022	22395601	CJAVTWRYCDNHSM-UHFFFAOYSA-N
DB09026	12015239	UXOWGYHJODZGMF-QORCZRPOSA-N
DB09030	81044371	ZBGXUVOIWDMMJE-QHNZEKIYSA-N
DB09031	12014266	PQLXHQMOHUQAKB-UHFFFAOYSA-N
DB09034	99431637	JYTNQNCOQXFQPK-MRXNPFEDSA-N
DB09038	136350032	OBWASQILIWPZMG-QZMOQZSNSA-N
DB09039	123055388	FJZZPCZKBUKGGU-AUSIDOKSSA-N
DB09041	22395917	LFQDNHWZDQTITF-UHFFFAOYSA-N
DB09042	85197656	QCGUSIANLFXSGE-GFCCVEGCSA-N
DB09047	87550965	FYMHQCNFKNMJAV-HOTGVXAUSA-N
DB09050	123055390	JHFNIHVVXRKLEF-DCZLAGFPSA-N
DB09054	136350004	IFSDAJWBUCMOAH-HNNXBMFYSA-N
DB09055	12013718	DJQOOSBJCLSSEY-UHFFFAOYSA-N
DB09056	12014644	MQHLMHIZUIDKOO-AYHJJNSGSA-N
DB09059	12014192	VWXRQYYUEIYXCZ-OBIMUBPZSA-N
DB09060	85197641	NDCUAPJVLWFHHB-UHNVWZDZSA-N
DB09061	12012585	QHMBSVQNZZTUGM-ZWKOTPCHSA-N
DB09062	12012783	JSDXOWVAHXDYCU-VXSYNFHWSA-N
DB09064	12013723	KPSRODZRAIWAKH-UHFFFAOYSA-N
DB09068	136349982	YQNWZWMKLDQSAC-UHFFFAOYSA-N
DB09070	12013759	WZDGZWOAQTVYBX-XOINTXKNSA-N
DB09073	12015755	AHJRHEGDXFFMBM-UHFFFAOYSA-N
DB09074	85197660	FDLYAMZZIXQODN-UHFFFAOYSA-N
DB09075	92309403	HGVDHZBSSITLCT-JLJPHGGASA-N
DB09079	99431587	XZXHXSATPCNXJR-ZIADKAODSA-N
DB09083	12014885	ACRHBAYQBXXRTO-OAQYLSRUSA-N
DB09094	12012576	KOUZYZCESNTXJO-UHFFFAOYSA-N
DB09097	12013484	GDFGTRDCCWFXTG-ZIFCJYIRSA-N
DB09101	12015964	JUZYLCPPVHEVSV-LJQANCHMSA-N
DB09102	136350031	FKRSSPOQAMALKA-CUPIEXAXSA-N
DB09118	12012842	IBLNKMRFIPWSOY-FNORWQNLSA-N
DB09119	85197631	QIALRBLEEWJACW-INIZCTEOSA-N
DB09120	12015395	YKPUWZUDDOIDPM-VURMDHGXSA-N
DB09123	12012771	AZFLJNIPTRTECV-FUMNGEBKSA-N
DB09132	12014125	GFSTXYOTEVLASN-UHFFFAOYSA-K
DB09135	12014285	UUMLTINZBQPNGF-UHFFFAOYSA-N
DB09137	12013142	JLJSYHOPCNWUNE-IEOVAKBOSA-N
DB09161	12013971	ZBTQTVSNLRPJHI-UHFFFAOYSA-N
DB09161	12014028	ZBTQTVSNLRPJHI-UHFFFAOYSA-N
DB09161	12014155	ZBTQTVSNLRPJHI-UHFFFAOYSA-N
DB09166	12013149	VMZUTJCNQWMAGF-UHFFFAOYSA-N
DB09172	12014600	KKMGCTVJCQYQPV-WBVHZDCISA-N
DB09174	136349970	IMYHGORQCPYVBZ-NLFFAJNJSA-N
DB09175	12014499	BJZZDOLVVLWFHN-UHFFFAOYSA-N
DB09179	24714873	GARXJOUQUSNOGK-UHFFFAOYSA-N
DB09181	12014476	RJSCINHYBGMIFT-UHFFFAOYSA-N
DB09187	12012821	MJRPHRMGEKCADU-UHFFFAOYSA-N
DB09192	22395423	BRPOADLGOFPKKJ-UHFFFAOYSA-N
DB09194	12012660	IZBNNCFOBMGTQX-UHFFFAOYSA-N
DB09197	22395278	DOTIMEKVTCOGED-UHFFFAOYSA-N
DB09198	81044370	CHHXEZSCHQVSRE-UHFFFAOYSA-N
DB09199	12014903	PKWDZWYVIHVNKS-UHFFFAOYSA-N
DB09200	81044358	XMSXOLDPMGMWTH-UHFFFAOYSA-N
DB09201	12012730	YZFWTZACSRHJQD-UHFFFAOYSA-N
DB09202	12012735	YAORIDZYZDUZCM-UHFFFAOYSA-N
DB09204	12013929	BHIAIPWSVYSKJS-UHFFFAOYSA-N
DB09206	12013743	YNZXWQJZEDLQEG-UHFFFAOYSA-N
DB09211	12014005	OJZYRQPMEIEQFC-UAWLTFRCSA-N
DB09212	12013962	YMBXTVYHTMGZDW-UHFFFAOYSA-N
DB09213	12014434	HEFNNWSXXWATRW-JTQLQIEISA-N
DB09213	125299288	HEFNNWSXXWATRW-JTQLQIEISA-N
DB09215	12013461	OEHFRZLKGRKFAS-UHFFFAOYSA-N
DB09220	12014252	LBHIOVVIQHSOQN-UHFFFAOYSA-N
DB09221	12014184	IGXZLYMCFZHNKW-FJXQXJEOSA-L
DB09223	12014539	XVGOZDAJGBALKS-UHFFFAOYSA-N
DB09225	12013422	HDOZVRUNCMBHFH-UHFFFAOYSA-N
DB09227	12014239	VXMOONUMYLCFJD-DHLKQENFSA-N
DB09229	12013878	NCUCGYYHUFIYNU-UHFFFAOYSA-N
DB09230	12014219	ZKFQEACEUNWPMT-UHFFFAOYSA-N
DB09231	12012930	QZVNQOLPLYWLHQ-ZEQKJWHPSA-N
DB09232	12014042	KJEBULYHNRNJTE-DHZHZOJOSA-N
DB09233	12014147	CNIJVNPIIHWRRP-UHFFFAOYSA-N
DB09234	12013030	QERUYFVNIOLCHV-UHFFFAOYSA-N
DB09235	12014223	NSVFSAJIGAJDMR-UHFFFAOYSA-N
DB09236	12014025	GKQPCPXONLDCMU-CCEZHUSRSA-N
DB09237	12013616	HTIQEAQVCYTUBX-KRWDZBQOSA-N
DB09238	12014226	ANEBWFXPVPTEET-UHFFFAOYSA-N
DB09239	12014316	SVJMLYUFVDMUHP-XIFFEERXSA-N
DB09240	22395312	VZWXXKDFACOXNT-UHFFFAOYSA-N
DB09242	12013127	WPNJAUFVNXKLIM-UHFFFAOYSA-N
DB09244	12015301	IWVRVEIKCBFZNF-UHFFFAOYSA-N
DB09245	12013317	MXUNKHLAEDCYJL-UHFFFAOYSA-N
DB09267	12014584	XXUZFRDUEGQHOV-UHFFFAOYSA-J
DB09270	24714735	ACTIUHUUMQJHFO-UPTCCGCDSA-N
DB09271	12013732	QVVOZYKELHAIPX-WVHCHWADSA-N
DB09273	12013168	HWXIGFIVGWUZAO-UHFFFAOYSA-N
DB09274	12013392	FIHJKUPKCHIPAT-AHIGJZGOSA-N
DB09280	125299339	UFSKUSARDNFIRC-UHFFFAOYSA-N
DB09282	12013439	XLFWDASMENKTKL-UHFFFAOYSA-N
DB09288	12012884	QTGAJCQTLIRCFL-UHFFFAOYSA-N
DB09289	12013284	JICJBGPOMZQUBB-UHFFFAOYSA-N
DB09290	12014527	NTHPAPBPFQJABD-LLVKDONJSA-N
DB09292	123055424	PYNXFZCZUAOOQC-UTKZUKDTSA-N
DB09295	12013313	ANMLJLFWUCQGKZ-UHFFFAOYSA-N
DB09298	12015320	SEBFKMXJBCUCAI-HKTJVKLFSA-N
DB09299	136349973	LDEKQSIMHVQZJK-CAQYMETFSA-N
DB09304	12013977	GVPIXRLYKVFFMK-UHFFFAOYSA-N
DB09305	22395487	MNHDDERDSNZCCK-UHFFFAOYSA-N
DB09306	22395242	GVXBHSBKKJRBMS-UHFFFAOYSA-N
DB09308	136349990	IXXFZUPTQVDPPK-ZAWHAJPISA-N
DB09324	12013963	FKENQMMABCRJMK-RITPCOANSA-N
DB09351	12012676	NWIUTZDMDHAVTP-KRWDZBQOSA-N
DB09477	12012891	LZFZMUMEGBBDTC-QEJZJMRPSA-N
DB09480	12012833	ISEHJSHTIVKELA-DCWJVSPSSA-N
DB09487	12012969	XUHXFSYUBXNTHU-UHFFFAOYSA-N
DB09488	12012900	PWACSDKDOHSSQD-IUTFFREVSA-N
DB09546	12013292	XNACDNPGABUBFR-FKNPGSCZSA-N
DB11255	12015576	CBDQOLKNTOMMTL-UHFFFAOYSA-K
DB11336	99431549	QANMHLXAZMSUEX-UHFFFAOYSA-N
DB11364	12014263	UUTKICFRNVKFRG-WDSKDSINSA-N
DB11366	12013474	SGOOQMRIPALTEL-UHFFFAOYSA-N
DB11372	22395249	VWAUPFMBXBWEQY-ANULTFPQSA-N
DB11389	22395262	QOVTVIYTBRHADL-UHFFFAOYSA-N
DB11393	12014668	QMLVECGLEOSESV-RYUDHWBXSA-N
DB11401	12013637	ZLECMEJICSWJLT-LIWMBINXSA-N
DB11403	12015634	ZMQMTKVVAMWKNY-YSXLEBCMSA-N
DB11404	12013765	SPFYMRJSYKOXGV-UHFFFAOYSA-N
DB11409	22395364	HMCCXLBXIJMERM-UHFFFAOYSA-N
DB11411	22395266	BYNHBQROLKAEDQ-CNDPCGPLSA-N
DB11413	12015270	AYIRNRDRBQJXIF-NXEZZACHSA-N
DB11428	12013628	CUHVIMMYOGQXCV-UHFFFAOYSA-N
DB11428	12014284	CUHVIMMYOGQXCV-UHFFFAOYSA-N
DB11429	12015468	PTQMMNYJKCSPET-OMHQDGTGSA-N
DB11446	22395238	BEZZFPOZAYTVHN-UHFFFAOYSA-N
DB11450	12012945	GLBJJMFZWDBELO-UHFFFAOYSA-N
DB11466	12014232	XYKWNRUXCOIMFZ-UHFFFAOYSA-N
DB11468	12014082	UURAUHCOJAIIRQ-QGLSALSOSA-N
DB11472	22395299	HLLICFJUWSZHRJ-UHFFFAOYSA-N
DB11473	12014500	NFACJZMKEDPNKN-UHFFFAOYSA-N
DB11481	12013913	HSWPZIDYAHLZDD-UHFFFAOYSA-N
DB11491	12012901	XBHBWNFJWIASRO-UHFFFAOYSA-N
DB11510	12013370	GJKXGJCSJWBJEZ-XRSSZCMZSA-N
DB11511	12012898	NOCJXYPHIIZEHN-UHFFFAOYSA-N
DB11518	22395581	NOOCSNJCXJYGPE-UHFFFAOYSA-N
DB11525	12013465	WQGJEAMPBSZCIF-HKSLRPGUSA-N
DB11537	12012711	HBJOXQRURQPDEX-MHXMMLMNSA-N
DB11556	12013198	RHDJRPPFURBGLQ-UHFFFAOYSA-N
DB11560	136350034	FGQFOYHRJSUHMR-UHFFFAOYSA-N
DB11586	99431640	XRWSZZJLZRKHHD-WVWIJVSJSA-N
DB11591	99431546	ACCMWZWAEFYUGZ-UHFFFAOYSA-N
DB11614	12014846	WUZYKBABMWJHDL-UHFFFAOYSA-N
DB11616	12012815	KMSKQZKKOZQFFG-YXRRJAAWSA-N
DB11617	12012618	USZYSDMBJDPRIF-SVEJIMAYSA-N
DB11618	12013346	FBTUMDXHSRTGRV-BJISBDEGSA-N
DB11619	12013155	BJJXHLWLUDYTGC-ANULTFPQSA-N
DB11620	99431532	PUUSSSIBPPTKTP-UHFFFAOYSA-N
DB11633	12015361	DDFOUSQFMYRUQK-RCDICMHDSA-N
DB11637	92309413	XDAOLTSRNUSPPH-XMMPIXPASA-N
DB11638	12015359	BJDCWCLMFKKGEE-HVDUHBCDSA-N
DB11641	12014949	NMDYYWFGPIMTKO-KLCPSUAYSA-N
DB11644	99431604	TXEIIPDJKFWEEC-UHFFFAOYSA-N
DB11647	26683770	ZXFCRFYULUUSDW-OWXODZSWSA-N
DB11649	57304399	MCPUZZJBAHRIPO-UHFFFAOYSA-N
DB11651	26746658	JOGKUKXHTYWRGZ-UHFFFAOYSA-N
DB11654	22395203	RRFBTKHQZRCRSS-UHFFFAOYSA-N
DB11656	12013207	ALLWOAVDORUJLA-UHFFFAOYSA-N
DB11669	12015217	BWKDAMBGCPRVPI-ZQRPHVBESA-N
DB11672	12013839	VFLDPWHFBUODDF-FCXRPNKRSA-N
DB11675	12014157	YPELFRMCRYSPKZ-UHFFFAOYSA-N
DB11684	123055437	BGBNULCRKBVAKL-UHFFFAOYSA-N
DB11689	22395886	CYOHGALHFOKKQC-UHFFFAOYSA-N
DB11693	12015362	BICRTLVBTLFLRD-PTWUADNWSA-N
DB11698	136350028	AHFWIQIYAXSLBA-RQXATKFSSA-N
DB11699	12013648	ZNRGQMMCGHDTEI-ITGUQSILSA-N
DB11702	12012919	OQGRFQCUGLKSAV-JTQLQIEISA-N
DB11705	12013708	NJKDOADNQSYQEV-UHFFFAOYSA-N
DB11716	12015577	OBBCSXFCDPPXOL-UHFFFAOYSA-N
DB11723	99431591	DVJAMEIQRSHVKC-BDAKNGLRSA-N
DB11736	99431620	ZUHZNKJIJDAJFD-UHFFFAOYSA-N
DB11738	12012828	CQXADFVORZEARL-UHFFFAOYSA-N
DB11740	123055428	BKWJAKQVGHWELA-UHFFFAOYSA-N
DB11742	12014096	MJJALKDDGIKVBE-UHFFFAOYSA-N
DB11744	123055451	FXQIIDINBDJDKL-SNVBAGLBSA-N
DB11745	81044372	UNAZAADNBYXMIV-UHFFFAOYSA-N
DB11747	123055385	GBJVVSCPOBPEIT-UHFFFAOYSA-N
DB11749	12015327	FSVJFNAIGNNGKK-KRWDZBQOSA-N
DB11757	12014869	IQVRBWUUXZMOPW-PKNBQFBNSA-N
DB11758	136349979	PNDKCRDVVKJPKG-WHERJAGFSA-N
DB11759	136350021	MPUQHZXIXSTTDU-QXGSTGNESA-N
DB11774	12014548	XAGMUUZPGZWTRP-ZETCQYMHSA-N
DB11774	12014739	XAGMUUZPGZWTRP-ZETCQYMHSA-N
DB11775	136350046	AYCPARAPKDAOEN-LJQANCHMSA-N
DB11778	57304411	XKFTZKGMDDZMJI-HSZRJFAPSA-N
DB11780	12014323	JDLKFOPOAOFWQN-UHFFFAOYSA-N
DB11781	85197633	FWFGIHPGRQZWIW-SQNIBIBYSA-N
DB11783	12014704	KLZWOWYOHUKJIG-BPUTZDHNSA-N
DB11785	12015598	WTQYWNWRJNXDEG-RBZJEDDUSA-N
DB11792	125299334	MIJFNYMSCFYZNY-UHFFFAOYSA-N
DB11793	99431655	PCHKPVIQAHNQLW-CQSZACIVSA-N
DB11800	92309399	SPMVMDHWKHCIDT-UHFFFAOYSA-N
DB11805	85197643	OUKYUETWWIPKQR-UHFFFAOYSA-N
DB11807	24714742	IMYZQPCYWPFTAG-NGZCFLSTSA-N
DB11808	99431656	LLGDPTDZOVKFDU-XUHJSTDZSA-N
DB11811	22395384	BJBCSGQLZQGGIQ-QGZVFWFLSA-N
DB11812	12015135	VSEIDZLLWQQJGK-WSUYNKMOSA-N
DB11815	12015119	NTNWOCRCBQPEKQ-YFKPBYRVSA-N
DB11816	99431601	RFUBTTPMWSKEIW-UHFFFAOYSA-N
DB11820	26683773	ARFHIAQFJWUCFH-IZZDOVSWSA-N
DB11827	136350057	MCIACXAZCBVDEE-CUUWFGFTSA-N
DB11828	123055351	JWNPDZNEKVCWMY-VQHVLOKHSA-N
DB11829	12015131	ZCBUQCWBWNUWSU-SFHVURJKSA-N
DB11830	56310612	HRNLUBSXIHFDHP-UHFFFAOYSA-N
DB11841	12015232	INVTYAOGFAGBOE-UHFFFAOYSA-N
DB11851	50086918	ZGBAJMQHJDFTQJ-DEOSSOPVSA-N
DB11859	87550959	AURFZBICLPNKBZ-SYBPFIFISA-N
DB11864	99431560	DTYWJKSSUANMHD-UHFFFAOYSA-N
DB11865	92309407	LTEJRLHKIYCEOX-OCCSQVGLSA-N
DB11868	12013706	HPHUVLMMVZITSG-UHFFFAOYSA-N
DB11868	12015496	HPHUVLMMVZITSG-UHFFFAOYSA-N
DB11869	12014683	YJDYDFNKCBANTM-QCWCSKBGSA-N
DB11870	136349997	OJPLJFIFUQPSJR-INIZCTEOSA-N
DB11883	24714966	JYILLRHXRVTRSH-GFCCVEGCSA-N
DB11888	99431572	UKTIJASCFRNWCB-RMIBSVFLSA-N
DB11890	12015138	AMLYAMJWYAIXIA-VWNVYAMZSA-N
DB11892	12014388	PWNMXPDKBYZCOO-UHFFFAOYSA-N
DB11893	136350035	XEAOPVUAMONVLA-QGZVFWFLSA-N
DB11905	123055298	FNDDDNOJWPQCBZ-ZDUSSCGKSA-N
DB11912	123055436	SWHNZGMQMGFQGW-MSOLQXFVSA-N
DB11920	123055330	LJNUIEQATDYXJH-GSVOUGTGSA-N
DB11921	12012679	FBHSPRKOSMHSIF-GRMWVWQJSA-N
DB11922	136350058	NGYNBSHYFOFVLS-LBPRGKRZSA-N
DB11927	125299327	MVYUCRDXZXLFSB-UHFFFAOYSA-N
DB11929	123055412	KUQWGLQLLVFLSM-ONAXAZCASA-N
DB11935	12013653	UHRBTBZOWWGKMK-DOMZBBRYSA-N
DB11937	22395914	HCZHHEIFKROPDY-UHFFFAOYSA-N
DB11943	12015118	DYDCPNMLZGFQTM-UHFFFAOYSA-N
DB11953	99431649	IWXUVYOOUMLUTQ-CZUORRHYSA-N
DB11960	12013671	WNRZHQBJSXRYJK-UHFFFAOYSA-N
DB11964	12015010	HRRXCXABAPSOCP-UHFFFAOYSA-N
DB11984	99431608	GEHAEMCVKDPMKO-HXUWFJFHSA-N
DB11989	12015424	CULUWZNBISUWAS-UHFFFAOYSA-N
DB11991	136350027	SWZXEVABPLUDIO-WSZYKNRRSA-N
DB11994	12012675	TYNLGDBUJLVSMA-UHFFFAOYSA-N
DB11995	136349980	OFZJKCQENFPZBH-UHFFFAOYSA-N
DB11996	12013742	PSWFFKRAVBDQEG-XXTQFKTOSA-N
DB11998	12012808	GCQYYIHYQMVWLT-HQNLTJAPSA-N
DB11999	87550951	XZAFZXJXZHRNAQ-STQMWFEESA-N
DB12005	136350017	VFCRKLWBYMDAED-REWPJTCUSA-N
DB12010	125299325	GKDRMWXFWHEQQT-UHFFFAOYSA-N
DB12010	125299332	GKDRMWXFWHEQQT-UHFFFAOYSA-N
DB12017	12012683	SHZKQBHERIJWAO-AATRIKPKSA-N
DB12017	12013372	SHZKQBHERIJWAO-AATRIKPKSA-N
DB12019	12015520	MODVSQKJJIBWPZ-VLLPJHQWSA-N
DB12020	57304412	CSKDFZIMJXRJGH-VWLPUNTISA-N
DB12021	99431612	PIMQWRZWLQKKBJ-SFHVURJKSA-N
DB12022	49684229	WOHRHWDYFNWPNG-UHFFFAOYSA-N
DB12025	12013260	DFBIRQPKNDILPW-CIVMWXNOSA-N
DB12029	123055296	CWVRJTMFETXNAD-JUHZACGLSA-N
DB12029	56310610	CWVRJTMFETXNAD-JUHZACGLSA-N
DB12039	12013810	PFTAWBLQPZVEMU-UKRRQHHQSA-N
DB12039	12015669	PFTAWBLQPZVEMU-UKRRQHHQSA-N
DB12042	50086935	YQYSVMKCMIUCHY-WJOKGBTCSA-N
DB12044	136350006	DNTVJEMGHBIUMW-IBGZPJMESA-N
DB12045	87551013	MLESJYFEMSJZLZ-MAAOGQSESA-N
DB12046	136350008	QWKAUGRRIXBIPO-UHFFFAOYSA-N
DB12052	12015192	TZJALUIVHRYQQB-XLRXWWTNSA-N
DB12061	12015433	YVPUUUDAZYFFQT-UHFFFAOYSA-N
DB12070	123055444	FWYSMLBETOMXAG-QHCPKHFHSA-N
DB12071	57304404	NPTIPEQJIDTVKR-STQMWFEESA-N
DB12072	12015385	NHFDRBXTEDBWCZ-ZROIWOOFSA-N
DB12073	12015107	UHIXWHUVLCAJQL-MPBGBICISA-N
DB12074	123055353	OSYWBJSVKUFFSU-SKDRFNHKSA-N
DB12082	12012993	ZVNYJIZDIRKMBF-UHFFFAOYSA-N
DB12083	12013173	PBUUPFTVAPUWDE-UGZDLDLSSA-N
DB12086	12013430	NVOYVOBDTVTBDX-PMEUIYRNSA-N
DB12088	12014851	SNAJPQVDGYDQSW-DYCFWDQMSA-N
DB12092	12013545	HRRBJVNMSRJFHQ-UHFFFAOYSA-N
DB12098	123055284	KPYSYYIEGFHWSV-MRVPVSSYSA-N
DB12111	22395575	CJAWPFJGFFNXQI-UHFFFAOYSA-N
DB12116	12014693	WMBWREPUVVBILR-WIYYLYMNSA-N
DB12116	50086933	WMBWREPUVVBILR-WIYYLYMNSA-N
DB12127	12013055	OPYGFNJSCUDTBT-PMLPCWDUSA-N
DB12128	136349987	WGYPAJVJMXQXTR-ABNZCKJZSA-N
DB12135	49684247	YQYFEGTYCUQBEI-UHFFFAOYSA-N
DB12139	81044373	OLROWHGDTNFZBH-XEMWPYQTSA-N
DB12144	12015571	AHXICHPPXIGCBN-GPWPDEGDSA-N
DB12145	26683777	OCKIPDMKGPYYJS-ZDUSSCGKSA-N
DB12145	81044368	OCKIPDMKGPYYJS-ZDUSSCGKSA-N
DB12146	12015789	OWBFCJROIKNMGD-BQYQJAHWSA-N
DB12148	12014855	DKHGMERMDICWDU-GHDNBGIDSA-N
DB12150	12012715	AUZUGWXLBGZUPP-GXDHUFHOSA-N
DB12151	57304396	WXJFKKQWPMNTIM-VWLOTQADSA-N
DB12160	12012740	VUAFHZCUKUDDBC-BYPYZUCNSA-N
DB12163	12014435	FFYNAVGJSYHHFO-UHFFFAOYSA-N
DB12181	12015448	YZQLWPMZQVHJED-UHFFFAOYSA-N
DB12184	12012960	QOIGKGMMAGJZNZ-UHFFFAOYSA-N
DB12185	12014800	ZVYVPGLRVWUPMP-FYSMJZIKSA-N
DB12190	12013959	HGGAKXAHAYOLDJ-FHZUQPTBSA-N
DB12191	26683815	RFTSSZJZXOSICM-GRSHGNNSSA-N
DB12193	12015051	YCHYFHOSGQABSW-RTBURBONSA-N
DB12194	12013488	PEPMWUSGRKINHX-TXTPUJOMSA-N
DB12195	26683772	BLUJRJMLDHEMRX-UHFFFAOYSA-N
DB12197	136350014	QYNRGGHZWCUZLK-UHFFFAOYSA-N
DB12200	123055408	UCEQXRCJXIVODC-PMACEKPBSA-N
DB12214	136350050	WHSOLWOTCHFFBK-ZQGJOIPISA-N
DB12222	12014791	RVFGKBWWUQOIOU-NDEPHWFRSA-N
DB12228	50086919	CGDZXLJGHVKVIE-DNVCBOLYSA-N
DB12229	99431622	NXQGEDVQXVTCDA-UHFFFAOYSA-N
DB12230	12013734	RHLJLALHBZGAFM-UHFFFAOYSA-N
DB12232	12014960	VQFKFAKEUMHBLV-BYSUZVQFSA-N
DB12233	12014401	ANMATWQYLIFGOK-UHFFFAOYSA-N
DB12237	24714761	MOLOJNHYNHBPCW-ZETCQYMHSA-N
DB12239	123055334	LLCRBOWRJOUJAE-UHFFFAOYSA-N
DB12243	12014003	QELUYTUMUWHWMC-UHFFFAOYSA-N
DB12245	22395265	NQPDXQQQCQDHHW-UHFFFAOYSA-N
DB12247	136350053	VRQMAABPASPXMW-HDICACEKSA-N
DB12248	12013329	YREYLAVBNPACJM-UHFFFAOYSA-N
DB12254	12014711	URCVCIZFVQDVPM-UHFFFAOYSA-N
DB12264	12014625	UCPOMLWZWRTIAA-UHFFFAOYSA-N
DB12265	81044363	MIWWSGDADVMLTG-UHFFFAOYSA-N
DB12273	99431530	DMJWENQHWZZWDF-PKOBYXMFSA-N
DB12276	12014463	YLJOVCWVJCDPLN-UHFFFAOYSA-N
DB12283	136349991	VKXWOLCNTHXCLF-DXEZIKHYSA-N
DB12286	12014745	WHXMKTBCFHIYNQ-UHFFFAOYSA-N
DB12287	12014782	XVFJONKUSLSKSW-JTQLQIEISA-N
DB12290	12015641	HKEAFJYKMMKDOR-VPRICQMDSA-N
DB12291	12014151	VAZAPHZUAVEOMC-UHFFFAOYSA-N
DB12307	123055389	CXQHYVUVSFXTMY-UHFFFAOYSA-N
DB12308	87550959	AURFZBICLPNKBZ-YZRLXODZSA-N
DB12311	12015388	DJKNRCWSXSZACF-UHFFFAOYSA-N
DB12313	12012934	RYBJORHCUPVNMB-UHFFFAOYSA-N
DB12321	12014839	BBPRUNPUJIUXSE-DXKRWKNPSA-N
DB12329	123055450	HLFSMUUOKPBTSM-ISIOAQNYSA-N
DB12332	85197636	HMABYWSNWIZPAG-UHFFFAOYSA-N
DB12334	12015564	XIVMHSNIQAICTR-UQYHODNASA-N
DB12338	12015336	OLBWFRRUHYQABZ-MRVPVSSYSA-N
DB12339	85197659	BTTNOGHPGJANSW-IBGZPJMESA-N
DB12340	57304426	JLYAXFNOILIKPP-KXQOOQHDSA-N
DB12343	12013320	BVCKFLJARNKCSS-DWPRYXJFSA-N
DB12365	12014746	BDABGOLMYNHHTR-UHFFFAOYSA-N
DB12369	87550983	OAVGBZOFDPFGPJ-UHFFFAOYSA-N
DB12371	136350018	KIHYPELVXPAIDH-HNSNBQBZSA-N
DB12377	123055439	SMOBCLHAZXOKDQ-ZJUUUORDSA-N
DB12378	136349967	JTMITOKKUMVWRT-UHFFFAOYSA-N
DB12379	12012712	CRDNMYFJWFXOCH-BUHFOSPRSA-N
DB12385	12015125	HAWSQZCWOQZXHI-FQEVSTJZSA-N
DB12387	123055425	JROFGZPOBKIAEW-HAQNSBGRSA-N
DB12391	56310625	BFZKMNSQCNVFGM-UCEYFQQTSA-N
DB12395	12013274	CBQGYUDMJHNJBX-OALUTQOASA-N
DB12402	12014944	AFUWQWYPPZFWCO-LBPRGKRZSA-N
DB12406	12014864	NSMXQKNUPPXBRG-SECBINFHSA-N
DB12420	87550990	SALVHVNECODMJP-GNUCVDFRSA-N
DB12422	125299306	SUVMJBTUFCVSAD-SNVBAGLBSA-N
DB12425	24714734	AUYYCJSJGJYCDS-UMVFHIKJSA-N
DB12426	99431594	YUUGYIUSCYNSQR-LBPRGKRZSA-N
DB12429	12015277	GFMMXOIFOQCCGU-UHFFFAOYSA-N
DB12430	123055421	KPVIXBKIJXZQJX-IJUBVZAWSA-N
DB12436	12015048	XILNRORTJVDYRH-HKUYNNGSSA-N
DB12438	136349974	KMUNHOKTIVSFRA-KXFIGUGUSA-N
DB12445	12015129	IOJUJUOXKXMJNF-UHFFFAOYSA-N
DB12447	12013557	JYJTVFIEFKZWCJ-UHFFFAOYSA-N
DB12448	12013571	LNXBEIZREVRNTF-UHFFFAOYSA-N
DB12455	81044367	JEECQCWWSTZDCK-IQZGDKDPSA-N
DB12459	12015068	LNHWXBUNXOXMRL-VWLOTQADSA-N
DB12463	56310608	PKXWXXPNHIWQHW-RCBQFDQVSA-N
DB12465	12013738	FPCCSQOGAWCVBH-UHFFFAOYSA-N
DB12466	99431552	ZCGNOVWYSGBHAU-UHFFFAOYSA-N
DB12470	12015055	HSBKFSPNDWWPSL-CAHLUQPWSA-N
DB12470	12015191	HSBKFSPNDWWPSL-CAHLUQPWSA-N
DB12471	123055447	BODYFEUFKHPRCK-ZCZMVWJSSA-N
DB12472	12013610	PTVWPYVOOKLBCG-ZDUSSCGKSA-N
DB12473	12013585	AJKIRUJIDFJUKJ-UHFFFAOYSA-N
DB12479	123055306	ZNPOCLHDJCAZAH-UHFFFAOYSA-N
DB12482	12015207	TWHZNAUBXFZMCA-UHFFFAOYSA-N
DB12483	136350052	PZBCKZWLPGJMAO-UHFFFAOYSA-N
DB12484	24714722	UCKYOOZPSJFJIZ-XVKVHKPRSA-N
DB12485	12012864	WVWOOAYQYLJEFD-UHFFFAOYSA-N
DB12491	136350037	BZCALJIHZVNMGJ-HSZRJFAPSA-N
DB12500	123055414	JOOXLOJCABQBSG-UHFFFAOYSA-N
DB12515	12014702	FUXVKZWTXQUGMW-FQEVSTJZSA-N
DB12518	12013470	WAOQONBSWFLFPE-VIFPVBQESA-N
DB12519	57304408	FSYKKLYZXJSNPZ-UHFFFAOYSA-N
DB12523	12014077	PVLJETXTTWAYEW-UHFFFAOYSA-N
DB12531	12014555	GWFOVSGRNGAGDL-FSDSQADBSA-N
DB12539	12013192	CKNAQFVBEHDJQV-UHFFFAOYSA-N
DB12540	26683793	NRPQELCNMADTOZ-OAQYLSRUSA-N
DB12545	12013756	AYDXAULLCROVIT-UHFFFAOYSA-N
DB12551	12013061	HPMRFMKYPGXPEP-UHFFFAOYSA-N
DB12563	125299333	WZZIQHIQMWJNLU-LLVKDONJSA-N
DB12564	136349996	HESSNRGIEVBPRB-QDDPNBLJSA-N
DB12577	12014988	WDOGQTQEKVLZIJ-WAYWQWQTSA-N
DB12586	12015315	FFRFGVHNKJYNOV-ZCIMLLHDSA-N
DB12590	12015274	CBIAWPMZSFFRGN-UHFFFAOYSA-N
DB12593	12014221	MXPOCMVWFLDDLZ-NSCUHMNNSA-N
DB12598	12013084	MQQNFDZXWVTQEH-UHFFFAOYSA-N
DB12601	26746640	QIUASFSNWYMDFS-NILGECQDSA-N
DB12602	123055290	CNLWNYCFDMAZCB-HUVROIHYSA-N
DB12610	12013066	DYEFUKCXAQOFHX-UHFFFAOYSA-N
DB12615	123055433	IYDYFVUFSPQPPV-PEXOCOHZSA-N
DB12617	12013753	HZQDCMWJEBCWBR-UUOKFMHZSA-N
DB12618	12015760	DFYRUELUNQRZTB-UHFFFAOYSA-N
DB12619	12015376	GMJWGJSDPOAZTP-MIDYMNAOSA-N
DB12624	12013451	ZVXNYZWXUADSRV-UHFFFAOYSA-N
DB12629	123055318	WONYMNWUJVKVII-UHFFFAOYSA-N
DB12633	12015311	UBJAHGAUPNGZFF-XOVTVWCYSA-N
DB12637	12013541	IEXUMDBQLIVNHZ-YOUGDJEHSA-N
DB12643	49684224	NJXZWIIMWNEOGJ-WEWKHQNJSA-N
DB12650	12014185	MEZLKOACVSPNER-FDJJMKDCSA-N
DB12658	85197670	QXTWSUQCXCWEHF-JXMROGBWSA-N
DB12661	12014605	ICMGLRUYEQNHPF-UHFFFAOYSA-N
DB12662	22395221	OKJHGOPITGTTIM-DEOSSOPVSA-N
DB12665	12015313	OVSQVDMCBVZWGM-QSOFNFLRSA-N
DB12665	12015418	OVSQVDMCBVZWGM-QSOFNFLRSA-N
DB12670	12014585	PJBFVWGQFLYWCB-QUYAXPHCSA-N
DB12671	12015384	ZEZFKUBILQRZCK-MJSCXXSSSA-N
DB12677	12015003	DZMVCVHATYROOS-ZBFGKEHZSA-N
DB12679	136349981	VFUAJMPDXIRPKO-LQELWAHVSA-N
DB12680	57304406	JJZFWROHYSMCMU-UHFFFAOYSA-N
DB12681	12015205	WUILNKCFCLNXOK-CFBAGHHKSA-N
DB12692	12013113	IDINUJSAMVOPCM-UHFFFAOYSA-N
DB12693	12013534	JUQLTPCYUFPYKE-UHFFFAOYSA-N
DB12702	136350007	HXLOHDZQBKCUCR-WOZUAGRISA-N
DB12703	136350051	CGBJSGAELGCMKE-UHFFFAOYSA-N
DB12707	12015865	LAMIXXKAWNLXOC-INIZCTEOSA-N
DB12707	12015940	LAMIXXKAWNLXOC-INIZCTEOSA-N
DB12708	12013918	UQZVCDCIMBLVNR-TWYODKAFSA-N
DB12709	24714803	UYXTWWCETRIEDR-UHFFFAOYSA-N
DB12712	12012984	BCQTVJKBTWGHCX-UHFFFAOYSA-N
DB12719	123055418	INASOKQDNHHMRE-UHFFFAOYSA-N
DB12724	136350029	MAQDQJWCSSCURR-UHFFFAOYSA-N
DB12727	12014764	VPAWVRUHMJVRHU-VGDKGRGNSA-N
DB12729	136350042	MGGBYMDAPCCKCT-UHFFFAOYSA-N
DB12736	12013112	WCDWBPCFGJXFJZ-UHFFFAOYSA-N
DB12743	99431576	VCPMZDWBEWTGNW-UHFFFAOYSA-N
DB12749	12015391	HJXMNVQARNZTEE-UHFFFAOYSA-N
DB12750	87550947	KCWZGJVSDFYRIX-YFKPBYRVSA-N
DB12752	12012805	FBMYKMYQHCBIGU-UHFFFAOYSA-N
DB12757	81044346	QXOPTIPQEVJERB-JQWIXIFHSA-N
DB12766	12012936	CVKNDPRBJVBDSS-UHFFFAOYSA-N
DB12769	12014547	ZUQBAQVRAURMCL-DOMZBBRYSA-N
DB12770	12014296	KMZQAVXSMUKBPD-DJWKRKHSSA-N
DB12771	87550954	JUUBCHWRXWPFFH-UHFFFAOYSA-N
DB12774	136350023	KVLFRAWTRWDEDF-IRXDYDNUSA-N
DB12781	81044356	IETKPTYAGKZLKY-UHFFFAOYSA-N
DB12791	99431547	QNRRHYPPQFELSF-CNYIRLTGSA-N
DB12802	12012576	YJGVMLPVUAXIQN-HAEOHBJNSA-N
DB12805	49684236	PQHLRGARXNPFCF-UHFFFAOYSA-N
DB12825	123055421	KPVIXBKIJXZQJX-FCEONZPQSA-N
DB12827	12015895	ZADWXFSZEAPBJS-SNVBAGLBSA-N
DB12827	12015926	ZADWXFSZEAPBJS-SNVBAGLBSA-N
DB12827	24714968	ZADWXFSZEAPBJS-SNVBAGLBSA-N
DB12832	22395234	HFVNWDWLWUCIHC-GUPDPFMOSA-N
DB12833	12013679	CEIJFEGBUDEYSX-FZDBZEDMSA-N
DB12834	12012726	KPQZUUQMTUIKBP-UHFFFAOYSA-N
DB12847	12015417	PTJGLFIIZFVFJV-UHFFFAOYSA-N
DB12850	12014799	YFIZRWPXUYFCSN-UHFFFAOYSA-N
DB12852	136350005	XCGJIFAKUZNNOR-QCKZDCLWSA-N
DB12855	24714758	RYMCFYKJDVMSIR-RNFRBKRXSA-N
DB12856	12015539	DZLNHFMRPBPULJ-UHFFFAOYSA-N
DB12863	12014432	BTGNGJJLZOIYID-UHFFFAOYSA-N
DB12864	26683771	JCYZMTMYPZHVBF-UHFFFAOYSA-N
DB12869	12014902	GGUSQTSTQSHJAH-UHFFFAOYSA-N
DB12873	22395820	AAFJXZWCNVJTMK-GUCUJZIJSA-N
DB12874	136350019	CVWXJKQAOSCOAB-UHFFFAOYSA-N
DB12877	12013337	BAINIUMDFURPJM-UHFFFAOYSA-N
DB12882	12015206	IXWNTLSTOZFSCM-YVACAVLKSA-N
DB12883	12014168	WVLHGCRWEHCIOT-UHFFFAOYSA-N
DB12885	12015329	IPSYPUKKXMNCNQ-PFHKOEEOSA-N
DB12886	99431663	WIEDUMBCZQRGSY-UHFFFAOYSA-N
DB12890	57304370	BGOQGUHWXBGXJW-YOEHRIQHSA-N
DB12901	12012806	GIMSJJHKKXRFGV-BYPJNBLXSA-N
DB12904	26746633	HGVNLRPZOWWDKD-UHFFFAOYSA-N
DB12923	12013283	XQLWNAFCTODIRK-UHFFFAOYSA-N
DB12931	12015575	DWPQODZAOSWNHB-UHFFFAOYSA-N
DB12933	136350010	FIMYFEGKMOCQKT-UHFFFAOYSA-N
DB12935	87550984	UAOCLDQAQNNEAX-ABMICEGHSA-N
DB12946	12014525	FFBDFADSZUINTG-UHFFFAOYSA-N
DB12947	12013031	ZWAOHEXOSAUJHY-ZIYNGMLESA-N
DB12948	12013951	QJMCKEPOKRERLN-UHFFFAOYSA-N
DB12951	12014722	SRPNQDXRVRCTNK-UHFFFAOYSA-N
DB12957	12015416	IDYKCXHJJGMAEV-RRKCRQDMSA-N
DB12959	136350054	DSFNLJXHXBIKDS-UHFFFAOYSA-N
DB12966	12015400	FTFRZXFNZVCRSK-UHFFFAOYSA-N
DB12967	12012645	MXWHMTNPTTVWDM-NXOFHUPFSA-N
DB12968	24714929	BQIFCAGMUAMYDV-JIGDXULJSA-N
DB12969	12015429	DSCFFEYYQKSRSV-KLJZZCKASA-N
DB12972	87550959	AURFZBICLPNKBZ-FZCSVUEKSA-N
DB12984	12014832	DXOJIXGRFSHVKA-BZVZGCBYSA-N
DB12988	22395459	PNHFDVSKDSLUFH-UHFFFAOYSA-N
DB12991	12013113	IDINUJSAMVOPCM-INIZCTEOSA-N
DB12998	99431621	QGNOXTFZOLDODX-UHFFFAOYSA-N
DB13004	99431574	ZFPZEYHRWGMJCV-ZHALLVOQSA-N
DB13014	12014204	BTXNYTINYBABQR-UHFFFAOYSA-N
DB13025	12013421	JTVPZMFULRWINT-UHFFFAOYSA-N
DB13028	12014327	MRMBZHPJVKCOMA-YJFSRANCSA-N
DB13035	12015923	MEKASOQEXYKAKM-UHFFFAOYSA-N
DB13036	12014153	LDXDSHIEDAPSSA-OAHLLOKOSA-N
DB13044	12013187	QBKSWRVVCFFDOT-UHFFFAOYSA-N
DB13050	12014050	RBKASMJPSJDQKY-RBFSKHHSSA-N
DB13056	12012788	ATCGGEJZONJOCL-UHFFFAOYSA-N
DB13059	123055411	RYYNGWLOYLRZLK-RBUKOAKNSA-N
DB13061	123055394	HHFBDROWDBDFBR-UHFFFAOYSA-N
DB13063	12013901	KTEXNACQROZXEV-SLXBATTESA-N
DB13066	12014222	UGFHIPBXIWJXNA-UHFFFAOYSA-N
DB13066	12014874	UGFHIPBXIWJXNA-UHFFFAOYSA-N
DB13067	26683785	GFJRASPBQLDRRY-TWTQBQJDSA-N
DB13068	12014887	RPJPZDVUUKWPGT-FOIHOXPVSA-N
DB13069	12015545	VFEDRRNHLBGPNN-UHFFFAOYSA-N
DB13082	12013546	NGHTXZCKLWZPGK-UHFFFAOYSA-N
DB13083	49684199	SNFYYXUGUBUECJ-UHFFFAOYSA-N
DB13087	99431563	HZLAWYIBLZNRFZ-VXGBXAGGSA-N
DB13089	12015480	MPDGHEJMBKOTSU-YKLVYJNSSA-N
DB13091	12013308	FDBWMYOFXWMGEY-UHFFFAOYSA-N
DB13114	12015538	ZPMKQFOGINQDAM-UHFFFAOYSA-N
DB13129	12014190	JUNDJWOLDSCTFK-MTZCLOFQSA-N
DB13132	12013016	BLUAFEHZUWYNDE-NNWCWBAJSA-N
DB13141	12014070	IPUHJDQWESJTGD-NJJJQDLFSA-N
DB13145	12013552	GYAVMUDJCHAASE-UHFFFAOYSA-M
DB13165	136350022	QSKQVZWVLOIIEV-NSHDSACASA-N
DB13174	12015962	FCDLCPWAQCPTKC-UHFFFAOYSA-N
DB13182	49684218	ZQSIJRDFPHDXIC-UHFFFAOYSA-N
DB13202	22395400	UAXYBJSAPFTPNB-KHPPLWFESA-N
DB13228	12013532	UYGONJYYUKVHDD-UHFFFAOYSA-N
DB13233	24714813	FZSPJBYOKQPKCD-UHFFFAOYSA-N
DB13242	12013720	CJGYSWNGNKCJSB-YVLZZHOMSA-N
DB13243	12012976	FVRDYQYEVDDKCR-DBRKOABJSA-N
DB13246	12015548	JCBQCKFFSPGEDY-UHFFFAOYSA-N
DB13247	12012872	ZULJGOSFKWFVRX-UHFFFAOYSA-N
DB13261	12014643	MPORYQCGWFQFLA-ONPDANIMSA-N
DB13273	12013423	UNRHXEPDKXPRTM-UHFFFAOYSA-N
DB13274	12013330	DNYGXMICFMACRA-XHEDQWPISA-N
DB13310	12012799	XZEUAXYWNKYKPL-WDYNHAJCSA-N
DB13310	12014975	XZEUAXYWNKYKPL-WDYNHAJCSA-N
DB13311	12015569	YPTFHLJNWSJXKG-UHFFFAOYSA-N
DB13312	12012755	WOUOLAUOZXOLJQ-MBSDFSHPSA-N
DB13314	12013322	FPHLBGOJWPEVME-UHFFFAOYSA-N
DB13316	12013997	WDKXLLJDNUBYCY-UHFFFAOYSA-N
DB13317	12013514	ARPYQKTVRGFPIS-VIFPVBQESA-N
DB13325	12013299	IDUMOVRJNBNOTR-BIZLIJPVSA-N
DB13326	125299290	KKAJSJJFBSOMGS-UHFFFAOYSA-N
DB13327	12013156	KYWCWBXGRWWINE-UHFFFAOYSA-N
DB13330	12013318	ZEASXVYVFFXULL-UHFFFAOYSA-N
DB13338	12013110	XOEUHCONYHZURQ-HNUBZJOYSA-N
DB13358	12013934	IPOBOOXFSRWSHL-UHFFFAOYSA-N
DB13360	12012602	CANCCLAKQQHLNK-LSDHHAIUSA-N
DB13367	12013124	GYNNRVJJLAVVTQ-UHFFFAOYSA-N
DB13368	12013351	IYIYMCASGKQOCZ-DJRRULDNSA-N
DB13371	22395569	PWHROYKAGRUWDQ-UHFFFAOYSA-N
DB13399	12013758	JOAHPSVPXZTVEP-YXJHDRRASA-N
DB13400	12015273	FKDHHVKWGRFRTG-UHFFFAOYSA-N
DB13409	12012977	VYWWNRMSAPEJLS-MDWYKHENSA-N
DB13411	12013427	SAPNXPWPAUFAJU-UHFFFAOYSA-N
DB13418	12013530	MTMZZIPTQITGCY-OLGWUGKESA-N
DB13419	12013969	YSIITVVESCNIPR-UHFFFAOYSA-N
DB13425	12014447	QHMWCHQXCUNUAK-UHFFFAOYSA-N
DB13429	22395236	KWBTZIFLQYYPTH-UHFFFAOYSA-N
DB13432	12013321	XVUQHFRQHBLHQD-UHFFFAOYSA-N
DB13434	12012871	ZCJYUTQZBAIHBS-UHFFFAOYSA-N
DB13435	12015546	ALAXZYHFVBSJKZ-UHFFFAOYSA-N
DB13443	12014149	METKIMKYRPQLGS-LBPRGKRZSA-N
DB13452	12012780	QLTVVOATEHFXLT-UHFFFAOYSA-N
DB13457	12015550	FVYUQFQCEOZYHZ-UHFFFAOYSA-N
DB13465	22395350	OXLKOMYHDYVIDM-UHFFFAOYSA-N
DB13470	12013041	XDZKBRJLTGRPSS-BGZQYGJUSA-N
DB13471	12014933	XGZZHZMWIXFATA-UEZBDDGYSA-N
DB13478	12013403	JLICHNCFTLFZJN-UHFFFAOYSA-N
DB13481	12014516	LXIKEPCNDFVJKC-QXMHVHEDSA-N
DB13499	12013350	SYLKGLMBLAAGSC-QLVMHMETSA-N
DB13502	12012914	QIHLUZAFSSMXHQ-UHFFFAOYSA-N
DB13508	12013737	XYCMOTOFHFTUIU-UHFFFAOYSA-N
DB13509	24714725	MXCPYJZDGPQDRA-UHFFFAOYSA-N
DB13514	12013634	TVQZAMVBTVNYLA-UHFFFAOYSA-N
DB13522	12013248	XIUUSFJTJXFNGH-OLQVQODUSA-N
DB13523	12013325	RYJXBGGBZJGVQF-UHFFFAOYSA-N
DB13527	12015533	PTXGHCGBYMQQIG-UHFFFAOYSA-N
DB13530	12013349	NXWGWUVGUSFQJC-UHFFFAOYSA-N
DB13540	12012802	UDIIBEDMEYAVNG-ZKFPOVNWSA-N
DB13546	12013033	WZGBZLHGOVJDET-UHFFFAOYSA-N
DB13550	12013146	QSQQPMHPCBLLGX-UHFFFAOYSA-N
DB13553	12013002	UIMOJFJSJSIGLV-JNHMLNOCSA-N
DB13576	87550957	NSFYKDVWNTWJOK-UHFFFAOYSA-K
DB13581	22395305	XPYLKZZOBVLVHB-QDKIRNHSSA-N
DB13601	12012841	IHLAQQPQKRMGSS-UHFFFAOYSA-N
DB13602	12015547	QFFCYTLOTYIJMR-XMGTWHOFSA-N
DB13604	22395398	ZCVAIGPGEINFCX-UHFFFAOYSA-N
DB13609	12014724	KCFYEAOKVJSACF-UHFFFAOYSA-N
DB13612	24714725	VYMUGTALCSPLDM-UHFFFAOYSA-L
DB13616	12015035	DKWNMCUOEDMMIN-PKOBYXMFSA-N
DB13618	12013104	SFBODOKJTYAUCM-UHFFFAOYSA-N
DB13625	22395237	KEMXXQOFIRIICG-UHFFFAOYSA-N
DB13635	12013988	KJAMZCVTJDTESW-UHFFFAOYSA-N
DB13638	12013721	SMSRCGPDNDCXFR-CYWZMYCQSA-N
DB13641	57304414	DLGSOJOOYHWROO-WQLSENKSSA-N
DB13643	12013326	UTEFBSAVJNEPTR-RGEXLXHISA-N
DB13645	12013868	PQXGNJKJMFUPPM-UHFFFAOYSA-N
DB13649	12015363	JTIGKVIOEQASGT-UHFFFAOYSA-N
DB13653	12013335	XHOJAWVAWFHGHL-UHFFFAOYSA-N
DB13656	12014549	MPTJIDOGFUQSQH-UHFFFAOYSA-N
DB13667	12014715	QDUIJCOKQCCXQY-WHJQOFBOSA-N
DB13668	12013703	YLUSMKAJIQOXPV-UHFFFAOYSA-N
DB13670	22395345	VRYKTHBAWRESFI-VOTSOKGWSA-N
DB13674	12015493	UOMKBIIXHQIERR-UHFFFAOYSA-N
DB13676	12013807	PXUIZULXJVRBPC-UHFFFAOYSA-N
DB13682	12012690	DKOQGJHPHLTOJR-WHRDSVKCSA-N
DB13684	12014041	JMFOSJNGKJCTMJ-ZHZULCJRSA-N
DB13689	12013698	BJYLYJCXYAMOFT-RSFVBTMBSA-N
DB13697	12014410	MLMFUKWWZIZRHX-UWRPRBHNSA-N
DB13702	12015537	YTSPICCNZMNDQT-UHFFFAOYSA-M
DB13711	12013573	IRGJVQIJENCTQF-UHFFFAOYSA-N
DB13722	12013319	PIDSZXPFGCURGN-UHFFFAOYSA-N
DB13723	12014287	PVBQYTCFVWZSJK-UHFFFAOYSA-N
DB13729	12013733	XASIMHXSUQUHLV-UHFFFAOYSA-N
DB13745	22395437	LBOZSXSPRGACHC-NFOZGECASA-L
DB13751	12014953	LPLVUJXQOOQHMX-QWBHMCJMSA-N
DB13757	12012933	YARKMNAWFIMDKV-UHFFFAOYSA-N
DB13767	12014353	XLMPPFTZALNBFS-INIZCTEOSA-N
DB13767	12014601	XLMPPFTZALNBFS-INIZCTEOSA-N
DB13768	12015535	NEIPZWZQHXCYDV-UHFFFAOYSA-N
DB13772	12013816	NJCJBUHJQLFDSW-UHFFFAOYSA-N
DB13775	12012641	HTWFXPCUFWKXOP-UHFFFAOYSA-N
DB13777	12015540	ADUKCCWBEDSMEB-NSHDSACASA-N
DB13778	22395230	VTLCNEGVSVJLDN-MLGOLLRUSA-N
DB13781	12012848	DXPOSRCHIDYWHW-UHFFFAOYSA-N
DB13783	12013312	FSQKKOOTNAMONP-UHFFFAOYSA-N
DB13785	12013610	PTVWPYVOOKLBCG-UHFFFAOYSA-N
DB13795	12013020	BFCRRLMMHNLSCP-UHFFFAOYSA-N
DB13801	22395227	RLWRMIYXDPXIEX-UHFFFAOYSA-N
DB13806	12014138	YEJCDKJIEMIWRQ-UHFFFAOYSA-N
DB13816	12012616	BHELIUBJHYAEDK-OAIUPTLZSA-N
DB13824	12013924	PTOJVMZPWPAXER-FPXSIRDUSA-N
DB13827	12015555	KUCWWEPJRBANHL-UHFFFAOYSA-N
DB13832	12013503	AHHFEZNOXOZZQA-ZEBDFXRSSA-N
DB13835	125299304	MSPRUJDUTKRMLM-UHFFFAOYSA-N
DB13837	12012674	VOJLELRQLPENHL-UHFFFAOYSA-N
DB13843	12015551	YTJIBEDMAQUYSZ-FDNPDPBUSA-N
DB13851	12014203	NLYNIRQVMRLPIQ-XQLAAWPRSA-N
DB13854	12014288	VZCCETWTMQHEPK-QNEBEIHSSA-N
DB13872	12013407	FJIKWRGCXUCUIG-UHFFFAOYSA-N
DB13876	12012915	WZXHSWVDAYOFPE-UHFFFAOYSA-N
DB13877	99431610	MDOJTZQKHMAPBK-UHFFFAOYSA-N
DB13909	12015396	JAONZGLTYYUPCT-UHFFFAOYSA-K
DB13910	12015354	YZDVVHSLIPLZLO-UHFFFAOYSA-K
DB13920	12015777	TVRCRTJYMVTEFS-ICGCPXGVSA-N
DB13927	136350056	RCQIIBJSUWYYFU-UHFFFAOYSA-N
DB13950	12014569	HQVHOQAKMCMIIM-HXUWFJFHSA-N
DB13972	125299323	FFEARJCKVFRZRR-UHFFFAOYSA-N
DB13978	12015946	FUZYTVDVLBBXDL-UHFFFAOYSA-N
DB13981	12012866	IIVBFTNIGYRNQY-YQLZSBIMSA-N
DB13991	12012875	AMEWZCMTSIONOX-UHFFFAOYSA-N
DB14025	12013958	QGPKADBNRMWEQR-UHFFFAOYSA-N
DB14035	12014479	MVDXXGIBARMXSA-PYUWXLGESA-N
DB14038	56310589	KZJWDPNRJALLNS-VJSFXXLFSA-N
DB14054	56310577	JXSVIVRDWWRQRT-UYDOISQJSA-N
DB14055	22395179	PJVWKTKQMONHTI-HNNXBMFYSA-N
DB14060	12014389	KTDZCOWXCWUPEO-UHFFFAOYSA-N
DB14065	12014031	JQSAYKKFZOSZGJ-UHFFFAOYSA-N
DB14066	12013069	WVTKBKWTSCPRNU-KYJUHHDHSA-N
DB14068	12014316	SVJMLYUFVDMUHP-MGBGTMOVSA-N
DB14080	12013391	CDIFCTOKYOUYOT-SCGRZTRASA-L
DB14086	12013810	PFTAWBLQPZVEMU-DZGCQCFKSA-N
DB14086	12015669	PFTAWBLQPZVEMU-DZGCQCFKSA-N
DB14093	12012605	MUMGGOZAMZWBJJ-JQSYSRDDSA-N
DB14106	12014155	WJRFSUVOHUMYAO-UHFFFAOYSA-N
DB14110	22395586	PUPZLCDOIYMWBV-UHFFFAOYSA-N
DB14126	12014981	SGOIRFVFHAKUTI-ZCFIWIBFSA-N
DB14183	56310602	GLZPCOQZEFWAFX-JXMROGBWSA-N
DB14184	12015677	KJPRLNWUNMBNBZ-QPJJXVBHSA-N
DB14476	87550942	GVJHHUAWPYXKBD-UHFFFAOYSA-N
DB14479	12013391	KNVKDNCWDNRTOE-SCGRZTRASA-L
DB14482	22395201	PPASLZSBLFJQEF-RXSVEWSESA-M
DB14483	22395201	BLORRZQTHNGFTI-ZZMNMWMASA-L
DB14484	22395201	AIOKQVJVNPDJKA-ZZMNMWMASA-L
DB14485	22395201	WWRJFSIRMWUMAE-ZZMNMWMASA-L
DB14486	12013393	JMORAWFVNMGOKQ-MGMRMFRLSA-N
DB14486	22395201	JMORAWFVNMGOKQ-MGMRMFRLSA-N
DB14490	22395201	RFBYLSCVRUTUSB-ZZMNMWMASA-L
DB14509	24714729	XGZVUEUWXADBQD-UHFFFAOYSA-L
DB14515	12014361	VCCUEOJOYXPBRA-UHFFFAOYSA-L
DB14529	87550957	MSPQQAUTCRWLGR-UHFFFAOYSA-K
DB14538	12013709	MFBMYAOAMQLLPK-FZNHGJLXSA-N
DB14583	12015318	CKFBRGLGTWAVLG-GOMYTPFNSA-N
DB14596	12014581	DMKSVUSAATWOCU-HROMYWEYSA-N
DB14643	12013467	DALKLAYLIPSCQL-YPYQNWSCSA-N
DB14680	12015014	HVXBOLULGPECHP-WAYWQWQTSA-N
DB14719	22395428	AIZFEOPQVZBNGH-UHFFFAOYSA-N
DB14725	22395563	RRJHESVQVSRQEX-SUYBPPKGSA-N
DB14726	12015494	YBSJFWOBGCMAKL-UHFFFAOYSA-N
DB14733	12015249	HFTSMHTWUFCYMJ-YIOMYIDASA-N
DB14815	12015749	PWAOOJDMFUQOKB-WCZZMFLVSA-N
DB14830	12015675	HIIJZYSUEJYLMX-JZRMKITLSA-N
DB14872	12014416	UQRORFVVSGFNRO-XFWSIPNHSA-N
DB14872	87550985	UQRORFVVSGFNRO-XFWSIPNHSA-N
DB14887	99431668	GEVVQZHMFVFGLN-HDJSIYSDSA-N
DB14904	123055426	VIUAUNHCRHHYNE-JTQLQIEISA-N
DB14913	12012917	GBBJCSTXCAQSSJ-MSYRQUNGSA-N
DB14913	12014935	GBBJCSTXCAQSSJ-MSYRQUNGSA-N
DB14923	24714757	QKXJWFOKVQWEDZ-VCCCEUOBSA-N
DB14930	12014132	UXCAQJAQSWSNPQ-ZIVQXEJRSA-N
DB14930	22395458	UXCAQJAQSWSNPQ-ZIVQXEJRSA-N
DB14938	12014166	ALIVXCSEERJYHU-UHFFFAOYSA-N
DB15012	57304383	XFVRBYKKGGDPAJ-UHFFFAOYSA-N
DB15040	123055459	IXMIZHVJXGKPJI-HMFHYXQTSA-N
DB15108	12015070	SUJUHGSWHZTSEU-MWQIXQBFSA-N
DB15122	12014864	NSMXQKNUPPXBRG-WHPHVCHMSA-N
DB15130	12014026	FASDKYOPVNHBLU-SSDOTTSWSA-N
DB15136	12015932	HELXLJCILKEWJH-NCGAPWICSA-N
DB15137	123055393	LGGPZDRLTDGYSQ-JADSYQMUSA-N
DB15141	125299328	PURKAOJPTOLRMP-ASMGOKTBSA-N
DB15197	26683808	MTPVBMVUENFFLL-HXUWFJFHSA-N
DB15284	12014310	FLSUCZWOEMTFAQ-PRBGKLEPSA-N
DB15293	12012832	CHNUOJQWGUIOLD-NFZZJPOKSA-N
DB15317	12014843	PBHFNBQPZCRWQP-AZUAARDMSA-N
DB15334	49684192	WUADCCWRTIWANL-UHFFFAOYSA-N
DB15335	49684258	HKQYGTCOTHHOMP-UHFFFAOYSA-N
DB15357	12014795	JOLJIIDDOBNFHW-UHFFFAOYSA-N
DB15359	85197640	ORXQGKIUCDPEAJ-YRNVUSSQSA-N
DB15360	22395327	YDSDEBIZUNNPOB-JVVVGQRLSA-N
DB15399	123055432	LQVXSNNAFNGRAH-QHCPKHFHSA-N
DB15410	12013442	JWHAUXFOSRPERK-SFHVURJKSA-N
DB15414	12015507	MLDQJTXFUGDVEO-FIBGUPNXSA-N
DB15427	12013388	IPVFGAYTKQKGBM-BYPJNBLXSA-N
DB15466	12014352	ARKYUICTMUZVEW-UHFFFAOYSA-N
DB15489	22395801	ANUCDXCTICZJRH-UHFFFAOYSA-N
DB15492	12012911	AADCDMQTJNYOSS-LBPRGKRZSA-N
DB15550	26683783	GWNHAOBXDGOXRR-HJFSHJIFSA-N
DB15578	50086895	DUXZAXCGJSBGDW-HXUWFJFHSA-N
DB15580	22395363	OWEGWHBOCFMBLP-UHFFFAOYSA-N
DB15581	56310592	RTIXKCRFFJGDFG-UHFFFAOYSA-N
DB15582	12013773	AUJXLBOHYWTPFV-VITLIGDRSA-N
DB15584	12015086	IQPNAANSBPBGFQ-UHFFFAOYSA-N
DB15586	85197632	ZRWPUFFVAOMMNM-UHFFFAOYSA-N
DB15588	12015328	WCGUUGGRBIKTOS-GPOJBZKASA-N
DB15589	56310614	OJYLAHXKWMRDGS-UHFFFAOYSA-N
